UserId,AttractionId,Rating
14,640,4.0
14,748,5.0
16,481,5.0
16,640,4.25
16,748,5.0
16,824,5.0
16,841,5.0
20,841,4.0
23,748,5.0
25,888,5.0
26,748,5.0
27,640,4.0
28,749,5.0
29,640,5.0
32,640,4.0
33,640,4.0
34,640,4.0
37,749,4.0
39,650,4.0
42,841,4.0
48,749,3.0
51,640,5.0
52,640,3.0
54,737,3.0
56,640,1.0
57,748,3.0
59,369,3.0
59,640,5.0
60,748,5.0
61,640,5.0
61,650,5.0
65,640,5.0
67,748,5.0
67,749,3.0
70,640,5.0
72,748,5.0
79,749,3.0
83,481,5.0
85,640,5.0
85,673,5.0
90,369,5.0
90,650,5.0
90,748,5.0
92,640,5.0
92,749,5.0
94,650,5.0
97,640,5.0
98,369,3.0
102,650,3.0
103,369,5.0
103,640,4.0
103,841,5.0
112,650,5.0
113,640,4.0
116,748,2.0
117,640,4.0
118,640,5.0
119,841,5.0
122,640,5.0
125,650,4.0
125,748,4.0
129,640,4.0
129,748,5.0
131,749,4.0
133,748,5.0
137,640,5.0
137,1297,3.0
139,650,5.0
142,737,4.0
147,640,3.0
147,737,4.0
147,824,4.0
149,369,3.0
152,841,5.0
153,640,3.0
154,841,5.0
155,369,2.0
156,748,4.0
157,481,5.0
158,841,5.0
160,748,3.0
162,841,5.0
166,673,3.0
170,824,2.0
176,481,4.0
177,737,5.0
180,748,5.0
182,737,4.0
183,481,5.0
183,640,4.0
183,748,5.0
184,640,5.0
185,947,1.0
187,737,4.0
189,640,3.0
190,640,5.0
191,841,5.0
192,640,4.0
192,749,3.0
194,650,4.0
194,824,5.0
194,841,3.6666666666666665
196,737,3.0
196,824,3.0
199,640,4.0
200,824,5.0
208,841,5.0
213,748,5.0
218,640,5.0
228,737,5.0
228,748,4.0
228,749,4.0
230,650,4.0
230,673,3.0
230,841,5.0
231,640,5.0
231,748,5.0
234,650,5.0
239,640,5.0
240,748,4.0
240,841,5.0
242,650,4.0
247,369,3.0
247,748,1.0
249,737,5.0
249,748,4.0
249,749,3.0
255,841,4.0
256,841,5.0
266,369,2.0
266,640,4.0
266,748,4.5
266,749,4.0
266,841,4.0
267,748,5.0
268,841,4.0
269,640,4.0
269,841,5.0
271,640,3.0
272,640,5.0
274,640,5.0
274,748,5.0
276,737,5.0
276,824,5.0
277,748,5.0
279,841,5.0
286,737,4.0
286,1297,4.0
288,640,4.0
296,640,4.0
302,369,3.0
303,673,4.0
315,640,4.0
316,650,1.0
317,481,4.0
317,640,4.0
319,640,5.0
320,640,4.0
320,650,5.0
327,640,3.0
328,640,5.0
336,673,3.0
337,841,5.0
339,369,3.0
339,640,4.0
339,673,5.0
339,749,3.0
340,640,4.0
341,481,4.0
341,737,5.0
346,673,5.0
348,841,5.0
349,640,5.0
351,640,4.0
356,841,5.0
359,841,5.0
361,640,5.0
361,749,5.0
365,748,2.0
369,673,4.0
378,673,4.0
378,841,5.0
382,640,4.0
382,650,5.0
382,737,4.0
382,824,5.0
386,640,4.0
386,650,5.0
386,748,3.0
388,481,5.0
390,748,5.0
393,737,4.0
396,748,3.0
397,673,4.0
397,749,4.0
399,640,4.0
399,650,4.0
399,748,5.0
399,749,3.0
404,640,4.0
404,841,5.0
408,369,5.0
408,640,5.0
408,650,5.0
408,748,5.0
408,749,4.0
410,640,5.0
418,824,4.0
419,369,5.0
419,841,5.0
421,640,5.0
422,650,5.0
425,640,3.0
425,748,1.0
426,650,2.0
430,640,4.0
430,737,5.0
430,748,5.0
430,749,5.0
432,748,5.0
432,749,4.0
433,737,4.0
435,748,4.0
442,737,4.0
444,640,5.0
444,748,5.0
445,841,4.0
446,737,5.0
446,824,5.0
447,737,4.0
455,640,4.0
456,650,5.0
459,481,4.0
459,640,5.0
459,650,4.0
462,841,4.5
464,640,5.0
470,841,5.0
476,749,2.0
478,640,5.0
480,640,2.5
480,737,4.0
480,748,3.0
480,824,4.0
484,841,5.0
485,841,5.0
488,640,5.0
490,888,5.0
494,749,5.0
501,369,5.0
501,841,5.0
503,841,4.0
511,481,5.0
512,640,2.0
515,640,5.0
516,824,5.0
517,888,5.0
518,369,4.0
521,673,2.0
525,640,5.0
527,481,3.0
527,673,4.0
528,640,4.0
528,841,5.0
542,1280,3.0
545,841,5.0
550,640,4.0
554,640,4.0
554,824,5.0
565,824,4.0
568,640,3.5
568,650,5.0
568,673,3.0
568,749,3.0
568,824,5.0
568,841,4.0
571,748,5.0
572,640,4.0
574,369,4.0
577,640,3.0
577,748,4.0
580,640,5.0
581,841,5.0
583,640,5.0
583,748,4.0
584,650,4.0
585,640,5.0
585,824,5.0
585,841,5.0
590,824,5.0
594,640,5.0
595,650,3.0
597,640,5.0
597,824,5.0
603,640,3.0
620,369,2.0
621,748,5.0
621,841,4.0
625,369,1.0
627,481,5.0
627,737,5.0
627,824,5.0
630,650,5.0
633,640,4.0
633,841,4.0
636,640,5.0
637,748,5.0
638,650,4.0
638,737,4.0
640,841,5.0
646,640,4.0
648,673,3.0
649,841,5.0
652,748,4.0
655,737,4.0
655,824,5.0
655,841,4.0
656,640,4.5
656,650,3.0
656,841,4.0
657,369,3.0
657,650,5.0
657,824,5.0
659,888,5.0
664,640,4.0
664,748,4.0
667,640,4.5
667,824,1.0
667,841,5.0
669,640,5.0
678,824,3.0
679,737,5.0
683,1278,5.0
688,369,2.0
689,748,4.0
689,824,4.0
689,1137,2.0
690,481,4.0
691,841,5.0
694,737,5.0
694,824,5.0
694,841,4.0
697,748,4.0
697,824,4.0
698,737,5.0
706,640,4.0
706,650,4.0
708,640,4.0
708,824,5.0
716,369,5.0
716,841,5.0
718,824,4.0
718,1278,5.0
720,841,5.0
724,748,5.0
726,650,5.0
727,640,5.0
727,749,3.0
727,841,4.0
728,640,4.0
733,369,4.0
733,640,4.0
733,824,5.0
733,841,4.0
736,369,5.0
736,841,4.0
739,737,4.0
740,640,5.0
740,748,5.0
740,841,5.0
741,737,5.0
741,748,4.0
741,749,5.0
742,640,5.0
742,749,1.0
743,650,3.0
745,640,4.0
746,481,4.0
747,673,3.0
748,640,4.0
750,737,5.0
752,640,3.0
753,841,5.0
759,749,1.0
761,481,5.0
761,640,4.0
761,737,4.0
761,748,5.0
761,824,5.0
761,1171,4.0
762,748,4.0
766,650,3.0
766,737,5.0
767,640,5.0
767,748,5.0
767,824,5.0
768,824,3.0
770,640,5.0
773,748,5.0
775,737,1.0
776,640,4.0
778,824,4.0
780,481,5.0
780,640,4.0
780,650,5.0
780,841,5.0
781,640,4.0
781,841,5.0
782,841,5.0
793,640,4.0
793,748,5.0
799,841,5.0
800,640,4.0
804,841,4.0
807,369,5.0
807,640,3.0
807,748,5.0
807,841,5.0
810,640,5.0
810,749,4.0
812,888,5.0
817,824,5.0
823,640,3.0
823,748,4.0
824,650,3.0
830,640,5.0
835,640,5.0
835,748,3.0
839,748,5.0
841,841,5.0
842,640,4.0
842,673,3.0
842,748,4.0
843,640,5.0
844,369,5.0
845,640,4.5
845,673,4.0
845,749,1.0
845,824,4.0
849,1171,3.0
850,650,4.0
851,640,3.0
857,737,3.0
858,481,5.0
858,749,5.0
864,673,1.0
865,481,3.0
868,841,2.0
870,748,1.0
873,369,5.0
873,841,5.0
874,481,5.0
877,640,3.0
878,673,4.0
878,841,3.0
880,640,5.0
880,749,3.0
882,673,3.0
885,640,4.0
885,1166,3.5
886,369,5.0
886,737,1.0
888,748,5.0
891,640,1.0
891,673,5.0
891,748,3.0
894,737,5.0
894,824,4.0
894,841,5.0
898,673,5.0
905,841,5.0
907,640,4.0
908,824,5.0
908,841,5.0
918,640,5.0
918,749,3.0
918,841,5.0
919,1171,1.0
920,673,5.0
922,737,5.0
927,737,5.0
927,841,5.0
930,640,5.0
933,369,4.0
940,748,4.0
941,369,3.5
942,673,3.0
945,640,4.0
950,824,5.0
954,640,2.0
956,640,3.5
956,748,5.0
956,824,3.0
960,650,5.0
961,748,5.0
962,640,5.0
966,640,5.0
966,737,4.0
966,748,5.0
970,369,3.0
974,748,4.0
978,650,5.0
978,841,5.0
979,640,4.0
979,748,4.0
979,749,2.0
980,640,5.0
981,640,5.0
981,748,3.0
989,737,4.0
989,841,5.0
990,841,5.0
993,640,3.0
993,749,1.0
993,824,3.0
995,737,5.0
999,640,5.0
1000,650,4.0
1002,369,1.0
1009,369,4.0
1009,737,4.0
1009,824,5.0
1009,1220,4.0
1011,737,4.0
1018,369,2.0
1018,824,3.0
1030,640,5.0
1030,841,5.0
1033,841,5.0
1035,481,3.0
1037,650,3.0
1041,640,5.0
1041,841,4.0
1044,640,5.0
1048,650,5.0
1048,748,5.0
1059,640,4.0
1060,737,4.0
1061,748,4.0
1061,749,4.0
1062,640,4.0
1062,1297,4.0
1064,640,5.0
1065,640,4.0
1068,640,5.0
1068,673,4.0
1068,824,5.0
1074,640,3.0
1074,748,4.0
1079,673,5.0
1083,673,5.0
1083,737,4.0
1083,841,5.0
1086,640,5.0
1086,748,5.0
1088,369,4.0
1088,640,4.0
1088,673,3.5
1088,737,4.0
1088,748,3.0
1088,749,4.0
1088,824,5.0
1088,841,5.0
1089,640,5.0
1094,737,4.0
1095,640,3.0
1097,650,5.0
1099,640,3.0
1101,481,5.0
1102,748,5.0
1103,640,5.0
1103,673,4.0
1103,748,5.0
1105,640,5.0
1107,737,4.0
1114,748,3.0
1114,1297,3.6666666666666665
1115,748,5.0
1116,841,5.0
1117,369,5.0
1119,737,5.0
1122,640,4.0
1122,650,4.0
1124,673,4.0
1127,737,2.0
1132,481,5.0
1132,673,5.0
1137,673,5.0
1148,748,5.0
1150,640,5.0
1151,841,4.0
1152,369,3.0
1152,640,4.0
1152,737,5.0
1152,749,5.0
1157,640,4.0
1161,369,4.0
1163,369,1.0
1169,650,1.0
1170,650,5.0
1171,673,5.0
1171,748,5.0
1175,640,5.0
1180,737,5.0
1188,481,5.0
1190,640,5.0
1196,369,4.0
1202,369,3.0
1205,640,4.0
1205,748,1.0
1206,748,5.0
1208,640,5.0
1208,748,5.0
1210,748,4.0
1212,640,4.0
1212,673,1.0
1214,640,5.0
1214,748,4.0
1215,737,5.0
1215,748,4.0
1215,824,4.0
1216,369,3.3333333333333335
1216,841,4.0
1218,749,3.0
1219,640,5.0
1221,369,3.0
1222,481,5.0
1226,737,4.0
1226,824,4.0
1228,640,5.0
1228,673,5.0
1228,737,5.0
1228,748,5.0
1228,824,5.0
1231,640,5.0
1232,737,4.0
1237,841,5.0
1240,748,4.0
1244,640,5.0
1245,824,4.0
1249,640,4.0
1252,640,5.0
1252,673,4.0
1255,650,4.0
1257,841,4.0
1258,640,4.0
1265,640,3.0
1265,650,2.5
1269,481,5.0
1271,737,3.0
1274,640,1.0
1275,841,5.0
1278,640,5.0
1280,640,4.0
1280,749,5.0
1281,640,5.0
1283,640,5.0
1286,640,4.0
1287,369,2.0
1287,737,4.0
1288,640,5.0
1288,748,4.0
1291,640,5.0
1292,841,5.0
1293,481,4.0
1296,640,4.0
1299,640,5.0
1299,749,4.0
1301,640,3.0
1307,640,5.0
1307,748,5.0
1310,749,3.0
1316,1238,5.0
1318,841,3.0
1319,481,4.0
1320,748,5.0
1320,749,5.0
1328,369,2.0
1329,640,4.0
1331,841,5.0
1332,748,4.0
1333,640,4.0
1334,640,5.0
1335,673,4.0
1341,369,1.0
1342,640,5.0
1342,749,2.0
1342,841,5.0
1343,369,3.0
1345,841,4.0
1346,640,5.0
1356,640,5.0
1356,841,5.0
1358,369,2.0
1358,841,4.0
1359,748,4.0
1362,841,4.0
1364,369,3.0
1366,841,5.0
1367,640,4.0
1367,749,3.0
1368,640,5.0
1368,673,1.0
1373,673,4.0
1374,640,4.0
1374,673,2.0
1375,650,4.0
1377,640,4.0
1377,841,5.0
1384,673,4.0
1387,640,4.0
1391,841,5.0
1396,640,4.0
1398,640,4.0
1401,650,5.0
1403,640,5.0
1406,369,1.0
1407,640,5.0
1410,640,3.0
1416,640,5.0
1416,748,1.0
1416,749,3.0
1418,737,5.0
1420,841,5.0
1423,640,5.0
1428,640,4.0
1428,748,5.0
1433,673,3.0
1433,841,5.0
1436,888,3.0
1440,640,5.0
1441,640,5.0
1445,481,5.0
1446,841,5.0
1448,640,4.0
1448,841,5.0
1451,841,5.0
1452,737,3.0
1452,748,3.0
1452,824,3.0
1452,1166,3.5
1453,824,4.0
1456,640,3.0
1456,841,5.0
1459,640,4.0
1459,748,5.0
1459,749,5.0
1460,640,4.0
1471,824,4.0
1473,673,1.0
1474,640,5.0
1478,640,2.0
1478,824,3.0
1482,481,4.0
1482,737,3.0
1485,673,3.0
1486,640,5.0
1492,640,4.0
1493,640,3.0
1495,650,4.333333333333333
1497,481,5.0
1497,650,3.0
1497,749,4.0
1497,841,5.0
1501,841,5.0
1505,824,4.0
1508,369,4.0
1509,640,2.0
1509,748,3.0
1511,640,5.0
1511,748,5.0
1511,749,5.0
1511,824,5.0
1512,673,3.0
1521,640,5.0
1521,748,5.0
1524,841,4.0
1526,640,4.0
1529,369,4.0
1531,841,5.0
1533,640,5.0
1535,369,1.0
1536,640,4.0
1537,748,4.0
1537,841,4.0
1538,824,5.0
1539,640,4.0
1540,640,3.0
1540,748,2.0
1540,824,4.0
1545,640,5.0
1548,650,4.0
1555,640,5.0
1558,824,5.0
1561,369,5.0
1561,737,5.0
1564,640,5.0
1568,369,5.0
1568,824,4.0
1572,749,4.0
1573,640,5.0
1573,650,4.0
1573,673,4.0
1573,824,3.0
1578,737,3.0
1583,841,5.0
1586,650,4.0
1587,749,5.0
1588,640,5.0
1588,841,5.0
1589,640,1.0
1590,640,1.0
1594,841,5.0
1595,369,4.0
1595,824,4.0
1595,1297,3.0
1599,650,5.0
1608,749,3.0
1609,749,4.0
1609,824,5.0
1620,640,5.0
1620,748,3.0
1623,640,4.0
1625,369,3.0
1625,673,5.0
1625,824,4.0
1634,824,5.0
1636,888,4.0
1638,640,5.0
1638,673,5.0
1638,841,5.0
1639,841,5.0
1645,824,5.0
1646,640,4.0
1647,640,4.0
1649,640,4.0
1649,673,3.0
1649,748,5.0
1659,748,5.0
1661,841,3.0
1664,481,4.0
1665,481,5.0
1666,640,4.333333333333333
1666,737,5.0
1666,824,5.0
1667,673,3.0
1672,673,3.0
1676,369,4.0
1676,673,4.0
1676,737,4.5
1676,841,4.0
1678,640,5.0
1684,481,4.0
1684,640,4.0
1684,737,3.0
1689,481,5.0
1692,737,5.0
1697,640,4.0
1698,640,4.0
1698,737,5.0
1698,824,3.0
1700,640,5.0
1701,640,5.0
1701,749,5.0
1702,673,4.0
1707,640,4.0
1709,369,1.0
1709,640,1.0
1709,673,1.0
1709,748,5.0
1710,640,5.0
1711,369,3.0
1713,749,3.0
1715,841,4.0
1720,737,5.0
1720,749,1.0
1723,640,5.0
1724,369,4.0
1724,841,5.0
1725,841,4.0
1728,650,4.0
1729,640,4.5
1729,650,4.0
1729,673,3.0
1729,841,5.0
1737,640,5.0
1738,673,4.0
1747,640,5.0
1747,673,4.0
1748,640,4.0
1748,748,4.0
1748,824,1.0
1754,640,3.0
1754,748,1.0
1754,841,4.0
1755,369,4.0
1757,737,5.0
1757,748,5.0
1757,841,5.0
1760,640,5.0
1763,640,5.0
1766,748,4.0
1771,640,5.0
1780,673,4.0
1792,640,4.0
1798,737,4.0
1803,369,3.0
1810,640,5.0
1810,673,5.0
1810,748,4.0
1810,824,4.0
1813,640,1.0
1813,748,5.0
1817,369,3.0
1826,841,4.0
1827,481,5.0
1827,640,4.0
1827,748,4.0
1829,841,5.0
1830,748,5.0
1833,841,5.0
1835,481,5.0
1835,737,5.0
1839,737,4.0
1842,640,4.0
1844,737,5.0
1845,369,5.0
1845,640,5.0
1845,748,5.0
1845,841,5.0
1847,841,5.0
1850,369,3.0
1853,737,5.0
1867,640,4.0
1869,748,5.0
1871,640,5.0
1873,640,4.0
1873,748,5.0
1878,640,4.0
1878,748,4.0
1878,824,4.0
1879,640,4.0
1886,673,2.0
1888,640,5.0
1889,640,4.0
1891,640,5.0
1891,748,5.0
1891,824,5.0
1891,841,5.0
1896,369,5.0
1898,650,4.0
1900,640,5.0
1900,749,5.0
1900,824,2.0
1900,841,5.0
1905,841,5.0
1909,748,2.0
1914,640,4.0
1917,640,4.0
1920,640,5.0
1921,640,4.0
1928,841,5.0
1929,481,4.0
1932,748,5.0
1936,841,5.0
1940,841,5.0
1941,369,3.5
1941,481,3.0
1941,640,3.6666666666666665
1941,650,3.0
1941,737,3.0
1941,748,4.5
1941,841,4.833333333333333
1943,748,5.0
1945,640,4.0
1948,650,4.0
1948,673,5.0
1948,841,4.0
1952,640,5.0
1953,640,4.0
1953,748,5.0
1962,748,5.0
1963,841,4.0
1965,640,4.0
1968,650,4.0
1968,673,5.0
1972,369,5.0
1976,824,4.0
1986,640,3.0
1986,1238,4.0
1989,749,3.0
1989,841,5.0
1992,640,3.0
1992,650,2.0
1999,640,3.0
2002,650,3.0
2003,673,5.0
2003,737,4.0
2011,369,3.0
2011,650,5.0
2011,748,3.0
2012,824,5.0
2013,748,4.0
2014,481,5.0
2014,749,5.0
2016,369,5.0
2017,749,3.0
2022,640,4.0
2022,748,3.0
2024,650,4.0
2028,841,4.0
2029,650,5.0
2032,841,5.0
2033,640,4.0
2033,650,4.0
2035,481,4.0
2035,841,4.0
2039,640,4.0
2039,748,5.0
2039,749,4.0
2041,841,5.0
2046,640,5.0
2047,841,5.0
2049,640,5.0
2054,640,4.0
2054,673,5.0
2054,824,4.0
2055,640,5.0
2056,737,5.0
2056,748,4.0
2061,650,3.0
2061,748,4.0
2063,748,2.0
2066,640,5.0
2069,673,5.0
2071,640,4.0
2074,640,3.0
2082,369,4.0
2082,749,4.0
2086,650,3.0
2089,841,5.0
2094,640,5.0
2097,640,5.0
2097,749,4.0
2102,640,3.0
2105,640,5.0
2107,841,5.0
2108,640,4.5
2108,841,5.0
2110,650,5.0
2110,748,4.0
2113,824,1.0
2116,949,5.0
2118,369,4.0
2118,673,4.0
2119,748,4.0
2121,841,4.0
2125,640,4.0
2126,748,4.0
2129,748,5.0
2129,824,5.0
2130,841,5.0
2131,369,1.0
2131,650,4.0
2131,824,3.0
2138,650,3.0
2139,841,4.5
2149,640,4.0
2155,640,5.0
2155,737,5.0
2157,650,3.0
2158,650,3.0
2159,841,4.0
2163,640,5.0
2163,748,4.0
2163,824,4.0
2171,369,5.0
2179,673,5.0
2184,640,5.0
2197,737,5.0
2197,824,4.0
2198,640,2.0
2199,673,5.0
2206,640,4.0
2210,748,5.0
2212,369,5.0
2218,737,2.0
2218,841,5.0
2221,1171,2.6
2223,481,4.0
2227,748,4.0
2228,640,5.0
2228,673,5.0
2228,737,4.0
2236,824,5.0
2237,640,4.0
2240,640,5.0
2240,650,5.0
2243,673,5.0
2250,673,4.0
2251,640,5.0
2252,841,5.0
2253,737,4.0
2256,640,5.0
2256,650,5.0
2256,841,5.0
2259,640,4.0
2259,650,4.0
2259,748,5.0
2263,640,4.0
2263,748,4.0
2264,640,5.0
2267,640,5.0
2267,737,5.0
2268,650,5.0
2273,650,4.0
2277,640,4.0
2277,749,3.0
2277,841,5.0
2279,749,3.0
2281,640,5.0
2281,737,4.0
2283,748,5.0
2289,650,4.0
2294,673,4.0
2298,737,5.0
2298,749,5.0
2303,369,3.0
2303,640,4.0
2304,673,2.0
2304,737,5.0
2304,748,5.0
2307,640,4.0
2307,650,4.0
2308,748,5.0
2309,369,5.0
2317,640,5.0
2317,673,5.0
2318,640,5.0
2322,640,4.0
2324,369,4.0
2324,481,5.0
2324,640,4.0
2324,748,4.0
2326,824,5.0
2331,481,4.0
2336,369,3.0
2336,841,5.0
2338,824,5.0
2339,841,4.0
2347,841,5.0
2356,640,3.0
2356,737,4.0
2357,841,4.0
2358,737,5.0
2373,841,5.0
2374,748,5.0
2377,650,4.0
2379,841,5.0
2382,737,4.0
2384,640,5.0
2387,650,5.0
2389,640,5.0
2389,748,5.0
2390,640,5.0
2393,841,5.0
2395,481,5.0
2401,640,5.0
2405,748,5.0
2406,748,4.0
2414,749,3.0
2418,673,3.0
2422,640,4.0
2422,748,4.0
2422,841,5.0
2424,640,3.0
2425,650,5.0
2435,737,5.0
2436,824,5.0
2438,369,3.0
2438,481,5.0
2438,640,3.0
2438,673,3.0
2438,737,4.0
2438,748,3.0
2448,640,4.5
2448,841,5.0
2449,640,4.0
2449,748,5.0
2463,369,5.0
2476,749,4.0
2478,749,5.0
2480,640,4.0
2480,737,2.0
2481,673,3.0
2482,640,4.0
2485,737,5.0
2487,481,3.0
2487,841,5.0
2489,737,5.0
2491,841,4.0
2493,824,4.0
2494,640,4.166666666666667
2494,650,3.0
2494,748,3.0
2494,749,2.0
2498,640,5.0
2500,640,5.0
2500,737,5.0
2500,748,3.0
2503,640,4.5
2507,481,5.0
2510,748,5.0
2510,1297,5.0
2511,640,2.5
2511,650,5.0
2511,673,4.0
2512,640,4.0
2517,841,3.0
2517,1297,3.0
2518,824,5.0
2519,640,4.0
2519,749,4.0
2526,640,4.0
2526,748,3.0
2526,749,5.0
2532,748,4.0
2535,640,4.0
2538,748,1.0
2542,673,4.0
2542,841,5.0
2543,481,4.0
2547,640,5.0
2547,748,3.0
2552,640,1.0
2553,824,5.0
2565,824,5.0
2569,640,4.0
2570,640,1.0
2573,369,2.0
2579,640,5.0
2579,748,4.0
2580,369,4.0
2584,1238,4.0
2585,748,5.0
2586,888,5.0
2589,841,5.0
2595,640,5.0
2595,748,5.0
2598,650,3.0
2598,737,4.0
2603,748,5.0
2604,640,4.0
2607,650,4.0
2609,640,5.0
2613,640,5.0
2615,841,5.0
2616,640,5.0
2618,841,4.0
2621,748,5.0
2623,640,3.0
2624,824,5.0
2626,640,4.0
2634,481,3.0
2634,640,5.0
2634,748,4.0
2636,650,5.0
2637,673,2.0
2639,824,5.0
2642,640,5.0
2642,1297,3.0
2644,673,5.0
2646,640,5.0
2646,748,5.0
2648,920,5.0
2650,748,5.0
2658,640,5.0
2666,369,3.0
2666,748,5.0
2666,824,4.0
2667,748,4.0
2674,640,5.0
2674,749,3.0
2675,841,5.0
2677,640,3.0
2677,749,4.5
2678,640,4.0
2685,369,3.0
2688,650,4.0
2688,748,5.0
2689,824,5.0
2691,640,5.0
2692,650,4.0
2694,481,4.0
2698,640,5.0
2698,748,2.0
2699,369,4.0
2699,737,4.0
2699,824,4.0
2700,640,4.0
2700,841,5.0
2705,369,5.0
2705,841,5.0
2707,369,4.0
2713,640,5.0
2718,673,5.0
2721,640,5.0
2722,640,5.0
2723,841,5.0
2725,737,5.0
2726,481,5.0
2733,841,4.0
2734,640,5.0
2741,640,4.0
2745,737,4.0
2745,748,4.0
2745,824,5.0
2749,369,1.0
2749,640,4.0
2749,824,5.0
2751,650,5.0
2753,841,5.0
2756,640,3.0
2761,640,4.0
2764,1297,2.0
2776,841,5.0
2779,673,5.0
2784,369,4.0
2784,841,5.0
2787,673,5.0
2790,673,4.0
2794,824,5.0
2797,673,4.0
2800,841,5.0
2808,640,5.0
2808,748,4.0
2808,841,5.0
2815,640,4.0
2815,749,4.0
2817,841,5.0
2823,640,4.0
2823,748,3.0
2829,640,4.0
2831,673,5.0
2833,650,5.0
2834,640,5.0
2834,841,5.0
2846,369,3.0
2846,640,5.0
2854,737,4.0
2854,824,4.0
2854,841,5.0
2856,640,5.0
2856,749,5.0
2858,824,4.0
2859,640,4.0
2859,824,2.0
2868,640,3.5
2868,737,4.333333333333333
2868,748,5.0
2868,749,4.0
2868,824,4.0
2870,640,4.0
2872,369,2.0
2872,640,5.0
2872,737,5.0
2872,824,5.0
2876,640,4.0
2878,748,5.0
2881,481,3.0
2881,640,2.0
2893,640,5.0
2896,640,4.0
2896,673,4.0
2897,673,3.0
2897,841,5.0
2903,737,5.0
2907,369,2.0
2907,640,5.0
2909,640,5.0
2909,673,1.0
2923,841,4.0
2928,640,4.0
2928,748,4.0
2928,749,3.0
2929,640,5.0
2930,650,4.0
2931,640,5.0
2933,824,4.0
2937,640,3.0
2937,748,3.0
2938,888,5.0
2939,650,4.0
2940,640,3.0
2949,640,4.0
2949,748,3.0
2957,640,5.0
2957,650,5.0
2958,673,5.0
2960,369,3.5
2960,481,5.0
2960,737,5.0
2962,824,5.0
2964,841,5.0
2966,640,5.0
2967,640,4.0
2970,369,5.0
2970,841,5.0
2973,1166,3.6
2975,640,4.0
2976,650,5.0
2979,640,5.0
2984,640,5.0
2984,841,5.0
2985,673,5.0
2988,737,4.0
2990,640,5.0
2993,481,4.0
2996,640,5.0
2997,737,5.0
2998,369,4.0
2998,640,5.0
2998,841,5.0
2999,640,4.0
2999,749,4.0
3000,640,5.0
3003,481,3.0
3004,841,3.0
3010,748,4.0
3010,841,5.0
3011,650,4.0
3011,841,5.0
3012,841,5.0
3018,841,5.0
3020,748,4.0
3025,640,5.0
3027,748,1.0
3033,824,5.0
3034,841,5.0
3035,481,1.0
3035,640,4.0
3035,650,4.0
3035,673,3.0
3035,748,4.0
3038,640,4.0
3040,824,1.0
3042,640,4.0
3043,841,4.0
3048,673,1.0
3049,748,3.0
3049,824,4.0
3056,640,4.0
3061,748,5.0
3062,673,5.0
3062,824,2.0
3064,748,3.0
3067,640,5.0
3070,824,4.0
3071,749,4.0
3074,481,5.0
3077,841,5.0
3080,640,4.0
3080,841,4.0
3082,841,5.0
3088,640,5.0
3088,749,4.0
3089,841,5.0
3093,640,4.0
3100,749,4.0
3101,841,3.0
3106,841,5.0
3107,650,5.0
3108,824,5.0
3108,888,5.0
3108,1166,3.0
3111,369,5.0
3111,650,5.0
3111,748,4.0
3117,650,4.0
3127,673,4.0
3134,888,4.0
3136,841,5.0
3142,640,5.0
3143,737,1.0
3146,640,5.0
3146,748,3.0
3147,369,4.0
3148,673,3.0
3150,640,3.0
3150,748,4.0
3150,749,4.0
3158,481,5.0
3159,481,4.0
3161,841,5.0
3163,841,5.0
3164,888,5.0
3165,369,1.0
3165,1225,3.0
3170,640,5.0
3174,369,4.0
3181,673,5.0
3182,841,5.0
3183,369,3.0
3185,748,4.0
3190,640,4.0
3190,650,2.0
3190,748,4.0
3191,640,2.5
3191,737,3.0
3191,748,4.0
3191,824,4.0
3191,841,5.0
3198,841,5.0
3199,748,3.0
3200,481,5.0
3200,640,5.0
3200,737,5.0
3200,748,5.0
3200,749,5.0
3200,824,5.0
3202,640,4.0
3205,640,4.5
3208,824,5.0
3218,640,3.0
3218,1297,3.0
3219,841,5.0
3222,369,4.0
3222,640,3.0
3222,673,4.0
3222,748,5.0
3222,841,5.0
3235,650,5.0
3236,748,3.0
3237,640,5.0
3237,650,4.0
3238,640,4.0
3238,748,4.0
3247,640,4.0
3249,369,5.0
3249,841,5.0
3251,481,5.0
3252,673,4.0
3254,650,2.0
3254,749,3.0
3255,841,4.0
3259,369,2.0
3260,640,4.0
3260,841,5.0
3265,841,5.0
3270,650,4.0
3272,673,4.0
3275,841,3.0
3282,650,4.0
3282,737,5.0
3283,481,5.0
3296,841,5.0
3304,748,5.0
3304,841,4.0
3307,640,5.0
3310,640,4.5
3315,640,4.0
3319,369,5.0
3320,640,5.0
3322,640,4.0
3326,369,1.0
3326,841,3.0
3327,748,4.0
3328,369,4.0
3328,481,5.0
3328,650,5.0
3329,640,5.0
3329,841,5.0
3332,748,2.0
3334,369,3.0
3339,640,4.0
3339,650,4.0
3339,673,4.0
3339,748,4.0
3339,824,5.0
3339,841,4.0
3341,640,4.0
3342,369,3.0
3342,1297,5.0
3345,650,3.0
3348,841,4.0
3353,640,5.0
3353,749,5.0
3358,737,3.0
3361,841,5.0
3362,824,5.0
3363,748,4.0
3367,481,4.0
3367,748,4.0
3368,824,5.0
3369,481,5.0
3373,737,4.0
3374,640,3.0
3376,841,5.0
3378,748,5.0
3384,673,3.0
3386,640,4.0
3386,673,3.0
3386,737,4.0
3387,1278,4.285714285714286
3388,841,5.0
3390,841,5.0
3401,1171,5.0
3402,369,5.0
3402,640,5.0
3402,737,4.0
3402,748,5.0
3402,824,4.0
3403,673,4.0
3409,841,5.0
3413,824,3.0
3414,748,5.0
3415,737,4.0
3415,841,5.0
3416,824,5.0
3418,640,2.0
3420,673,5.0
3423,650,2.0
3425,369,1.0
3430,369,4.0
3431,640,5.0
3431,841,4.0
3432,481,4.0
3432,673,3.0
3441,640,5.0
3445,650,5.0
3447,841,4.0
3448,650,5.0
3450,640,5.0
3455,640,4.0
3455,748,5.0
3456,640,4.0
3456,650,4.0
3456,673,3.0
3457,650,4.0
3458,841,5.0
3460,824,2.0
3461,650,4.0
3461,841,4.0
3464,673,5.0
3465,841,5.0
3466,640,5.0
3466,737,5.0
3466,749,3.0
3467,673,5.0
3468,640,5.0
3468,748,5.0
3473,640,4.0
3473,673,5.0
3473,748,5.0
3473,824,5.0
3479,640,5.0
3479,841,4.0
3487,640,5.0
3487,673,4.0
3487,737,3.0
3487,748,4.0
3487,749,4.0
3488,369,3.0
3491,841,5.0
3499,369,4.0
3499,737,4.0
3499,841,4.0
3510,748,4.0
3514,369,3.5
3514,673,5.0
3517,640,5.0
3517,841,5.0
3520,877,4.0
3521,650,4.0
3522,841,5.0
3531,640,4.0
3534,824,5.0
3541,673,4.0
3543,640,4.0
3545,640,5.0
3545,749,5.0
3547,1166,5.0
3552,640,4.75
3552,650,5.0
3552,737,4.0
3552,748,5.0
3552,841,5.0
3557,748,5.0
3559,481,4.0
3564,650,4.0
3566,369,4.0
3568,841,5.0
3570,673,4.0
3570,824,4.0
3577,640,5.0
3583,841,5.0
3585,640,4.0
3585,748,4.5
3585,749,4.0
3589,640,5.0
3589,748,5.0
3591,481,5.0
3592,673,2.0
3592,737,4.0
3594,640,2.0
3594,737,3.0
3596,749,5.0
3596,841,5.0
3598,748,5.0
3607,841,5.0
3608,841,5.0
3609,640,5.0
3614,481,4.0
3614,650,3.0
3615,841,4.0
3616,369,4.0
3617,640,4.0
3619,481,4.0
3619,737,4.0
3623,640,3.0
3627,640,4.0
3630,673,3.0
3632,369,5.0
3632,1238,4.333333333333333
3638,650,5.0
3643,640,4.0
3643,824,3.0
3643,841,4.0
3648,888,5.0
3653,841,4.0
3655,640,5.0
3658,650,4.0
3660,640,5.0
3663,640,5.0
3663,737,5.0
3663,749,5.0
3664,369,4.0
3666,748,5.0
3668,640,5.0
3669,737,4.0
3669,748,3.0
3669,841,5.0
3671,640,2.0
3671,673,3.0
3673,640,4.0
3673,841,5.0
3674,650,3.0
3675,650,5.0
3677,748,3.0
3679,640,5.0
3680,640,3.0
3680,749,5.0
3684,640,4.0
3685,640,5.0
3685,737,4.0
3685,749,3.0
3688,640,5.0
3692,640,5.0
3693,748,3.0
3693,1297,3.5
3695,369,4.0
3695,841,4.0
3697,640,3.0
3697,748,4.0
3698,640,3.0
3698,841,4.0
3699,737,5.0
3699,748,5.0
3702,841,5.0
3709,369,5.0
3711,841,4.0
3712,369,3.0
3718,640,5.0
3718,1220,4.0
3719,841,5.0
3721,640,5.0
3722,640,5.0
3722,748,5.0
3722,749,4.0
3725,640,1.0
3728,650,5.0
3732,650,5.0
3735,841,4.0
3736,913,4.0
3736,937,3.0
3741,640,4.0
3744,824,5.0
3745,640,3.0
3745,1280,3.25
3750,640,4.0
3750,749,3.0
3752,640,4.0
3754,841,4.5
3756,824,5.0
3758,640,4.0
3758,748,5.0
3759,481,5.0
3760,841,5.0
3763,841,5.0
3767,481,4.0
3768,888,5.0
3768,1297,2.0
3771,640,5.0
3773,640,5.0
3774,640,4.0
3774,737,4.0
3774,749,3.0
3775,748,5.0
3777,841,5.0
3783,369,4.0
3783,640,5.0
3785,650,3.0
3788,650,3.0
3793,673,2.0
3797,748,4.0
3797,749,4.0
3798,737,4.0
3802,369,1.0
3802,640,4.0
3802,650,4.0
3802,748,5.0
3803,888,5.0
3807,748,3.0
3811,737,1.0
3814,841,3.0
3815,737,4.0
3816,640,5.0
3820,369,2.0
3820,640,4.0
3821,824,4.0
3822,369,5.0
3826,640,2.0
3829,640,4.0
3832,640,4.0
3832,748,4.0
3832,749,4.0
3840,947,4.0
3850,369,3.0
3850,640,4.666666666666667
3850,650,5.0
3850,749,5.0
3853,369,2.0
3854,481,4.0
3856,369,3.0
3857,748,3.0
3864,841,5.0
3875,748,5.0
3877,640,5.0
3885,640,5.0
3890,640,5.0
3890,748,4.0
3891,841,5.0
3896,640,4.0
3897,650,5.0
3897,824,5.0
3898,748,5.0
3901,640,5.0
3907,640,3.0
3907,748,5.0
3908,841,5.0
3910,841,4.0
3912,481,4.0
3912,737,4.0
3912,824,4.0
3919,841,5.0
3922,824,3.0
3922,1220,4.0
3923,650,4.0
3924,369,2.0
3928,737,5.0
3928,748,5.0
3928,749,4.0
3936,640,5.0
3937,640,4.0
3937,749,4.0
3938,640,5.0
3942,841,5.0
3948,913,5.0
3949,841,4.0
3951,640,5.0
3954,640,4.0
3955,481,5.0
3957,737,4.0
3958,748,4.0
3961,481,4.0
3963,369,5.0
3963,640,4.0
3963,737,4.0
3965,841,5.0
3967,640,4.0
3968,640,5.0
3968,737,5.0
3973,673,2.0
3983,937,3.0
3984,640,5.0
3993,369,2.0
3993,673,3.0
3996,481,4.0
4003,369,5.0
4003,841,4.0
4015,640,4.0
4025,481,4.0
4025,640,4.0
4025,841,4.2
4033,841,4.0
4034,640,5.0
4034,650,5.0
4034,673,5.0
4034,737,5.0
4034,748,5.0
4034,824,5.0
4034,1166,4.25
4041,749,5.0
4043,640,4.0
4047,640,4.0
4047,748,4.0
4050,650,4.0
4051,369,4.0
4051,640,5.0
4051,748,5.0
4051,841,5.0
4053,673,3.0
4053,841,5.0
4054,640,4.5
4055,650,4.0
4059,841,5.0
4061,673,3.0
4061,748,4.0
4063,481,4.0
4063,748,4.0
4065,640,5.0
4065,737,5.0
4065,748,5.0
4068,650,3.6666666666666665
4071,650,1.0
4072,748,1.0
4081,640,3.0
4082,481,5.0
4084,824,5.0
4084,841,5.0
4086,824,3.0
4091,748,4.0
4095,841,5.0
4098,841,5.0
4099,369,3.0
4100,824,5.0
4103,481,3.0
4104,749,5.0
4105,369,5.0
4105,824,4.0
4105,841,5.0
4107,369,1.0
4107,640,3.0
4108,640,4.0
4110,481,2.0
4113,640,5.0
4113,748,4.0
4117,640,5.0
4117,748,2.0
4117,749,5.0
4118,640,5.0
4119,888,4.0
4119,897,3.0
4120,841,5.0
4123,640,5.0
4128,640,5.0
4134,640,5.0
4135,673,2.0
4143,640,5.0
4146,673,4.0
4147,640,4.0
4153,640,4.0
4153,737,3.0
4153,824,5.0
4159,640,1.0
4162,640,5.0
4167,640,4.0
4171,640,5.0
4171,673,5.0
4179,640,4.0
4180,897,2.0
4182,748,4.0
4189,640,5.0
4189,841,5.0
4191,640,4.0
4195,841,5.0
4196,640,5.0
4198,640,4.0
4198,888,5.0
4199,369,5.0
4199,640,3.0
4203,481,5.0
4204,841,5.0
4205,841,5.0
4206,841,4.5
4217,640,4.5
4217,748,3.0
4218,640,4.0
4222,650,3.0
4231,841,4.0
4235,824,3.0
4241,737,5.0
4241,748,5.0
4247,640,5.0
4254,369,5.0
4255,640,5.0
4258,640,5.0
4258,748,2.0
4259,640,4.0
4260,748,5.0
4260,841,5.0
4261,640,4.0
4262,640,5.0
4263,481,5.0
4273,640,2.0
4274,748,5.0
4274,749,5.0
4275,737,5.0
4275,824,5.0
4276,673,4.0
4277,640,4.0
4277,824,3.0
4278,369,4.0
4278,640,5.0
4282,640,5.0
4283,748,5.0
4283,841,5.0
4284,640,5.0
4284,748,5.0
4284,824,4.0
4295,748,5.0
4296,640,5.0
4296,841,4.0
4297,640,4.0
4299,640,4.0
4305,824,4.0
4307,841,4.0
4309,841,5.0
4311,650,5.0
4317,749,4.0
4318,650,3.0
4319,748,4.0
4322,640,5.0
4322,749,5.0
4323,748,4.0
4324,640,2.6666666666666665
4326,841,5.0
4331,481,4.0
4337,737,5.0
4339,640,5.0
4339,749,5.0
4339,824,5.0
4340,481,4.0
4344,841,5.0
4349,748,5.0
4350,640,3.0
4350,748,5.0
4350,824,4.0
4357,640,3.0
4357,650,3.0
4362,640,4.0
4366,640,5.0
4367,481,3.0
4368,640,3.0
4368,749,4.0
4371,640,4.5
4372,640,5.0
4373,640,5.0
4373,748,1.0
4373,841,1.0
4373,1171,5.0
4375,841,5.0
4376,640,4.0
4376,748,1.0
4376,749,5.0
4377,640,4.0
4377,737,5.0
4378,673,4.0
4382,748,5.0
4388,737,4.0
4390,369,3.0
4390,640,3.0
4390,650,4.0
4390,748,1.0
4390,841,4.5
4391,481,3.0
4397,640,5.0
4398,369,4.0
4398,481,3.0
4401,650,4.0
4410,640,5.0
4410,737,4.0
4410,841,5.0
4422,640,5.0
4423,841,5.0
4424,841,4.0
4426,640,5.0
4427,481,4.0
4428,640,4.0
4428,748,4.0
4430,748,5.0
4431,481,3.0
4436,640,4.0
4437,640,4.0
4440,650,5.0
4440,737,5.0
4440,841,4.0
4449,481,5.0
4453,640,5.0
4456,481,2.0
4459,640,5.0
4462,481,4.5
4462,640,5.0
4462,650,4.0
4462,737,4.0
4470,749,4.0
4472,749,5.0
4473,640,4.0
4473,673,1.0
4478,673,5.0
4479,1171,5.0
4480,841,5.0
4486,841,5.0
4491,640,4.0
4491,748,5.0
4491,749,3.0
4493,640,4.0
4494,673,4.0
4494,824,4.0
4495,640,5.0
4499,841,5.0
4500,650,3.0
4500,737,3.0
4506,673,4.0
4506,841,5.0
4507,650,4.0
4514,640,5.0
4516,640,3.0
4517,824,4.0
4517,841,5.0
4532,650,5.0
4533,640,4.0
4534,841,2.0
4535,640,3.0
4535,748,5.0
4539,640,5.0
4539,748,5.0
4546,369,3.0
4546,841,4.0
4547,841,5.0
4549,841,5.0
4551,748,2.0
4553,481,5.0
4553,737,5.0
4553,824,5.0
4554,369,1.0
4554,841,5.0
4555,841,4.0
4560,640,5.0
4561,640,5.0
4569,369,2.0
4570,824,5.0
4573,640,3.0
4576,369,5.0
4576,481,3.0
4576,841,5.0
4581,673,4.0
4583,748,2.0
4584,640,5.0
4585,737,4.0
4585,748,4.0
4593,640,4.0
4596,824,3.0
4597,369,4.0
4597,481,5.0
4597,841,5.0
4599,640,2.0
4602,749,4.0
4611,650,4.0
4612,640,3.0
4616,748,5.0
4627,369,2.0
4627,640,5.0
4627,748,1.0
4630,673,2.0
4632,841,5.0
4633,748,4.0
4634,640,3.0
4635,737,3.0
4635,748,5.0
4635,824,5.0
4635,841,4.0
4638,650,5.0
4640,640,5.0
4640,748,4.0
4641,673,5.0
4642,369,5.0
4642,748,4.0
4642,841,5.0
4643,640,4.0
4647,640,4.0
4650,673,4.0
4653,749,5.0
4657,841,5.0
4660,748,3.0
4660,1171,3.0
4661,640,4.0
4661,748,4.0
4661,841,3.0
4662,640,4.0
4669,481,5.0
4671,650,4.0
4671,1278,5.0
4677,369,5.0
4677,481,4.0
4678,640,4.0
4680,748,5.0
4680,749,5.0
4683,481,4.0
4688,640,5.0
4688,748,5.0
4689,481,5.0
4689,737,4.0
4689,841,5.0
4691,673,5.0
4692,640,5.0
4702,748,4.0
4702,749,1.0
4703,737,5.0
4703,841,5.0
4704,640,3.0
4714,748,4.0
4716,640,4.0
4716,824,2.0
4721,640,4.0
4723,640,3.0
4729,640,1.0
4729,673,4.0
4729,748,4.0
4729,841,5.0
4730,650,4.0
4731,640,4.0
4733,749,3.0
4737,841,5.0
4739,673,5.0
4740,841,5.0
4747,640,4.0
4747,824,3.0
4747,1171,4.0
4748,737,5.0
4750,650,2.0
4754,841,5.0
4755,640,5.0
4755,673,4.0
4755,748,5.0
4759,640,5.0
4762,640,4.0
4764,640,5.0
4764,1280,5.0
4766,640,5.0
4766,737,3.0
4768,673,5.0
4768,824,4.0
4772,640,4.0
4774,640,2.0
4774,737,5.0
4776,841,4.0
4778,841,4.0
4780,640,5.0
4780,748,2.0
4781,749,5.0
4783,481,5.0
4785,640,5.0
4786,1171,4.666666666666667
4787,841,5.0
4789,640,5.0
4789,748,5.0
4797,749,3.0
4797,824,5.0
4800,481,5.0
4801,737,2.0
4804,640,5.0
4804,673,5.0
4807,650,5.0
4809,640,5.0
4809,748,5.0
4812,369,1.0
4812,841,3.0
4813,749,2.0
4817,888,4.0
4817,1220,4.0
4819,640,4.0
4822,640,5.0
4822,824,4.0
4823,640,4.0
4825,841,5.0
4826,640,4.0
4835,640,3.0
4835,737,5.0
4839,748,4.0
4840,640,3.0
4844,369,4.0
4844,841,5.0
4846,369,4.0
4846,824,4.0
4848,673,4.0
4852,369,4.0
4852,749,4.0
4852,888,4.0
4852,947,5.0
4854,841,5.0
4856,937,3.0
4861,640,4.0
4861,737,4.0
4861,824,5.0
4866,640,3.0
4867,640,4.0
4867,824,4.0
4879,481,5.0
4879,673,4.0
4879,737,4.0
4879,841,5.0
4880,841,5.0
4885,640,4.0
4885,841,5.0
4886,640,5.0
4887,369,2.0
4892,650,3.0
4893,841,5.0
4895,640,4.0
4895,841,4.0
4896,841,4.0
4900,841,4.0
4902,737,4.0
4903,748,4.0
4903,841,4.5
4906,748,4.0
4906,824,4.0
4906,1137,5.0
4907,640,5.0
4909,640,5.0
4911,673,5.0
4913,640,5.0
4913,748,5.0
4913,749,5.0
4917,640,4.0
4917,749,3.0
4918,841,4.0
4921,824,4.0
4932,640,5.0
4933,640,3.0
4933,824,4.0
4935,640,5.0
4936,481,5.0
4941,481,4.0
4941,640,5.0
4942,650,3.0
4943,650,4.0
4946,640,5.0
4948,748,3.0
4949,841,3.0
4950,748,5.0
4953,748,5.0
4955,640,5.0
4957,640,4.0
4959,640,5.0
4960,748,3.0
4964,640,5.0
4964,748,4.0
4966,824,4.0
4968,1171,4.0
4969,640,5.0
4970,650,4.0
4977,640,4.0
4977,673,4.0
4977,748,4.0
4979,640,5.0
4979,650,4.0
4979,673,4.0
4979,737,3.0
4979,748,4.0
4981,369,4.0
4981,824,5.0
4982,737,4.0
4982,841,3.0
4984,481,3.0
4984,673,5.0
4984,841,5.0
4991,650,2.0
4994,369,1.0
4995,640,3.0
4996,369,5.0
4996,640,5.0
4996,748,5.0
4996,824,4.0
5001,481,4.0
5007,650,2.0
5007,748,5.0
5013,841,5.0
5014,640,4.0
5014,748,4.0
5014,824,5.0
5016,650,5.0
5016,748,5.0
5016,749,4.0
5016,937,4.0
5019,640,5.0
5019,737,4.0
5020,841,4.0
5021,640,4.0
5021,650,4.0
5021,748,5.0
5021,749,3.0
5022,640,5.0
5022,673,4.0
5030,737,4.0
5030,748,3.0
5030,824,4.0
5030,841,5.0
5038,640,5.0
5039,640,5.0
5040,737,4.0
5046,841,3.0
5049,369,4.0
5049,640,3.6666666666666665
5049,650,3.0
5049,673,1.0
5049,748,4.0
5049,824,5.0
5049,841,5.0
5052,369,2.0
5052,650,5.0
5052,748,2.0
5055,841,5.0
5056,640,4.0
5065,640,5.0
5065,737,5.0
5065,841,5.0
5067,673,4.0
5070,640,5.0
5071,824,5.0
5074,737,5.0
5074,841,5.0
5076,673,3.0
5078,369,4.0
5078,673,3.0
5078,737,5.0
5080,640,5.0
5080,650,4.0
5080,841,5.0
5081,737,5.0
5082,673,2.0
5085,640,4.0
5089,369,5.0
5091,369,4.0
5094,369,5.0
5096,841,5.0
5097,650,4.0
5101,369,1.0
5101,640,5.0
5111,481,5.0
5111,640,5.0
5111,749,5.0
5111,824,2.0
5112,640,5.0
5113,841,5.0
5121,748,4.0
5128,640,3.0
5133,640,5.0
5135,749,5.0
5137,841,5.0
5138,841,5.0
5140,369,2.0
5140,824,3.0
5143,748,5.0
5145,640,3.0
5147,481,3.0
5154,640,4.0
5155,481,5.0
5155,640,3.0
5155,650,4.0
5155,748,3.5
5155,749,4.0
5155,841,5.0
5158,640,1.0
5160,640,5.0
5161,481,5.0
5161,640,2.0
5161,748,3.0
5163,737,4.0
5163,824,5.0
5169,748,5.0
5169,749,5.0
5172,369,4.0
5172,737,4.0
5179,748,4.0
5183,673,2.0
5188,640,4.0
5189,640,3.0
5190,640,5.0
5205,640,4.0
5205,748,4.0
5207,640,5.0
5210,673,5.0
5211,640,5.0
5211,737,5.0
5213,640,5.0
5215,640,4.0
5222,841,4.0
5225,673,5.0
5232,737,5.0
5234,749,3.0
5236,640,5.0
5237,841,5.0
5246,640,4.0
5257,640,5.0
5260,650,4.0
5260,1171,3.0
5265,369,3.0
5265,640,4.5
5265,737,5.0
5267,640,3.0
5274,748,5.0
5275,640,5.0
5280,640,5.0
5284,640,4.0
5284,748,4.0
5288,640,5.0
5288,748,5.0
5290,650,5.0
5295,640,5.0
5300,640,3.5
5300,748,5.0
5304,640,5.0
5304,841,5.0
5305,673,5.0
5306,369,2.0
5306,640,4.0
5306,748,3.0
5307,640,3.0
5308,888,5.0
5311,481,4.0
5311,737,4.0
5311,824,4.0
5316,841,4.0
5318,640,4.0
5318,673,3.0
5320,640,5.0
5320,673,4.0
5320,737,3.0
5323,737,4.0
5325,640,5.0
5326,650,4.0
5326,749,3.0
5328,841,4.0
5329,481,4.0
5330,737,5.0
5331,640,2.0
5342,650,3.0
5346,640,5.0
5346,748,5.0
5348,888,3.0
5350,640,5.0
5350,748,5.0
5353,748,5.0
5358,640,5.0
5361,650,5.0
5369,673,4.0
5371,481,5.0
5376,640,5.0
5377,640,4.0
5378,369,3.0
5378,748,5.0
5380,841,4.0
5386,640,3.0
5387,640,4.5
5388,737,3.0
5388,824,3.0
5390,748,5.0
5391,640,5.0
5393,481,4.0
5393,673,4.0
5395,841,5.0
5396,640,5.0
5396,650,4.0
5396,841,5.0
5403,748,4.0
5407,640,4.0
5407,748,4.0
5408,824,4.0
5418,824,5.0
5419,824,5.0
5422,640,5.0
5422,748,5.0
5429,640,4.0
5429,748,4.0
5430,841,5.0
5435,650,3.0
5436,640,4.0
5439,748,4.0
5444,650,5.0
5444,673,4.0
5446,481,4.0
5450,481,5.0
5451,640,4.0
5454,673,3.0
5457,640,4.0
5457,841,5.0
5459,481,3.0
5466,369,5.0
5466,841,5.0
5469,1171,3.75
5473,824,5.0
5484,640,4.0
5484,748,4.0
5487,640,5.0
5487,673,3.0
5490,640,2.0
5490,748,2.0
5492,673,4.0
5493,650,3.0
5497,640,4.0
5498,369,1.0
5502,640,4.0
5503,673,2.0
5504,369,4.0
5504,640,4.0
5504,650,4.0
5504,824,4.0
5506,369,4.0
5506,650,4.0
5507,640,4.0
5508,749,5.0
5512,640,5.0
5515,369,3.0
5515,640,4.0
5515,673,4.0
5515,748,4.0
5515,841,5.0
5522,650,5.0
5529,748,4.0
5534,650,5.0
5535,824,5.0
5536,824,4.0
5543,481,4.0
5543,640,5.0
5544,640,5.0
5546,737,5.0
5551,481,3.0
5551,640,3.0
5551,749,4.0
5551,824,4.0
5553,369,3.0
5553,640,5.0
5553,824,2.0
5563,640,4.0
5564,824,4.0
5566,369,1.0
5568,640,3.0
5568,673,4.0
5568,841,5.0
5570,824,4.0
5572,673,4.0
5573,640,4.0
5574,481,4.0
5578,369,5.0
5578,640,3.0
5578,749,4.0
5578,841,5.0
5578,1297,3.0
5579,841,5.0
5583,737,5.0
5584,640,4.0
5584,1278,4.0
5591,841,4.0
5592,640,5.0
5592,737,5.0
5596,640,5.0
5596,748,5.0
5602,841,5.0
5604,640,5.0
5605,369,5.0
5605,748,4.0
5608,737,5.0
5610,650,3.0
5617,673,4.0
5617,841,5.0
5619,369,3.0
5619,1220,4.0
5626,481,4.0
5626,640,4.0
5626,748,4.0
5628,673,5.0
5636,673,5.0
5638,640,5.0
5639,369,3.0
5646,748,4.0
5648,640,5.0
5649,1171,5.0
5651,640,5.0
5651,748,5.0
5651,749,5.0
5653,640,4.0
5654,640,5.0
5657,640,4.5
5658,841,5.0
5659,888,4.0
5661,640,5.0
5669,947,5.0
5670,748,4.0
5672,673,4.0
5681,650,5.0
5683,481,4.0
5686,640,1.0
5687,640,5.0
5687,824,5.0
5687,841,5.0
5693,928,5.0
5707,737,4.0
5711,748,3.0
5712,369,3.0
5713,650,2.0
5715,481,5.0
5716,640,5.0
5716,650,5.0
5717,481,3.0
5718,737,4.0
5718,824,4.0
5720,748,5.0
5720,749,5.0
5721,841,5.0
5725,841,5.0
5730,640,4.0
5732,841,5.0
5735,748,5.0
5736,640,4.0
5737,640,4.0
5741,640,3.0
5749,640,4.0
5756,650,4.0
5757,481,5.0
5757,640,5.0
5757,650,5.0
5757,824,5.0
5757,841,5.0
5758,640,4.571428571428571
5758,748,5.0
5758,749,3.0
5758,841,5.0
5759,640,4.0
5759,673,4.0
5761,737,4.0
5761,841,5.0
5764,640,4.5
5764,749,5.0
5765,748,3.0
5770,481,5.0
5770,640,5.0
5770,737,5.0
5779,748,5.0
5783,824,3.0
5789,481,5.0
5789,841,5.0
5790,824,1.0
5791,640,4.0
5792,481,3.0
5792,640,4.0
5798,640,4.0
5798,748,4.0
5800,1171,3.6666666666666665
5802,640,5.0
5802,748,4.0
5809,640,4.0
5811,673,3.0
5811,748,5.0
5811,749,5.0
5814,737,4.0
5819,841,4.0
5825,748,2.0
5830,481,5.0
5832,748,3.0
5834,650,4.0
5837,640,3.0
5837,748,4.0
5843,640,5.0
5843,748,3.0
5847,369,3.0
5854,737,5.0
5857,481,4.0
5857,640,5.0
5857,841,5.0
5858,640,5.0
5858,841,5.0
5859,650,4.0
5866,841,5.0
5875,640,4.0
5876,481,4.0
5882,824,4.0
5883,640,5.0
5885,640,4.0
5885,748,5.0
5889,841,5.0
5891,640,5.0
5891,650,5.0
5891,749,5.0
5893,369,3.0
5894,650,3.0
5895,369,3.0
5897,640,5.0
5898,650,5.0
5898,737,3.0
5898,748,5.0
5898,824,2.0
5903,841,5.0
5905,748,4.0
5908,640,3.0
5909,481,4.0
5913,650,5.0
5919,640,3.0
5922,737,4.0
5923,640,5.0
5923,650,4.0
5923,737,5.0
5923,824,4.0
5931,369,4.0
5931,748,5.0
5933,748,5.0
5935,640,4.0
5935,748,4.0
5936,369,5.0
5936,841,4.0
5938,650,3.0
5941,673,5.0
5949,640,4.0
5951,650,5.0
5951,748,5.0
5956,888,5.0
5957,748,4.0
5960,369,3.0
5960,673,4.0
5961,640,3.0
5968,640,5.0
5970,640,5.0
5971,841,5.0
5987,841,5.0
5988,369,3.0
5990,481,4.0
5992,640,5.0
5992,748,5.0
5992,749,5.0
5994,737,2.0
6003,640,5.0
6009,640,4.0
6018,650,4.0
6020,824,3.0
6020,1238,5.0
6022,650,5.0
6026,640,4.0
6026,748,3.0
6028,650,5.0
6029,841,5.0
6030,650,4.0
6032,640,5.0
6035,640,4.0
6036,640,5.0
6038,673,5.0
6041,650,4.5
6045,640,5.0
6046,824,3.0
6050,369,3.0
6050,481,4.0
6050,640,5.0
6050,737,5.0
6050,748,5.0
6050,749,4.0
6050,841,5.0
6051,841,5.0
6053,640,5.0
6053,824,5.0
6057,481,2.0
6057,640,4.8
6057,748,4.5
6057,888,5.0
6058,650,4.0
6058,673,4.0
6065,841,5.0
6070,650,2.0
6070,748,3.0
6071,841,4.0
6072,673,4.0
6072,737,5.0
6073,841,5.0
6075,640,4.0
6075,748,5.0
6077,640,5.0
6083,888,4.0
6083,1278,3.6666666666666665
6087,369,3.0
6088,640,5.0
6091,748,3.0
6096,748,5.0
6098,369,3.0
6099,650,5.0
6103,749,4.0
6105,640,4.0
6105,748,3.0
6108,650,3.0
6111,841,5.0
6118,369,2.0
6118,640,5.0
6120,369,5.0
6120,640,3.0
6120,737,5.0
6129,841,5.0
6130,640,4.0
6130,748,5.0
6131,841,5.0
6134,640,5.0
6136,737,4.0
6137,640,5.0
6137,824,5.0
6140,650,4.5
6141,369,4.0
6143,841,5.0
6145,640,3.0
6145,737,4.0
6145,748,3.0
6145,749,3.0
6145,824,4.0
6146,841,4.0
6148,673,4.0
6163,650,5.0
6166,640,3.0
6166,748,4.0
6173,748,4.0
6176,640,4.0
6176,737,4.0
6181,737,3.0
6181,824,5.0
6185,1166,4.0
6187,841,5.0
6188,640,3.0
6189,640,4.0
6192,749,3.0
6196,841,5.0
6198,481,5.0
6198,650,5.0
6202,1171,4.0
6207,841,5.0
6209,369,1.0
6209,841,5.0
6212,748,5.0
6218,640,5.0
6218,749,3.0
6221,640,4.0
6225,650,5.0
6225,673,2.0
6225,748,4.0
6226,640,4.0
6229,481,4.0
6233,841,5.0
6238,737,4.0
6240,481,5.0
6241,841,5.0
6244,640,4.0
6247,481,4.0
6251,640,4.0
6251,841,5.0
6252,640,5.0
6252,841,4.0
6253,481,3.0
6255,640,4.0
6256,673,4.0
6256,841,5.0
6261,369,3.0
6261,481,4.0
6261,737,3.0
6264,841,5.0
6265,748,4.0
6266,749,4.0
6267,737,5.0
6267,841,4.0
6268,481,5.0
6270,481,4.0
6271,640,5.0
6274,640,5.0
6280,640,5.0
6280,650,5.0
6291,737,4.0
6292,748,4.0
6293,640,3.0
6293,748,4.0
6297,640,2.0
6299,640,5.0
6315,481,5.0
6317,841,4.0
6319,640,5.0
6327,841,5.0
6333,737,3.0
6338,748,5.0
6350,673,1.0
6350,841,4.0
6355,640,5.0
6359,640,5.0
6367,748,5.0
6369,841,5.0
6371,640,5.0
6371,673,2.0
6371,841,5.0
6374,640,5.0
6374,673,4.0
6375,369,5.0
6375,737,5.0
6376,673,5.0
6377,369,4.0
6379,841,5.0
6384,640,5.0
6384,749,5.0
6384,824,5.0
6389,650,4.0
6394,737,2.0
6395,650,5.0
6396,369,5.0
6396,748,4.0
6396,749,4.0
6396,824,3.0
6399,824,5.0
6401,640,4.0
6401,650,4.0
6401,748,3.0
6403,369,4.0
6412,640,5.0
6413,650,4.0
6414,640,5.0
6414,673,5.0
6414,737,5.0
6416,748,3.0
6417,937,3.0
6420,947,5.0
6421,841,4.0
6425,481,4.0
6429,640,5.0
6429,748,3.0
6432,640,4.5
6432,748,4.0
6432,841,5.0
6438,737,3.0
6439,673,4.0
6442,737,4.0
6444,640,3.0
6446,369,5.0
6451,650,3.0
6456,640,1.0
6456,841,5.0
6458,824,4.0
6460,640,5.0
6460,673,3.0
6462,748,4.0
6463,640,1.0
6463,650,4.0
6463,673,3.5
6463,824,4.0
6464,640,4.0
6464,749,4.0
6467,640,4.0
6468,640,5.0
6468,748,5.0
6468,824,5.0
6470,748,4.0
6479,369,3.0
6479,841,5.0
6481,841,4.0
6482,841,5.0
6485,640,5.0
6485,737,5.0
6485,841,5.0
6486,481,5.0
6489,640,4.0
6491,640,5.0
6491,748,5.0
6492,841,4.0
6494,640,4.0
6497,369,5.0
6497,640,5.0
6497,650,5.0
6497,737,5.0
6497,749,5.0
6497,824,5.0
6503,640,4.0
6504,640,5.0
6504,748,3.0
6506,481,5.0
6506,640,3.0
6506,737,5.0
6506,824,5.0
6509,673,4.0
6510,748,5.0
6518,650,3.0
6518,673,4.0
6518,748,4.0
6518,824,5.0
6519,841,5.0
6520,824,4.0
6521,640,5.0
6522,673,2.0
6525,640,5.0
6527,369,4.0
6529,640,4.0
6534,841,5.0
6537,650,5.0
6539,650,3.0
6540,737,4.0
6540,749,4.0
6544,640,5.0
6552,640,4.0
6552,650,5.0
6552,841,4.0
6553,640,5.0
6554,640,5.0
6554,673,3.0
6554,748,3.0
6554,841,3.5
6555,640,2.0
6555,673,3.0
6557,640,4.5
6557,748,5.0
6557,841,5.0
6561,640,4.0
6568,640,4.0
6571,481,4.0
6571,650,5.0
6574,841,5.0
6578,640,5.0
6581,640,5.0
6581,737,5.0
6593,640,5.0
6601,640,5.0
6604,749,2.0
6606,640,4.0
6606,650,4.0
6624,841,4.5
6625,640,3.0
6625,650,4.0
6625,841,4.5
6628,640,4.0
6631,650,4.0
6631,748,5.0
6632,640,4.0
6632,748,4.0
6639,369,3.0
6639,748,4.0
6641,737,3.0
6646,841,5.0
6648,737,5.0
6649,640,4.0
6649,673,4.0
6649,748,4.0
6650,640,5.0
6652,650,4.0
6653,673,5.0
6653,737,5.0
6653,841,5.0
6656,369,3.0
6657,650,4.0
6658,369,5.0
6658,673,5.0
6658,824,3.0
6658,841,5.0
6670,650,4.0
6670,824,4.0
6670,841,5.0
6671,737,5.0
6672,640,4.0
6672,749,4.0
6672,841,4.0
6674,640,5.0
6678,640,4.0
6680,748,4.0
6681,748,5.0
6683,640,3.0
6683,841,5.0
6693,640,5.0
6695,650,4.0
6695,824,5.0
6697,640,5.0
6697,748,3.0
6697,749,2.0
6698,640,3.0
6699,640,4.0
6702,824,3.0
6703,369,3.0
6703,748,4.0
6704,650,4.0
6712,640,4.5
6712,650,5.0
6712,748,5.0
6714,640,5.0
6714,824,5.0
6719,640,3.0
6725,824,5.0
6725,1278,5.0
6730,640,5.0
6730,673,3.0
6731,737,4.0
6733,640,5.0
6741,369,5.0
6742,640,5.0
6743,737,5.0
6743,748,4.0
6743,824,4.0
6748,841,5.0
6751,824,5.0
6755,640,5.0
6755,650,5.0
6755,841,5.0
6756,640,5.0
6758,640,5.0
6766,748,4.0
6766,749,5.0
6768,640,5.0
6771,369,4.5
6771,673,4.0
6771,749,5.0
6771,841,5.0
6772,841,4.0
6773,748,4.0
6773,749,3.0
6784,824,3.0
6786,841,4.0
6793,841,5.0
6797,673,5.0
6798,640,5.0
6800,824,4.0
6804,369,5.0
6810,481,2.0
6810,640,3.0
6812,640,5.0
6812,841,5.0
6815,650,1.0
6819,640,4.0
6823,640,4.0
6823,748,5.0
6828,640,4.0
6830,640,5.0
6830,737,4.0
6840,748,4.0
6840,841,5.0
6846,640,5.0
6847,650,4.0
6847,824,4.0
6851,369,4.0
6853,737,5.0
6853,748,4.0
6855,640,5.0
6858,640,3.0
6867,640,5.0
6871,369,3.0
6875,640,5.0
6881,369,5.0
6881,673,5.0
6881,737,5.0
6882,640,4.666666666666667
6882,748,5.0
6886,824,5.0
6891,640,4.666666666666667
6891,749,5.0
6893,824,5.0
6897,841,4.0
6906,748,5.0
6912,737,3.0
6913,640,3.0
6913,737,4.0
6913,824,3.0
6915,749,3.0
6919,640,5.0
6922,937,4.0
6931,650,5.0
6933,640,4.0
6933,748,5.0
6937,673,5.0
6939,369,3.0
6942,640,4.0
6945,749,4.0
6952,640,4.0
6963,640,5.0
6964,737,5.0
6964,841,4.0
6969,481,5.0
6969,640,5.0
6972,369,4.0
6972,841,5.0
6975,748,4.0
6976,640,5.0
6976,841,5.0
6977,737,3.0
6980,841,5.0
6987,640,4.0
6987,749,4.0
6988,737,5.0
6988,824,5.0
6990,841,5.0
6993,748,4.0
6996,640,5.0
6996,673,4.0
7002,824,5.0
7004,640,5.0
7005,841,5.0
7009,673,2.0
7015,640,5.0
7015,673,3.0
7015,841,5.0
7017,640,3.0
7017,673,3.0
7020,673,4.0
7022,824,5.0
7024,481,5.0
7024,640,4.0
7024,650,4.0
7024,841,5.0
7026,640,3.0
7029,640,4.666666666666667
7029,748,4.0
7036,737,4.0
7037,640,5.0
7041,369,3.0
7041,650,5.0
7044,640,4.0
7046,748,5.0
7047,640,5.0
7051,640,3.0
7054,748,5.0
7058,841,5.0
7059,640,4.0
7059,748,4.0
7060,640,5.0
7063,650,4.0
7065,841,5.0
7066,640,5.0
7066,650,5.0
7075,748,5.0
7082,640,4.0
7087,841,5.0
7101,640,5.0
7107,640,5.0
7107,673,3.0
7107,748,4.0
7110,640,4.0
7110,749,3.0
7110,824,4.0
7114,650,4.0
7120,824,3.0
7122,481,5.0
7127,841,5.0
7129,481,5.0
7136,1297,3.0
7141,841,4.0
7149,640,5.0
7150,640,5.0
7150,737,5.0
7155,369,3.0
7155,737,5.0
7156,640,5.0
7156,650,4.0
7156,748,4.0
7157,841,5.0
7161,748,5.0
7161,841,4.0
7166,481,5.0
7166,673,5.0
7166,737,4.0
7169,640,5.0
7172,841,5.0
7173,673,2.0
7175,640,5.0
7175,748,5.0
7180,841,4.0
7181,841,5.0
7182,841,5.0
7184,748,4.0
7186,737,5.0
7187,673,2.0
7189,640,5.0
7189,737,4.0
7189,748,4.0
7191,369,5.0
7191,841,5.0
7195,640,3.0
7199,841,5.0
7202,673,4.0
7202,748,5.0
7202,749,2.0
7203,481,4.0
7203,640,4.0
7206,640,5.0
7209,841,3.0
7214,841,5.0
7215,369,2.0
7223,640,4.0
7223,737,3.0
7235,640,5.0
7235,748,3.0
7237,748,5.0
7238,824,3.0
7239,737,5.0
7244,640,4.0
7246,369,5.0
7246,481,3.0
7246,640,5.0
7246,841,5.0
7255,748,4.0
7260,640,4.0
7261,640,5.0
7265,640,5.0
7268,640,5.0
7268,748,5.0
7275,749,3.0
7276,640,4.0
7276,673,5.0
7276,841,4.0
7277,841,4.0
7279,841,5.0
7293,673,3.0
7306,640,4.0
7308,841,5.0
7310,841,5.0
7311,737,4.0
7315,640,4.0
7320,640,4.0
7325,748,5.0
7328,673,5.0
7334,369,3.0
7334,673,3.0
7335,748,5.0
7337,650,5.0
7337,841,4.0
7339,640,5.0
7339,749,2.0
7341,369,3.0
7343,650,3.0
7347,640,4.0
7348,640,3.0
7348,650,5.0
7351,650,5.0
7362,650,2.0
7365,841,5.0
7366,748,5.0
7366,824,5.0
7368,650,3.0
7372,640,5.0
7372,737,3.0
7376,640,3.0
7379,824,3.0
7380,841,5.0
7391,841,5.0
7394,640,4.0
7395,481,5.0
7399,897,3.0
7407,748,5.0
7407,824,5.0
7407,841,5.0
7412,481,4.0
7413,737,3.0
7420,640,2.0
7423,640,5.0
7423,841,5.0
7424,737,4.0
7425,824,3.0
7429,640,4.0
7430,748,4.0
7432,640,4.0
7433,640,5.0
7433,737,4.5
7433,841,5.0
7434,748,4.0
7436,369,4.0
7437,841,4.0
7442,640,5.0
7445,841,4.0
7448,640,4.5
7448,748,5.0
7448,824,5.0
7449,673,5.0
7454,481,4.0
7454,640,5.0
7460,673,3.0
7462,369,5.0
7463,640,5.0
7463,748,4.0
7464,841,5.0
7466,841,5.0
7467,824,5.0
7469,640,5.0
7469,749,4.0
7472,673,5.0
7473,640,3.0
7474,841,5.0
7475,640,5.0
7477,650,5.0
7480,481,5.0
7483,673,1.0
7483,841,5.0
7485,841,4.0
7486,640,4.0
7487,369,5.0
7487,640,4.0
7487,673,3.0
7491,640,4.0
7491,737,4.0
7491,824,4.0
7494,640,5.0
7494,748,4.0
7495,841,4.0
7498,640,4.0
7501,748,5.0
7506,673,5.0
7507,841,5.0
7512,369,5.0
7512,841,5.0
7516,640,5.0
7519,748,5.0
7520,369,4.0
7520,841,4.0
7525,481,4.0
7526,650,5.0
7526,737,5.0
7526,824,4.0
7527,748,4.0
7527,841,4.5
7528,749,4.0
7531,737,5.0
7531,824,5.0
7533,640,5.0
7533,650,3.0
7533,673,4.0
7533,748,5.0
7536,650,4.0
7536,841,5.0
7542,673,3.0
7551,749,4.0
7553,737,5.0
7554,369,4.0
7554,640,4.0
7554,673,5.0
7554,737,1.0
7554,748,4.0
7554,841,5.0
7557,640,4.5
7557,841,4.0
7558,640,5.0
7558,650,5.0
7558,748,5.0
7558,749,4.0
7560,650,5.0
7560,737,3.0
7563,841,5.0
7565,841,5.0
7567,640,5.0
7568,640,5.0
7568,737,5.0
7568,748,5.0
7569,640,4.0
7569,841,5.0
7570,640,4.0
7571,748,5.0
7573,640,3.0
7575,841,4.0
7578,650,3.0
7579,369,4.0
7579,737,5.0
7579,841,5.0
7585,749,5.0
7591,841,5.0
7592,640,5.0
7593,673,3.0
7600,841,5.0
7606,640,4.0
7608,824,4.0
7609,824,4.0
7610,841,4.75
7612,640,5.0
7612,748,4.0
7616,650,5.0
7619,650,3.0
7620,749,3.0
7625,737,5.0
7627,650,3.0
7631,748,3.0
7631,824,4.0
7632,640,4.0
7633,640,5.0
7633,650,3.0
7633,737,5.0
7639,749,5.0
7640,640,4.0
7640,673,4.0
7644,481,4.0
7645,673,3.0
7645,737,2.0
7645,748,3.0
7646,888,5.0
7649,640,5.0
7650,640,3.0
7652,640,4.0
7658,824,5.0
7658,841,5.0
7659,650,5.0
7661,640,5.0
7661,673,5.0
7663,749,5.0
7667,748,4.0
7669,673,5.0
7669,748,5.0
7678,650,4.0
7679,673,4.0
7683,640,5.0
7684,640,5.0
7694,640,5.0
7694,650,4.0
7694,749,3.0
7699,824,3.0
7704,748,5.0
7706,841,5.0
7710,369,5.0
7710,673,2.0
7710,841,4.0
7713,673,5.0
7713,748,4.0
7714,640,4.0
7714,748,5.0
7714,841,5.0
7715,640,5.0
7716,841,5.0
7717,640,5.0
7718,824,4.0
7718,841,5.0
7721,673,3.0
7723,749,5.0
7724,640,5.0
7725,650,4.0
7731,640,5.0
7731,737,5.0
7731,748,5.0
7731,749,5.0
7731,824,5.0
7735,841,4.0
7736,888,2.0
7736,1297,5.0
7738,369,2.0
7738,841,5.0
7742,640,4.0
7742,737,5.0
7744,748,5.0
7749,481,5.0
7749,748,5.0
7757,640,3.0
7758,841,5.0
7759,824,4.0
7761,824,3.0
7762,841,5.0
7770,640,4.0
7773,673,5.0
7780,748,5.0
7781,369,3.0
7785,640,4.0
7785,673,3.0
7785,841,5.0
7788,841,5.0
7790,369,5.0
7801,841,4.0
7802,640,4.5
7802,650,3.0
7802,841,5.0
7805,650,5.0
7806,481,5.0
7814,673,4.0
7814,737,3.0
7815,640,5.0
7820,841,3.0
7826,640,5.0
7829,841,4.0
7830,640,5.0
7830,748,4.0
7830,824,3.0
7834,481,5.0
7835,748,5.0
7837,748,3.0
7838,748,5.0
7839,481,5.0
7839,1166,5.0
7840,640,5.0
7840,748,4.0
7843,841,5.0
7845,748,5.0
7845,749,4.0
7849,841,5.0
7850,640,4.0
7852,640,5.0
7853,369,5.0
7854,841,5.0
7857,749,5.0
7858,824,2.0
7861,673,3.0
7862,673,3.0
7867,640,5.0
7869,640,5.0
7873,640,2.0
7873,841,4.0
7883,650,4.0
7884,640,4.0
7884,748,4.0
7884,749,5.0
7885,841,5.0
7893,640,5.0
7901,640,3.0
7901,841,5.0
7902,749,4.0
7905,640,4.666666666666667
7905,673,3.0
7906,640,5.0
7907,1166,3.0
7916,640,3.0
7916,650,5.0
7917,749,4.0
7930,640,5.0
7932,640,5.0
7935,369,1.0
7935,640,4.5
7935,748,5.0
7935,841,5.0
7947,640,5.0
7947,673,4.0
7947,748,4.0
7949,640,4.0
7953,673,4.0
7955,640,5.0
7955,737,3.0
7955,841,5.0
7956,640,5.0
7956,824,4.0
7956,841,5.0
7960,640,5.0
7964,841,5.0
7965,748,1.0
7966,640,5.0
7967,824,5.0
7969,748,5.0
7974,841,4.0
7975,748,5.0
7977,640,1.0
7977,748,3.0
7980,650,3.0
7985,640,5.0
7985,673,3.0
7985,824,4.0
7985,841,5.0
7986,640,4.0
7987,737,4.0
7990,640,4.0
7992,640,3.0
7992,748,4.0
7994,673,2.0
8007,640,5.0
8007,749,5.0
8011,841,5.0
8013,748,5.0
8013,749,5.0
8015,369,2.0
8025,640,4.0
8025,748,4.0
8028,640,5.0
8030,673,5.0
8038,481,4.0
8039,640,5.0
8042,748,3.0
8043,369,5.0
8044,650,5.0
8047,841,5.0
8049,824,4.0
8050,640,3.0
8051,841,5.0
8053,650,5.0
8056,640,5.0
8056,824,5.0
8057,748,5.0
8058,640,4.0
8059,841,5.0
8063,369,4.0
8068,673,5.0
8068,748,4.0
8072,640,4.0
8082,841,4.0
8085,640,5.0
8086,640,5.0
8088,640,4.0
8092,673,3.0
8092,748,5.0
8098,640,5.0
8098,673,4.0
8098,737,5.0
8101,737,5.0
8103,673,4.0
8104,640,4.0
8115,737,5.0
8120,481,5.0
8122,748,4.0
8122,824,5.0
8123,640,3.0
8124,748,4.0
8125,481,5.0
8129,824,5.0
8130,824,1.0
8131,749,5.0
8133,640,4.0
8133,748,4.0
8133,749,5.0
8134,737,5.0
8136,841,5.0
8142,749,5.0
8143,673,5.0
8147,640,5.0
8147,748,5.0
8147,824,5.0
8147,841,5.0
8149,640,4.0
8149,824,5.0
8154,640,5.0
8156,748,2.0
8160,481,5.0
8163,650,4.0
8163,673,3.0
8165,640,5.0
8165,749,5.0
8166,824,5.0
8167,640,4.0
8171,841,1.0
8181,748,4.0
8186,640,4.0
8186,748,3.0
8186,1278,3.8
8192,369,3.0
8192,640,5.0
8192,737,5.0
8192,748,5.0
8192,749,5.0
8192,841,4.5
8195,824,3.0
8196,640,5.0
8197,841,5.0
8201,369,5.0
8202,841,5.0
8203,640,5.0
8203,748,5.0
8209,650,4.0
8210,748,4.0
8212,640,3.0
8214,748,5.0
8225,841,5.0
8228,748,3.0
8231,841,4.0
8232,673,5.0
8236,640,4.0
8248,748,4.0
8250,749,5.0
8251,748,5.0
8251,841,4.0
8254,888,5.0
8262,841,4.0
8263,640,5.0
8263,824,4.0
8263,841,5.0
8268,841,5.0
8269,640,5.0
8270,640,5.0
8274,841,5.0
8284,650,4.0
8284,1166,3.25
8286,748,5.0
8289,673,5.0
8289,737,5.0
8289,749,5.0
8291,673,5.0
8302,640,4.0
8302,737,3.0
8305,640,5.0
8307,640,3.5
8307,748,5.0
8313,640,5.0
8315,640,3.0
8319,640,4.0
8319,737,4.0
8319,748,3.0
8319,841,4.0
8321,640,5.0
8327,640,5.0
8332,841,5.0
8333,640,4.0
8333,749,4.0
8334,640,5.0
8335,640,4.0
8335,841,4.0
8336,481,4.0
8336,673,4.0
8336,737,4.0
8336,824,3.0
8339,640,5.0
8345,481,5.0
8351,947,5.0
8352,640,5.0
8357,481,5.0
8357,640,4.0
8357,650,1.0
8357,673,4.0
8357,737,4.0
8357,824,5.0
8357,841,4.6
8358,824,4.0
8358,841,5.0
8367,640,4.0
8367,650,3.0
8367,737,4.0
8370,640,4.0
8376,640,5.0
8377,748,5.0
8380,748,3.0
8385,481,5.0
8385,640,5.0
8385,748,4.0
8387,737,5.0
8397,673,3.0
8399,640,5.0
8399,748,5.0
8403,640,4.0
8405,640,3.0
8405,748,5.0
8409,673,1.0
8418,640,4.0
8419,737,5.0
8422,640,5.0
8425,640,5.0
8425,748,5.0
8429,737,5.0
8429,824,2.0
8429,841,4.0
8442,737,4.0
8443,640,5.0
8451,824,5.0
8453,1171,3.0
8454,737,5.0
8454,824,3.0
8457,640,5.0
8457,749,3.0
8461,640,4.0
8461,737,3.0
8461,824,4.0
8465,841,4.0
8469,640,4.0
8472,841,5.0
8481,640,5.0
8496,824,5.0
8498,824,4.0
8499,640,5.0
8499,748,5.0
8501,369,5.0
8505,749,4.0
8509,673,3.0
8510,640,4.0
8510,841,5.0
8512,824,3.0
8514,640,5.0
8516,640,5.0
8516,748,5.0
8522,640,5.0
8522,748,5.0
8540,369,5.0
8542,650,3.0
8546,737,5.0
8548,673,5.0
8549,369,5.0
8549,824,5.0
8552,650,5.0
8553,640,5.0
8553,673,3.0
8554,673,4.0
8555,640,5.0
8560,369,5.0
8564,650,5.0
8565,737,5.0
8567,369,5.0
8568,369,4.0
8573,369,3.0
8573,1297,3.0
8578,640,5.0
8578,748,5.0
8578,749,4.0
8582,841,5.0
8586,640,4.0
8587,650,3.0
8588,369,4.0
8588,737,5.0
8588,841,5.0
8590,640,1.0
8597,841,2.0
8601,369,2.0
8606,749,3.0
8615,481,4.0
8617,841,4.0
8618,841,5.0
8622,640,3.0
8622,841,5.0
8623,640,4.0
8624,650,4.0
8629,737,5.0
8629,748,4.0
8632,369,5.0
8633,640,5.0
8638,481,5.0
8640,369,2.0
8641,640,5.0
8641,673,2.0
8645,640,2.0
8645,748,2.0
8646,369,4.0
8648,640,4.0
8648,748,5.0
8649,748,5.0
8650,673,3.0
8650,737,5.0
8650,748,5.0
8650,824,5.0
8651,640,4.0
8651,748,5.0
8652,640,4.0
8655,748,4.0
8656,481,4.0
8657,481,5.0
8657,673,4.0
8658,650,5.0
8667,841,5.0
8669,640,4.0
8670,640,5.0
8670,748,3.0
8677,640,5.0
8677,748,5.0
8677,888,5.0
8680,640,4.0
8680,841,5.0
8682,1171,5.0
8686,369,3.0
8688,640,5.0
8691,640,4.0
8692,640,3.0
8694,640,5.0
8717,841,5.0
8718,640,4.0
8718,841,5.0
8724,640,4.0
8726,841,5.0
8727,481,5.0
8730,369,4.0
8733,640,5.0
8733,748,2.0
8733,749,3.0
8738,640,5.0
8738,737,4.5
8738,748,3.5
8742,748,5.0
8755,369,5.0
8755,640,5.0
8755,749,3.0
8758,640,5.0
8759,481,5.0
8759,673,3.0
8761,737,4.0
8761,824,4.0
8765,640,4.0
8766,650,2.0
8766,673,3.0
8769,650,5.0
8772,369,2.0
8772,841,4.0
8773,650,4.0
8773,673,3.0
8773,737,4.0
8773,841,5.0
8779,737,4.0
8779,841,5.0
8780,481,3.0
8781,824,1.0
8782,650,1.0
8783,640,3.0
8783,748,5.0
8786,824,5.0
8794,640,4.0
8797,841,5.0
8799,640,5.0
8801,369,4.0
8801,841,1.0
8802,640,4.0
8802,749,4.0
8802,841,5.0
8804,824,4.0
8805,640,4.0
8805,650,3.0
8806,737,5.0
8808,841,5.0
8811,640,4.0
8812,640,4.0
8812,824,4.0
8813,640,5.0
8814,650,3.0
8815,640,4.0
8815,737,5.0
8820,673,4.0
8821,640,4.0
8821,841,3.0
8823,369,4.0
8823,640,5.0
8823,748,5.0
8823,824,5.0
8823,841,5.0
8829,737,5.0
8830,640,4.0
8831,640,5.0
8835,481,5.0
8835,640,4.0
8835,737,4.0
8835,748,4.0
8835,824,5.0
8835,841,5.0
8841,481,4.0
8841,640,3.0
8841,824,3.0
8841,841,5.0
8845,737,5.0
8846,841,3.0
8848,640,4.5
8848,737,4.0
8848,748,4.75
8848,824,4.0
8848,841,4.0
8851,748,5.0
8852,481,5.0
8852,640,4.0
8856,824,4.0
8857,640,5.0
8857,650,4.0
8857,841,5.0
8859,650,5.0
8860,369,2.0
8864,824,4.0
8867,928,5.0
8868,640,4.0
8868,748,5.0
8870,640,5.0
8870,748,5.0
8871,841,5.0
8879,369,1.0
8879,640,5.0
8879,748,5.0
8881,737,5.0
8882,737,5.0
8891,650,5.0
8902,673,3.0
8903,650,3.0
8903,748,4.0
8903,841,5.0
8908,824,4.0
8911,673,3.0
8916,748,5.0
8927,841,5.0
8929,841,5.0
8930,481,4.0
8930,640,5.0
8930,650,4.0
8930,673,3.0
8930,737,5.0
8930,824,5.0
8930,841,4.0
8931,640,4.666666666666667
8931,749,4.0
8931,841,5.0
8933,640,5.0
8936,640,5.0
8940,737,5.0
8941,640,4.0
8941,673,3.0
8942,640,4.0
8943,824,5.0
8944,640,5.0
8945,824,4.0
8950,640,5.0
8953,841,4.0
8956,841,5.0
8957,748,4.0
8958,640,5.0
8960,369,5.0
8963,369,3.0
8964,369,5.0
8964,481,5.0
8964,640,4.0
8964,650,4.0
8964,673,5.0
8964,737,4.0
8964,748,4.0
8964,749,4.0
8964,841,5.0
8965,369,1.0
8966,841,5.0
8975,749,5.0
8977,369,5.0
8977,841,4.0
8979,888,4.0
8982,841,5.0
8985,640,5.0
8985,749,3.0
8998,748,5.0
8998,749,4.0
8998,824,4.0
8998,841,5.0
8999,673,3.0
8999,824,5.0
9004,369,3.0
9005,748,5.0
9006,841,4.0
9008,749,5.0
9012,640,3.0
9014,841,5.0
9015,640,5.0
9016,749,4.0
9016,824,3.0
9017,481,4.0
9019,749,4.0
9021,673,3.0
9022,841,5.0
9027,748,4.0
9030,749,5.0
9033,737,3.0
9038,748,4.0
9053,640,3.0
9056,824,4.0
9057,841,5.0
9060,640,5.0
9062,737,2.0
9063,640,4.0
9065,369,4.0
9067,841,5.0
9073,640,5.0
9074,673,2.0
9075,640,4.666666666666667
9075,824,3.0
9075,841,5.0
9076,748,3.0
9078,640,5.0
9079,673,3.0
9081,640,3.0
9090,650,4.0
9094,640,5.0
9094,841,5.0
9096,640,5.0
9098,748,5.0
9098,749,5.0
9102,640,5.0
9103,369,3.0
9107,749,5.0
9108,824,4.0
9109,673,5.0
9111,481,3.0
9115,824,5.0
9117,640,2.0
9117,673,5.0
9119,640,1.0
9127,749,2.0
9129,640,4.0
9134,748,4.0
9142,841,4.0
9147,841,5.0
9151,640,5.0
9153,650,5.0
9153,749,4.0
9155,650,2.0
9159,640,3.0
9160,1280,4.0
9161,748,5.0
9161,841,5.0
9171,640,4.0
9171,748,3.0
9172,824,4.0
9173,640,4.0
9175,737,5.0
9179,640,5.0
9180,748,5.0
9186,748,5.0
9189,1238,4.0
9191,640,5.0
9191,841,5.0
9196,748,5.0
9198,640,4.0
9198,824,4.0
9200,640,5.0
9200,737,5.0
9203,640,5.0
9204,673,2.0
9205,640,4.0
9205,748,4.0
9207,1280,4.5
9213,888,4.0
9213,1280,3.6666666666666665
9214,841,5.0
9219,640,5.0
9221,824,5.0
9223,640,5.0
9226,673,3.0
9227,640,5.0
9228,369,3.0
9229,650,2.0
9229,673,4.0
9230,640,4.5
9230,841,5.0
9233,841,4.0
9236,650,5.0
9238,640,5.0
9240,369,1.0
9241,737,5.0
9250,640,5.0
9252,369,3.0
9255,673,4.0
9259,841,4.5
9264,748,5.0
9271,841,5.0
9273,481,3.0
9273,737,4.0
9277,673,3.0
9279,369,1.0
9281,748,4.0
9285,640,2.0
9285,824,3.0
9288,369,5.0
9289,824,5.0
9291,841,5.0
9294,640,4.0
9295,748,5.0
9296,841,4.0
9299,737,5.0
9301,481,5.0
9302,888,4.0
9305,748,4.0
9307,650,5.0
9308,640,3.5
9309,640,4.0
9309,650,4.0
9311,369,3.0
9311,640,5.0
9311,841,4.333333333333333
9317,748,5.0
9319,673,5.0
9322,369,5.0
9323,650,2.0
9324,640,5.0
9328,650,4.0
9329,640,5.0
9330,841,4.0
9332,841,5.0
9333,640,5.0
9334,824,4.0
9342,640,4.0
9342,748,5.0
9342,749,4.0
9343,640,5.0
9343,748,5.0
9345,673,3.0
9358,824,5.0
9362,824,5.0
9363,737,5.0
9365,481,3.0
9371,640,4.0
9373,369,4.0
9374,640,5.0
9378,841,5.0
9383,369,3.0
9385,841,5.0
9393,640,5.0
9398,640,5.0
9400,640,4.0
9401,824,3.0
9403,824,5.0
9406,640,4.0
9406,748,4.0
9409,369,4.0
9409,748,4.0
9409,749,3.0
9411,737,5.0
9411,748,5.0
9412,748,4.0
9414,650,2.0
9418,1133,4.0
9425,481,3.0
9427,737,5.0
9428,1280,3.0
9439,1133,5.0
9445,673,3.0
9445,824,4.0
9445,841,5.0
9447,841,4.0
9450,640,4.0
9450,650,4.0
9450,824,4.0
9453,748,3.0
9454,640,5.0
9454,673,4.0
9456,640,4.666666666666667
9456,737,4.5
9456,748,3.0
9456,749,3.0
9456,841,5.0
9458,841,4.0
9462,737,5.0
9462,824,4.0
9465,640,4.0
9465,673,4.0
9467,640,4.0
9475,640,5.0
9475,1133,4.0
9480,640,5.0
9480,841,4.0
9482,481,5.0
9486,1238,4.0
9493,481,5.0
9495,748,5.0
9495,749,4.0
9497,1238,3.0
9498,673,5.0
9499,640,5.0
9500,369,5.0
9505,369,4.0
9506,640,2.0
9506,650,3.0
9506,737,4.0
9506,824,4.5
9507,640,5.0
9507,749,5.0
9509,640,5.0
9509,737,4.0
9512,369,3.0
9516,748,5.0
9517,650,2.0
9518,841,5.0
9519,748,5.0
9522,640,5.0
9524,640,5.0
9524,841,5.0
9532,1297,4.5
9533,824,4.0
9542,749,2.0
9544,841,5.0
9546,748,4.0
9548,888,3.0
9552,640,4.0
9552,737,2.0
9552,841,5.0
9554,640,4.0
9554,748,4.0
9556,481,5.0
9556,841,4.0
9561,650,5.0
9563,640,5.0
9564,748,4.0
9565,841,5.0
9568,1297,4.0
9575,841,5.0
9577,1171,3.0
9579,640,5.0
9579,824,5.0
9580,640,5.0
9582,640,4.0
9583,748,4.0
9589,640,4.0
9589,748,3.0
9589,749,4.0
9590,673,5.0
9595,673,4.0
9597,824,4.0
9613,748,5.0
9614,748,1.0
9618,1171,5.0
9619,1297,4.0
9620,640,5.0
9620,841,3.0
9622,749,5.0
9624,640,5.0
9632,640,5.0
9635,640,5.0
9635,748,5.0
9639,640,4.0
9641,841,5.0
9645,748,5.0
9650,650,3.0
9651,640,5.0
9652,841,5.0
9655,640,4.0
9655,650,3.0
9658,841,5.0
9659,640,5.0
9659,748,5.0
9660,369,3.0
9660,673,4.0
9662,737,5.0
9662,824,5.0
9663,369,4.0
9663,640,4.0
9665,841,4.0
9666,673,4.0
9668,928,2.0
9669,369,3.0
9669,640,5.0
9669,737,4.0
9669,748,4.0
9670,640,3.0
9672,841,5.0
9674,749,5.0
9677,841,5.0
9682,369,5.0
9682,481,5.0
9682,640,4.0
9688,748,3.0
9692,640,4.0
9692,748,4.0
9693,640,3.0
9694,640,5.0
9695,481,5.0
9695,841,5.0
9698,650,5.0
9701,369,5.0
9703,824,4.0
9704,640,5.0
9709,748,5.0
9711,841,5.0
9712,841,3.0
9713,640,4.0
9714,369,5.0
9714,640,5.0
9714,748,4.0
9721,640,5.0
9723,928,3.0
9723,937,3.0
9725,1278,4.0
9731,841,5.0
9733,640,5.0
9735,481,5.0
9735,650,5.0
9736,640,5.0
9736,673,5.0
9736,737,5.0
9736,824,5.0
9737,640,5.0
9738,369,5.0
9743,369,4.0
9743,737,4.0
9747,824,5.0
9748,841,5.0
9749,640,5.0
9750,1278,4.0
9751,673,4.0
9751,824,4.0
9755,673,5.0
9756,640,3.0
9757,841,5.0
9760,841,5.0
9762,640,4.5
9762,748,5.0
9764,650,4.0
9764,841,4.0
9770,749,2.0
9771,640,5.0
9771,673,4.0
9774,650,1.0
9781,841,5.0
9785,1280,3.75
9789,1297,3.0
9790,841,3.0
9791,673,1.0
9792,369,4.0
9792,673,4.0
9792,841,5.0
9795,841,4.0
9797,650,5.0
9798,640,5.0
9800,1171,3.5
9802,369,4.0
9802,640,2.0
9804,481,2.0
9804,640,4.0
9804,650,3.0
9804,824,4.0
9807,673,5.0
9813,640,1.0
9813,673,3.0
9814,481,5.0
9814,749,5.0
9814,824,5.0
9816,640,5.0
9817,640,4.5
9817,673,4.0
9820,640,5.0
9820,749,4.0
9820,841,4.5
9821,481,5.0
9822,369,5.0
9822,650,5.0
9822,748,5.0
9828,640,4.0
9829,737,5.0
9829,748,5.0
9831,841,5.0
9836,481,3.0
9836,748,4.0
9838,650,4.0
9840,640,5.0
9840,748,5.0
9846,640,5.0
9848,841,4.5
9849,640,5.0
9851,640,5.0
9851,824,5.0
9852,640,5.0
9852,673,5.0
9856,640,4.0
9858,1225,1.0
9864,650,5.0
9872,737,4.0
9872,841,5.0
9874,1171,4.0
9878,1166,3.75
9880,1280,3.0
9883,824,4.0
9885,640,5.0
9889,888,3.0
9891,737,3.0
9894,841,4.0
9895,1278,4.0
9899,640,5.0
9900,1280,5.0
9912,640,5.0
9912,748,5.0
9913,1225,1.0
9920,640,5.0
9924,369,2.0
9925,640,4.0
9925,737,4.0
9925,841,4.0
9929,640,5.0
9929,748,4.0
9932,824,3.0
9932,841,5.0
9936,1171,4.75
9940,640,4.333333333333333
9940,737,5.0
9940,748,4.0
9940,824,5.0
9943,369,1.0
9943,640,2.0
9947,749,5.0
9951,824,3.0
9954,737,5.0
9954,748,5.0
9955,640,3.0
9956,640,5.0
9956,748,5.0
9956,824,4.0
9957,749,5.0
9957,841,4.5
9961,1297,1.0
9962,481,4.0
9962,640,4.5
9962,673,3.0
9962,824,4.5
9962,841,4.5
9965,748,5.0
9966,640,5.0
9968,841,5.0
9970,369,5.0
9975,1297,5.0
9978,640,4.0
9979,650,4.0
9984,841,4.0
9987,841,4.0
9996,748,4.0
10000,748,5.0
10005,673,5.0
10007,650,5.0
10009,640,4.0
10009,737,4.0
10009,841,5.0
10014,841,5.0
10015,650,4.0
10018,640,3.0
10018,748,4.0
10018,824,3.0
10020,481,4.0
10020,673,5.0
10021,369,5.0
10029,673,4.0
10030,640,4.0
10030,650,5.0
10031,841,4.0
10033,640,5.0
10039,737,3.0
10042,748,4.0
10043,749,4.0
10047,737,4.0
10048,640,4.0
10049,1278,4.0
10050,640,5.0
10053,640,4.0
10058,737,5.0
10070,369,5.0
10072,841,4.0
10075,748,5.0
10076,640,5.0
10076,748,4.0
10077,650,2.0
10079,841,4.0
10085,888,5.0
10092,640,3.0
10093,640,5.0
10101,640,4.0
10102,640,4.0
10103,481,4.0
10103,640,4.0
10103,737,3.0
10105,673,4.0
10106,640,5.0
10107,369,4.0
10108,640,2.0
10108,737,5.0
10108,748,3.0
10108,824,5.0
10114,748,3.0
10115,1166,4.0
10119,1166,4.0
10121,748,4.0
10121,749,5.0
10123,640,5.0
10125,737,4.0
10125,748,3.0
10128,749,5.0
10131,481,5.0
10138,640,4.0
10139,481,4.0
10143,481,5.0
10143,640,4.0
10143,673,5.0
10143,737,5.0
10143,748,5.0
10143,824,5.0
10143,841,3.0
10145,650,4.0
10151,1171,5.0
10152,748,2.0
10156,369,4.0
10156,673,4.0
10158,1171,5.0
10159,1280,2.5
10165,640,5.0
10165,650,2.0
10167,1171,4.0
10169,841,5.0
10174,673,4.0
10180,673,4.0
10185,640,5.0
10185,650,5.0
10187,1133,5.0
10190,1278,2.0
10192,673,1.0
10195,369,1.0
10197,640,5.0
10198,1278,5.0
10199,1171,4.6
10203,737,4.0
10204,737,3.0
10205,640,4.0
10210,897,4.0
10214,748,2.0
10216,748,4.0
10217,640,5.0
10219,369,5.0
10220,640,1.0
10220,748,3.0
10224,640,4.0
10225,1171,3.5555555555555554
10228,1225,3.0
10230,1171,5.0
10231,748,2.0
10231,824,4.0
10233,650,4.0
10233,673,4.0
10233,748,5.0
10234,1280,4.0
10235,841,5.0
10237,369,3.0
10242,748,4.0
10242,749,4.0
10243,640,4.0
10243,748,4.0
10244,640,4.0
10244,841,5.0
10247,369,1.0
10247,640,5.0
10247,748,2.0
10248,1238,4.0
10249,640,4.0
10249,841,5.0
10250,481,4.0
10250,640,3.0
10250,737,5.0
10252,841,4.0
10256,640,4.0
10257,640,3.0
10257,748,4.0
10267,369,4.0
10268,824,5.0
10268,841,4.0
10269,650,5.0
10271,824,5.0
10273,748,4.0
10275,841,5.0
10278,650,3.0
10284,737,4.0
10288,369,4.0
10289,640,5.0
10289,824,3.0
10290,841,5.0
10291,640,3.0
10292,640,3.0
10296,748,5.0
10297,640,4.0
10298,748,5.0
10299,748,1.0
10301,369,1.0
10301,640,5.0
10304,640,4.0
10305,737,4.0
10305,1297,3.4285714285714284
10308,841,5.0
10311,824,4.0
10311,1166,3.75
10315,1166,2.0
10318,824,3.0
10319,650,5.0
10321,369,1.0
10321,481,5.0
10324,481,4.0
10326,640,5.0
10326,749,5.0
10328,737,4.0
10328,749,4.0
10328,824,5.0
10330,824,3.0
10331,640,3.0
10331,673,5.0
10334,748,3.0
10335,650,3.0
10336,640,5.0
10338,640,4.0
10343,481,5.0
10344,640,3.0
10344,824,4.0
10345,748,4.0
10348,1297,3.0
10352,841,5.0
10353,841,4.0
10357,640,4.0
10362,824,4.0
10363,841,5.0
10365,1225,2.0
10366,888,4.0
10370,640,4.0
10371,748,3.0
10374,748,5.0
10375,369,4.0
10375,749,4.0
10379,640,3.0
10379,737,5.0
10379,824,5.0
10379,1171,4.0
10383,824,5.0
10384,640,5.0
10385,737,5.0
10385,824,5.0
10385,913,4.0
10386,1220,4.0
10388,673,5.0
10389,640,4.0
10389,748,4.0
10391,640,5.0
10393,640,3.0
10394,369,2.0
10396,369,5.0
10396,737,5.0
10398,369,4.0
10398,748,5.0
10406,749,2.0
10410,481,3.0
10410,841,5.0
10412,841,5.0
10414,640,4.0
10414,748,5.0
10414,749,3.0
10415,369,4.0
10416,481,5.0
10417,481,5.0
10417,737,4.0
10417,1220,4.0
10419,737,4.0
10421,824,5.0
10422,673,4.0
10423,737,4.0
10425,737,4.0
10426,640,4.0
10426,748,3.0
10428,1171,5.0
10430,737,4.0
10431,1225,3.0
10432,737,5.0
10434,640,3.0
10435,737,5.0
10438,1278,5.0
10441,1171,4.8
10443,749,3.0
10446,640,5.0
10446,748,5.0
10447,650,3.0
10447,841,5.0
10453,824,5.0
10456,749,5.0
10456,824,5.0
10459,748,3.0
10460,369,1.0
10462,748,5.0
10469,737,5.0
10472,640,5.0
10472,737,5.0
10472,824,4.0
10481,841,4.0
10482,748,4.0
10483,748,4.0
10484,1225,3.0
10498,650,5.0
10499,640,4.0
10500,1137,4.0
10501,737,3.0
10501,748,4.0
10504,481,5.0
10505,841,5.0
10511,369,3.0
10512,841,5.0
10517,640,4.0
10517,737,4.0
10519,369,5.0
10519,737,5.0
10521,640,4.0
10524,481,5.0
10524,640,5.0
10524,737,5.0
10524,748,3.0
10524,749,3.0
10524,824,5.0
10526,481,5.0
10528,748,3.0
10530,640,5.0
10535,640,4.0
10540,748,3.0
10546,824,5.0
10548,841,5.0
10553,481,4.0
10554,1166,1.0
10558,748,5.0
10563,640,5.0
10563,748,5.0
10564,369,3.0
10564,737,3.0
10569,737,3.0
10569,749,3.0
10570,737,2.0
10571,737,4.0
10572,369,3.0
10572,481,4.0
10572,640,5.0
10572,673,4.0
10572,737,3.0
10572,748,5.0
10572,824,5.0
10572,841,5.0
10573,1166,4.0
10576,673,5.0
10577,1166,4.0
10578,737,4.0
10578,748,4.0
10580,888,5.0
10581,673,5.0
10581,1166,5.0
10583,1166,3.0
10586,640,5.0
10586,737,3.0
10589,369,2.0
10589,737,4.0
10589,841,5.0
10595,481,5.0
10596,481,4.0
10596,640,5.0
10596,748,5.0
10600,640,5.0
10601,369,2.0
10601,640,4.0
10601,650,3.0
10602,673,5.0
10603,640,4.0
10603,749,3.0
10603,841,5.0
10606,640,4.0
10606,737,3.0
10606,824,4.0
10607,1225,4.5
10610,640,4.0
10612,748,5.0
10618,650,4.0
10620,640,5.0
10622,640,5.0
10624,650,4.0
10627,369,1.0
10628,749,5.0
10631,640,5.0
10639,369,2.0
10641,640,4.25
10641,841,5.0
10642,640,4.0
10644,1171,3.5
10647,640,5.0
10647,650,4.0
10647,673,5.0
10647,749,4.0
10647,841,5.0
10648,1297,3.0
10649,673,5.0
10652,369,2.0
10652,640,4.0
10653,824,3.0
10654,640,4.0
10654,749,3.5
10654,824,5.0
10654,841,5.0
10664,841,4.0
10667,640,5.0
10667,749,3.0
10668,749,5.0
10673,640,4.0
10673,748,5.0
10675,1166,5.0
10678,737,5.0
10680,640,4.0
10687,369,5.0
10687,737,5.0
10688,481,2.0
10688,640,1.0
10689,369,5.0
10691,748,4.0
10691,749,4.0
10692,650,3.0
10694,737,4.0
10702,369,4.0
10702,888,5.0
10703,748,5.0
10708,1171,4.0
10713,673,4.0
10714,369,3.0
10714,673,5.0
10714,748,4.0
10714,749,5.0
10714,841,4.0
10717,824,5.0
10719,841,4.0
10720,640,4.0
10720,673,5.0
10720,748,5.0
10722,841,5.0
10723,640,5.0
10724,650,3.0
10724,737,4.0
10726,481,4.0
10726,748,4.0
10726,841,5.0
10727,369,5.0
10728,481,4.0
10728,748,3.0
10728,841,4.0
10732,650,4.0
10736,824,5.0
10737,824,3.0
10738,1225,3.5
10741,1278,1.5
10747,650,4.0
10751,640,4.0
10751,748,4.0
10752,369,4.0
10754,640,5.0
10756,748,5.0
10764,841,4.0
10770,824,4.0
10771,937,3.0
10771,1171,3.125
10772,1171,2.0
10774,640,3.0
10775,1166,4.5
10776,640,5.0
10776,749,2.0
10777,1171,4.8
10785,1137,3.0
10793,1166,4.2
10794,481,4.0
10794,1225,5.0
10795,369,4.0
10797,749,4.0
10799,640,5.0
10801,369,4.0
10801,824,4.0
10802,481,4.0
10802,824,3.0
10805,650,2.0
10808,888,4.0
10808,947,5.0
10809,1171,3.0
10812,841,5.0
10816,640,4.666666666666667
10816,737,4.0
10816,749,4.0
10816,824,4.0
10820,640,5.0
10821,640,5.0
10822,1278,4.0
10823,737,4.0
10823,824,4.0
10825,369,3.0
10827,1171,5.0
10829,748,4.0
10829,749,3.0
10835,1280,3.0
10837,640,4.0
10837,749,3.0
10838,1166,4.666666666666667
10840,737,4.0
10840,824,5.0
10840,841,5.0
10841,888,5.0
10847,650,3.0
10848,481,5.0
10851,1220,5.0
10852,841,5.0
10858,737,5.0
10858,824,5.0
10863,1225,2.0
10864,1220,4.0
10865,481,4.0
10865,737,3.0
10869,737,5.0
10870,1278,5.0
10872,748,3.0
10873,737,4.0
10873,748,3.0
10875,1278,5.0
10883,640,4.0
10883,748,4.0
10883,749,4.0
10889,748,3.0
10890,1166,5.0
10892,824,4.0
10895,650,3.0
10898,1171,5.0
10901,748,4.0
10903,841,5.0
10905,673,4.0
10905,748,4.0
10905,841,5.0
10906,841,5.0
10908,748,5.0
10908,888,5.0
10909,1278,4.0
10910,824,5.0
10913,841,4.0
10914,888,5.0
10915,369,5.0
10917,640,5.0
10920,841,3.0
10922,640,5.0
10925,1133,5.0
10930,640,3.0
10936,640,3.0
10944,640,3.0
10945,640,5.0
10946,640,4.0
10948,737,4.0
10948,824,4.0
10949,841,4.0
10950,640,4.0
10951,640,4.0
10951,748,4.0
10952,640,4.0
10952,824,4.0
10952,1171,5.0
10953,824,4.0
10955,640,5.0
10955,673,5.0
10956,640,5.0
10961,748,3.0
10962,1238,3.75
10965,640,4.0
10965,748,5.0
10966,640,4.0
10969,650,5.0
10973,650,4.0
10973,673,3.0
10975,975,4.0
10976,841,5.0
10977,650,4.0
10978,640,5.0
10983,369,3.0
10985,841,4.0
10994,640,5.0
10994,650,1.0
10994,737,2.0
10994,748,4.0
10996,1278,4.0
10997,1297,2.0
10998,748,4.0
10999,737,5.0
11001,640,3.0
11002,481,4.0
11003,748,5.0
11008,640,5.0
11008,737,5.0
11008,749,4.0
11011,888,5.0
11013,673,3.0
11015,737,4.0
11019,481,4.0
11032,369,3.0
11032,824,4.0
11033,640,3.0
11036,650,3.0
11038,841,4.0
11039,640,5.0
11042,748,4.0
11051,369,1.0
11053,640,3.0
11054,640,4.0
11059,824,3.0
11064,888,5.0
11068,640,5.0
11070,369,3.0
11070,650,5.0
11070,673,5.0
11070,748,4.0
11071,640,5.0
11075,748,5.0
11075,824,5.0
11076,749,3.0
11076,841,5.0
11078,888,5.0
11082,1171,4.0
11084,640,5.0
11084,748,5.0
11086,841,5.0
11087,640,4.0
11091,369,3.0
11091,673,5.0
11093,481,3.0
11095,749,3.0
11096,481,5.0
11099,640,5.0
11099,673,5.0
11099,748,3.0
11100,640,4.0
11101,481,5.0
11101,748,5.0
11103,640,5.0
11104,640,4.0
11104,673,2.0
11104,748,4.0
11106,824,4.0
11106,841,5.0
11108,673,1.0
11109,841,5.0
11110,748,4.0
11112,650,3.0
11114,673,5.0
11116,640,4.0
11116,749,3.0
11119,640,3.0
11122,481,4.0
11123,748,5.0
11124,640,4.0
11124,737,5.0
11128,737,5.0
11128,748,5.0
11130,673,2.0
11131,640,3.0
11132,1220,4.5
11133,369,5.0
11134,640,4.0
11137,650,3.0
11138,1278,3.2
11143,841,5.0
11144,841,5.0
11145,640,5.0
11147,673,4.0
11149,673,2.0
11161,481,4.0
11165,748,4.0
11167,737,4.0
11169,640,3.0
11169,748,5.0
11172,888,5.0
11173,737,5.0
11174,640,5.0
11174,748,5.0
11174,749,2.0
11178,640,4.0
11178,748,5.0
11180,841,5.0
11182,748,5.0
11185,673,3.0
11189,841,4.0
11190,737,5.0
11192,640,4.0
11192,841,5.0
11193,369,3.0
11193,640,4.0
11193,748,3.0
11193,841,5.0
11196,841,4.0
11198,640,4.0
11203,640,5.0
11206,640,5.0
11210,640,5.0
11212,640,5.0
11212,748,5.0
11213,737,3.0
11214,640,5.0
11214,749,4.0
11216,640,3.0
11217,673,4.0
11217,824,3.0
11219,650,4.0
11225,640,5.0
11230,640,3.0
11230,1133,5.0
11231,748,5.0
11232,737,4.0
11232,748,4.0
11234,640,5.0
11238,947,5.0
11242,748,4.0
11242,824,5.0
11243,369,1.0
11247,640,4.0
11248,369,2.0
11249,928,4.0
11251,673,2.0
11255,748,5.0
11255,841,5.0
11258,640,5.0
11260,640,3.0
11260,1166,1.0
11264,481,5.0
11265,748,5.0
11266,913,4.0
11266,1278,5.0
11267,640,3.0
11267,1171,3.75
11274,749,5.0
11281,369,3.0
11281,640,4.0
11281,650,3.0
11282,673,5.0
11284,1278,5.0
11289,640,5.0
11290,1278,5.0
11292,640,4.0
11294,824,5.0
11295,737,5.0
11295,824,5.0
11296,1278,5.0
11297,640,5.0
11298,749,4.0
11302,737,5.0
11302,824,5.0
11304,640,4.0
11305,737,3.0
11306,640,5.0
11307,369,4.0
11307,737,4.0
11307,748,5.0
11307,824,5.0
11308,673,3.0
11313,748,5.0
11317,650,5.0
11318,369,3.0
11319,1166,4.5
11325,650,5.0
11331,650,4.0
11332,1278,4.0
11336,1225,4.0
11348,650,5.0
11355,1225,5.0
11358,640,5.0
11361,1280,4.0
11363,650,5.0
11366,369,4.0
11370,650,5.0
11375,481,3.0
11377,640,5.0
11377,748,4.0
11383,748,2.0
11384,640,5.0
11386,1171,5.0
11388,841,5.0
11390,1171,4.0
11393,640,4.0
11400,748,5.0
11403,1171,5.0
11404,1220,5.0
11405,841,4.0
11410,1280,2.0
11418,1171,4.5
11421,640,4.0
11421,824,4.0
11424,841,5.0
11430,841,5.0
11431,673,3.0
11432,640,4.0
11433,640,4.0
11435,369,2.0
11436,673,2.0
11443,369,2.0
11447,640,5.0
11448,640,4.0
11449,481,3.0
11454,640,5.0
11455,650,2.0
11456,749,4.0
11457,673,5.0
11458,369,5.0
11460,640,5.0
11461,481,4.0
11462,748,2.0
11465,640,5.0
11470,841,5.0
11471,1171,4.0
11474,369,2.0
11474,481,5.0
11475,640,5.0
11478,841,5.0
11480,650,5.0
11481,640,5.0
11485,748,5.0
11487,824,5.0
11491,737,5.0
11491,824,5.0
11494,748,5.0
11495,650,4.0
11495,737,4.0
11496,748,5.0
11502,640,4.0
11502,749,4.0
11509,748,5.0
11510,640,5.0
11510,841,4.0
11514,841,5.0
11516,673,4.0
11518,737,4.0
11524,640,4.0
11527,841,3.0
11528,640,3.0
11532,1297,3.0
11533,841,5.0
11534,369,5.0
11534,650,5.0
11534,841,5.0
11536,640,4.0
11540,748,4.0
11543,824,5.0
11548,1171,4.166666666666667
11549,824,4.0
11551,640,5.0
11552,640,4.0
11553,841,5.0
11554,1166,3.6666666666666665
11558,640,4.0
11563,1297,4.0
11564,673,5.0
11567,640,5.0
11576,481,4.0
11576,749,3.0
11579,640,4.0
11581,650,5.0
11583,650,5.0
11584,640,5.0
11584,748,5.0
11585,1166,4.0
11586,640,4.0
11591,369,3.0
11591,640,4.0
11591,748,4.0
11592,673,3.0
11594,640,5.0
11594,748,3.0
11595,888,5.0
11596,640,5.0
11596,737,4.0
11596,748,5.0
11597,841,4.0
11602,640,4.0
11605,824,4.0
11608,824,3.0
11614,640,5.0
11614,824,4.0
11616,640,4.0
11616,748,4.0
11620,650,3.0
11620,748,3.0
11622,640,4.0
11623,369,2.0
11624,481,3.0
11625,640,5.0
11625,748,3.0
11626,737,5.0
11626,824,5.0
11630,640,5.0
11631,640,5.0
11636,841,5.0
11641,640,4.0
11641,748,3.0
11645,749,4.0
11646,481,5.0
11647,481,5.0
11651,749,4.0
11658,841,5.0
11659,748,4.0
11659,749,4.0
11667,640,4.0
11672,737,3.0
11675,824,4.0
11676,737,4.0
11680,481,4.0
11683,841,5.0
11685,749,5.0
11686,841,5.0
11690,481,5.0
11694,824,5.0
11697,841,5.0
11698,650,4.0
11700,928,5.0
11701,640,5.0
11704,640,5.0
11705,369,3.0
11706,841,5.0
11709,748,4.0
11718,748,3.0
11721,737,4.0
11723,640,4.0
11723,748,5.0
11723,749,5.0
11725,748,5.0
11727,673,4.0
11729,1166,3.0
11734,975,5.0
11736,841,4.0
11738,824,4.0
11739,640,5.0
11743,650,3.0
11745,824,3.0
11745,841,5.0
11747,1133,5.0
11748,369,3.0
11748,640,5.0
11748,737,5.0
11753,673,5.0
11754,369,3.0
11755,481,5.0
11756,1166,3.0
11757,748,5.0
11758,640,5.0
11760,481,3.0
11761,737,3.0
11762,748,3.0
11763,1171,5.0
11764,640,4.0
11765,748,4.0
11767,1166,4.666666666666667
11768,640,5.0
11771,841,4.0
11776,824,5.0
11779,673,4.0
11780,640,4.0
11783,640,5.0
11783,749,5.0
11786,650,5.0
11787,369,3.0
11787,737,3.0
11787,841,5.0
11791,841,5.0
11793,650,4.0
11797,1166,4.0
11805,748,3.0
11806,737,4.0
11808,640,5.0
11808,748,4.0
11810,650,4.0
11810,748,5.0
11812,640,5.0
11812,737,3.0
11812,749,5.0
11814,841,5.0
11817,737,3.0
11822,1133,3.0
11823,673,1.0
11826,640,4.0
11829,1137,3.0
11831,640,4.0
11831,748,3.0
11833,481,3.0
11833,640,3.0
11833,650,3.0
11833,673,2.0
11833,841,3.0
11841,650,4.0
11843,369,2.0
11843,737,4.0
11844,640,5.0
11851,673,3.0
11851,748,1.0
11852,1171,5.0
11854,841,4.0
11855,1171,5.0
11856,650,4.0
11856,737,4.0
11858,481,4.0
11858,640,4.0
11859,650,5.0
11860,673,3.0
11862,748,3.0
11864,841,5.0
11865,640,4.0
11865,748,5.0
11868,640,3.0
11868,841,5.0
11869,748,5.0
11870,1297,3.5
11874,737,5.0
11876,640,5.0
11878,640,5.0
11879,650,4.0
11881,1225,3.0
11883,841,4.0
11885,650,4.0
11889,640,3.0
11889,824,4.0
11891,841,5.0
11893,841,5.0
11895,749,4.0
11896,481,4.0
11897,748,2.0
11900,650,5.0
11900,841,5.0
11905,369,4.0
11905,650,2.0
11907,481,3.0
11912,650,4.0
11912,737,3.0
11914,640,4.0
11914,673,3.0
11914,748,5.0
11921,841,4.0
11922,640,5.0
11922,841,4.0
11924,748,3.0
11927,640,3.0
11933,841,5.0
11934,640,3.0
11934,749,5.0
11934,841,5.0
11938,640,4.0
11940,673,4.0
11942,640,5.0
11943,369,3.0
11946,841,5.0
11952,824,5.0
11953,481,5.0
11954,640,5.0
11957,673,3.0
11958,650,3.0
11959,640,5.0
11959,748,5.0
11961,650,4.0
11962,369,2.0
11963,824,4.0
11966,640,5.0
11968,650,4.0
11971,640,4.0
11972,640,5.0
11975,650,4.0
11976,737,3.0
11978,481,4.0
11978,640,4.0
11978,673,2.0
11978,737,2.0
11978,748,4.0
11979,748,5.0
11979,749,5.0
11981,369,4.0
11982,748,5.0
11986,673,5.0
11988,650,4.0
11989,841,5.0
11993,640,5.0
11995,841,5.0
11996,1133,5.0
12000,1166,4.0
12002,1280,1.0
12003,841,4.0
12006,640,3.0
12010,737,4.0
12011,841,3.0
12012,640,4.0
12013,640,3.0
12015,673,2.0
12017,841,4.0
12017,913,4.0
12017,1166,5.0
12019,748,5.0
12020,640,5.0
12022,749,1.0
12026,640,3.0
12028,640,5.0
12028,748,5.0
12029,841,5.0
12031,749,4.0
12032,673,3.0
12033,748,3.0
12040,481,4.0
12043,481,5.0
12045,1171,5.0
12050,640,3.0
12052,640,5.0
12052,673,4.0
12052,748,5.0
12052,749,5.0
12052,841,4.0
12052,1166,2.0
12057,824,5.0
12063,640,4.0
12064,481,4.0
12065,1297,1.0
12067,1171,4.0
12071,841,5.0
12072,1297,3.0
12073,640,2.0
12073,841,5.0
12079,640,5.0
12086,369,3.0
12087,841,5.0
12090,824,5.0
12094,748,3.0
12097,640,4.0
12099,1297,4.0
12101,928,5.0
12101,1297,4.0
12102,640,5.0
12102,673,4.0
12102,737,3.0
12102,748,5.0
12105,640,5.0
12108,1166,2.6666666666666665
12109,640,5.0
12109,737,3.0
12109,841,5.0
12111,748,4.0
12111,841,4.0
12112,369,3.0
12112,640,4.5
12112,737,4.0
12112,824,4.0
12114,650,4.0
12121,640,5.0
12121,748,5.0
12123,640,5.0
12124,640,5.0
12126,369,4.0
12126,650,4.0
12132,650,5.0
12137,640,4.0
12138,640,3.0
12139,369,2.0
12139,673,2.0
12139,748,5.0
12141,748,4.0
12141,841,5.0
12142,841,5.0
12145,650,2.0
12152,888,5.0
12153,748,5.0
12156,481,4.0
12156,640,3.0
12161,640,4.0
12164,748,5.0
12164,749,2.0
12167,640,5.0
12170,640,5.0
12170,749,5.0
12171,640,4.0
12183,1297,5.0
12187,1238,3.0
12190,748,5.0
12192,737,3.0
12193,749,4.0
12195,841,5.0
12197,841,5.0
12204,748,5.0
12205,673,1.0
12207,1171,4.0
12209,640,5.0
12210,841,5.0
12212,640,3.0
12212,749,5.0
12213,748,3.0
12216,1297,3.0
12217,640,5.0
12217,749,3.0
12218,640,5.0
12219,640,4.0
12220,841,5.0
12221,841,5.0
12226,1171,5.0
12228,673,4.0
12230,481,5.0
12232,841,4.0
12233,640,5.0
12234,640,1.0
12234,748,4.0
12234,749,5.0
12234,841,4.5
12235,640,5.0
12236,1171,3.0
12238,1166,3.5
12241,640,5.0
12242,748,5.0
12243,650,5.0
12246,369,5.0
12246,640,4.666666666666667
12246,650,1.0
12246,748,4.0
12246,841,4.0
12247,640,5.0
12250,640,5.0
12251,640,4.0
12256,640,4.0
12258,640,5.0
12259,749,5.0
12260,1278,4.0
12262,1225,5.0
12263,640,5.0
12263,748,5.0
12264,369,5.0
12266,481,5.0
12267,640,5.0
12267,748,5.0
12269,640,5.0
12269,749,5.0
12270,369,4.0
12270,640,4.0
12270,748,3.0
12270,1171,5.0
12273,481,5.0
12273,673,5.0
12273,749,3.0
12273,841,5.0
12275,841,5.0
12284,640,5.0
12284,748,5.0
12286,841,5.0
12288,481,4.0
12293,748,3.0
12294,841,4.0
12295,650,3.0
12296,369,4.0
12296,640,4.0
12296,673,5.0
12296,824,5.0
12300,673,4.0
12302,1238,5.0
12307,748,4.0
12307,749,4.0
12307,1297,3.0
12309,748,4.0
12311,650,4.0
12312,841,5.0
12317,888,5.0
12320,888,5.0
12322,640,5.0
12324,824,5.0
12325,640,4.0
12328,640,1.0
12329,640,5.0
12329,748,4.0
12333,749,4.0
12334,1171,4.0
12337,1280,4.0
12339,737,5.0
12340,369,4.0
12340,737,3.0
12340,824,4.0
12341,749,5.0
12343,640,4.0
12343,737,4.0
12343,824,5.0
12347,841,5.0
12349,824,4.0
12350,749,1.0
12350,841,5.0
12351,748,4.0
12352,748,4.0
12353,369,4.0
12353,841,4.0
12355,650,4.0
12361,749,4.0
12362,888,5.0
12367,650,4.0
12367,824,5.0
12367,841,4.0
12369,650,5.0
12373,640,4.0
12373,841,5.0
12375,841,4.0
12375,1171,4.333333333333333
12378,640,4.0
12378,824,5.0
12386,1225,5.0
12394,1238,4.0
12396,824,4.0
12399,749,5.0
12399,841,5.0
12401,748,4.0
12403,841,4.0
12404,673,3.0
12405,841,5.0
12407,748,1.0
12408,650,4.0
12410,1166,4.0
12412,824,4.0
12413,640,5.0
12413,841,5.0
12414,1171,4.888888888888889
12418,749,3.0
12419,841,5.0
12422,640,3.0
12422,824,5.0
12422,841,5.0
12425,748,4.0
12425,749,4.0
12427,748,2.0
12429,640,3.0
12430,841,5.0
12433,481,4.0
12436,640,5.0
12437,640,5.0
12440,1133,5.0
12441,748,4.0
12444,640,5.0
12444,748,5.0
12446,481,5.0
12447,1280,4.0
12448,1166,3.3333333333333335
12455,749,4.0
12457,640,4.0
12460,841,5.0
12461,841,3.0
12467,650,4.0
12472,640,4.0
12473,841,5.0
12476,369,3.0
12482,640,5.0
12483,841,4.0
12493,640,4.0
12496,841,5.0
12499,748,3.0
12499,749,1.0
12500,640,5.0
12501,640,4.0
12502,640,4.0
12506,841,4.0
12510,369,2.0
12514,481,5.0
12514,640,4.666666666666667
12514,650,3.0
12514,841,5.0
12517,640,5.0
12518,650,4.0
12519,640,5.0
12524,369,4.0
12526,749,2.0
12527,640,5.0
12528,1171,4.0
12529,640,4.0
12532,737,5.0
12533,640,5.0
12533,748,4.0
12534,369,1.0
12534,737,4.0
12534,824,5.0
12535,640,3.0
12539,369,1.0
12545,1166,3.3333333333333335
12549,650,4.0
12550,748,4.0
12550,749,4.0
12558,824,5.0
12560,481,4.0
12573,1220,5.0
12575,640,5.0
12575,737,5.0
12575,749,5.0
12578,650,5.0
12579,640,3.0
12580,737,5.0
12581,650,5.0
12581,841,5.0
12583,748,5.0
12586,748,5.0
12587,841,5.0
12590,824,5.0
12596,737,3.0
12601,748,2.0
12603,824,5.0
12605,640,5.0
12607,841,5.0
12608,650,4.0
12608,748,4.0
12610,481,5.0
12610,737,5.0
12610,824,4.0
12618,841,5.0
12625,640,5.0
12625,841,5.0
12629,841,5.0
12630,640,4.0
12631,748,3.0
12632,369,3.0
12632,737,3.0
12633,673,3.0
12634,369,5.0
12636,640,5.0
12637,650,4.0
12638,650,5.0
12639,369,3.0
12639,640,5.0
12639,673,3.0
12640,1171,3.6666666666666665
12643,824,1.0
12644,640,5.0
12654,841,5.0
12655,640,4.0
12655,748,3.0
12656,369,4.0
12656,1171,2.2
12657,369,5.0
12658,1238,4.5
12659,748,5.0
12660,369,5.0
12665,640,5.0
12667,841,5.0
12668,841,1.0
12669,737,5.0
12670,650,4.0
12672,673,3.0
12673,481,4.0
12674,841,3.0
12681,640,5.0
12684,640,5.0
12686,640,5.0
12686,748,4.0
12686,749,3.0
12692,841,4.0
12694,841,5.0
12702,1166,4.0
12704,1171,3.5
12707,748,3.0
12709,673,4.0
12710,640,5.0
12710,650,4.0
12712,369,3.0
12713,640,3.0
12721,640,5.0
12722,1297,3.0
12723,369,5.0
12723,481,5.0
12723,640,5.0
12723,650,4.0
12723,748,4.0
12728,640,4.0
12729,737,4.0
12729,824,5.0
12741,748,5.0
12742,369,4.0
12742,640,3.0
12742,650,4.0
12742,673,3.0
12744,748,5.0
12745,640,5.0
12748,824,3.0
12749,640,5.0
12751,640,4.0
12752,1171,4.5
12754,1171,3.5
12757,640,4.0
12758,640,5.0
12758,748,5.0
12759,824,3.0
12759,1166,3.0
12766,369,3.0
12768,481,5.0
12769,369,1.0
12771,640,4.0
12773,640,4.0
12773,748,3.0
12774,640,3.0
12774,748,4.0
12775,673,5.0
12776,640,5.0
12776,748,5.0
12780,841,5.0
12782,841,5.0
12783,640,4.0
12783,749,4.0
12788,673,4.0
12790,841,5.0
12791,640,5.0
12792,1280,5.0
12793,1166,4.0
12799,748,4.0
12803,841,4.0
12803,1137,2.0
12804,650,4.0
12805,824,4.0
12805,841,5.0
12808,1297,5.0
12809,1171,5.0
12813,640,4.0
12814,737,5.0
12814,824,5.0
12814,841,5.0
12820,749,4.0
12824,673,4.0
12830,1297,3.0
12835,841,5.0
12837,640,4.0
12837,748,5.0
12842,928,5.0
12843,841,4.0
12844,640,4.0
12845,640,5.0
12845,673,1.0
12845,749,4.0
12846,824,5.0
12847,748,5.0
12847,749,5.0
12848,369,2.0
12850,748,3.0
12851,640,4.0
12855,841,5.0
12856,640,5.0
12861,841,5.0
12862,640,4.0
12863,737,2.0
12865,748,5.0
12869,640,5.0
12869,748,3.0
12870,650,4.0
12870,841,4.0
12883,640,5.0
12884,1171,4.0
12892,640,5.0
12893,841,2.0
12894,640,5.0
12901,640,4.0
12902,749,4.0
12903,841,4.0
12907,1166,5.0
12909,749,4.0
12911,841,5.0
12913,640,5.0
12919,369,5.0
12924,640,5.0
12924,650,4.0
12924,737,5.0
12924,749,5.0
12924,824,5.0
12924,841,5.0
12925,640,4.5
12925,737,5.0
12925,841,4.0
12929,369,5.0
12931,640,4.0
12931,841,4.0
12933,650,4.0
12934,1166,3.5
12936,481,5.0
12942,841,5.0
12949,640,4.0
12951,1278,4.666666666666667
12952,748,4.0
12957,1166,3.0
12960,824,5.0
12960,1171,4.0
12962,481,4.0
12962,640,3.0
12964,369,1.0
12965,1297,5.0
12966,673,4.0
12966,737,5.0
12967,640,5.0
12967,737,5.0
12968,640,5.0
12968,748,3.0
12968,841,5.0
12970,640,5.0
12970,673,3.0
12972,640,4.0
12973,888,5.0
12975,824,4.0
12976,737,4.0
12979,1278,5.0
12982,1280,4.0
12984,1278,5.0
12987,481,5.0
12989,737,3.0
12989,1171,3.0
12997,947,5.0
12997,1166,3.8333333333333335
12998,673,5.0
12999,737,5.0
13001,841,5.0
13006,640,4.0
13014,640,5.0
13016,1171,4.333333333333333
13017,841,4.0
13018,369,2.0
13021,841,4.0
13022,640,3.0
13027,640,4.0
13028,650,5.0
13029,841,5.0
13033,640,5.0
13033,673,3.0
13033,841,4.0
13036,841,5.0
13038,640,4.0
13042,650,3.0
13043,369,4.0
13043,673,3.0
13044,640,4.0
13044,737,5.0
13044,749,4.0
13045,640,4.333333333333333
13045,650,3.0
13045,737,5.0
13045,748,4.0
13045,824,3.0
13046,1280,3.0
13051,841,4.0
13052,737,5.0
13052,748,5.0
13056,640,4.0
13057,369,5.0
13058,748,4.0
13059,841,5.0
13060,481,4.0
13061,824,4.0
13070,824,4.0
13073,1133,4.5
13074,841,5.0
13076,369,1.0
13079,1171,4.0
13080,481,4.0
13080,737,4.0
13081,1280,5.0
13084,640,4.0
13085,481,3.0
13087,1280,4.0
13088,748,5.0
13090,1297,3.3333333333333335
13093,1225,5.0
13098,673,5.0
13099,748,4.0
13100,640,4.0
13101,650,5.0
13102,841,5.0
13108,640,5.0
13114,1297,3.0
13116,737,4.0
13116,748,3.0
13116,749,3.0
13117,824,1.0
13118,749,5.0
13119,1238,4.0
13120,1171,2.875
13122,640,3.0
13123,841,5.0
13126,824,5.0
13127,369,4.0
13128,841,5.0
13130,1297,3.0
13132,841,4.0
13133,841,4.0
13137,640,4.0
13141,737,5.0
13144,749,5.0
13146,824,5.0
13149,737,5.0
13151,737,5.0
13151,824,4.0
13152,841,4.0
13155,369,1.0
13155,481,5.0
13155,737,5.0
13158,748,5.0
13160,640,3.0
13161,481,5.0
13161,737,4.0
13163,369,4.0
13164,369,2.0
13166,1297,5.0
13168,841,5.0
13171,737,5.0
13179,748,4.0
13181,673,5.0
13181,841,5.0
13183,640,5.0
13183,737,5.0
13183,748,4.0
13183,824,5.0
13185,369,3.0
13185,640,4.0
13191,481,4.0
13191,640,4.0
13196,640,5.0
13196,748,5.0
13197,673,4.0
13197,748,4.0
13199,640,4.0
13201,841,5.0
13202,1166,5.0
13210,1171,4.0
13211,673,4.0
13214,1278,2.0
13215,841,5.0
13216,640,5.0
13218,640,3.0
13219,1171,4.0
13225,673,5.0
13226,640,4.0
13227,824,4.0
13228,650,3.0
13231,748,5.0
13232,748,5.0
13235,841,5.0
13239,737,4.0
13239,748,3.0
13239,749,4.0
13239,824,4.0
13240,824,5.0
13241,640,5.0
13241,748,5.0
13241,749,5.0
13244,1166,4.5
13246,640,4.0
13248,640,4.0
13248,748,4.0
13248,749,1.0
13249,640,5.0
13249,673,5.0
13249,748,5.0
13249,749,5.0
13252,640,2.0
13252,841,5.0
13253,673,5.0
13257,737,5.0
13258,1171,4.0
13259,481,4.0
13259,737,5.0
13259,824,5.0
13261,481,3.0
13262,369,3.0
13264,369,4.0
13264,1225,4.0
13266,369,4.0
13268,824,4.0
13271,640,4.0
13271,748,5.0
13272,748,4.0
13273,841,5.0
13274,673,5.0
13278,737,3.0
13279,748,4.0
13279,1166,5.0
13281,640,5.0
13281,673,5.0
13288,640,3.0
13288,748,5.0
13289,640,5.0
13291,749,5.0
13292,640,4.0
13293,640,4.0
13299,640,4.0
13300,640,4.0
13306,640,4.0
13306,748,5.0
13306,824,3.0
13306,841,5.0
13307,888,4.0
13308,824,2.0
13309,640,5.0
13311,640,4.0
13314,640,4.5
13314,748,4.0
13314,841,4.0
13316,481,4.0
13317,748,5.0
13317,749,5.0
13321,640,4.0
13324,640,5.0
13324,748,5.0
13325,841,5.0
13326,888,4.0
13327,481,4.0
13327,841,4.0
13328,640,5.0
13328,737,4.0
13330,748,5.0
13334,369,4.0
13334,824,3.0
13335,749,2.0
13342,640,5.0
13344,749,5.0
13345,824,5.0
13348,640,4.0
13348,737,4.0
13348,841,5.0
13349,640,4.0
13349,841,4.0
13354,737,4.0
13356,841,5.0
13359,640,5.0
13367,369,1.0
13368,1278,4.0
13369,640,4.0
13369,749,3.0
13371,650,5.0
13373,650,2.0
13377,640,5.0
13378,824,4.0
13379,640,4.0
13379,748,4.0
13379,749,3.0
13380,640,4.0
13381,888,4.0
13386,640,5.0
13387,481,5.0
13388,640,2.0
13389,481,4.0
13389,673,3.0
13390,673,5.0
13391,748,4.0
13392,1137,4.0
13397,640,5.0
13398,650,4.0
13402,640,4.0
13402,841,5.0
13403,640,5.0
13403,748,5.0
13405,650,5.0
13409,748,4.0
13414,841,4.0
13415,640,3.0
13415,749,5.0
13420,369,5.0
13424,737,4.0
13424,749,4.0
13424,824,4.0
13425,640,5.0
13426,481,5.0
13431,481,5.0
13431,640,4.0
13431,673,5.0
13431,748,3.0
13431,824,4.0
13433,1278,4.5
13436,481,5.0
13437,369,4.0
13442,1297,5.0
13448,748,2.0
13453,640,3.0
13453,737,5.0
13454,737,2.0
13454,748,3.0
13457,748,5.0
13458,824,5.0
13459,737,5.0
13459,824,5.0
13461,748,1.0
13462,841,5.0
13463,650,4.0
13467,748,5.0
13468,824,4.0
13469,841,5.0
13475,1297,3.0
13478,640,4.0
13485,640,5.0
13486,824,4.0
13487,640,5.0
13488,640,5.0
13488,748,4.0
13491,824,5.0
13494,640,4.0
13494,824,4.0
13500,749,5.0
13501,824,3.0
13504,1171,4.666666666666667
13509,640,5.0
13510,640,5.0
13517,481,5.0
13519,1297,2.6666666666666665
13520,1225,4.0
13527,640,4.0
13527,737,5.0
13527,824,5.0
13528,841,3.0
13529,481,3.0
13530,1297,3.0
13536,1278,2.0
13538,1133,5.0
13539,640,4.0
13540,1137,4.0
13544,748,5.0
13548,913,3.0
13556,640,4.0
13556,841,5.0
13558,481,5.0
13559,841,5.0
13562,640,4.0
13567,640,5.0
13569,673,5.0
13570,1278,4.0
13573,650,4.0
13578,481,5.0
13579,640,5.0
13583,481,5.0
13583,650,4.0
13583,673,5.0
13584,1297,1.6666666666666667
13586,748,4.0
13587,1280,4.0
13590,640,4.0
13590,749,3.0
13591,481,4.0
13592,640,4.0
13592,824,3.0
13594,481,5.0
13594,640,5.0
13596,640,5.0
13598,640,5.0
13599,748,4.0
13607,841,5.0
13608,650,5.0
13614,1297,2.5
13615,748,5.0
13616,650,5.0
13621,748,5.0
13623,640,4.0
13623,841,5.0
13632,369,1.0
13636,640,5.0
13636,737,4.0
13636,748,5.0
13636,824,4.0
13636,841,4.0
13640,1171,5.0
13646,749,3.0
13653,369,4.0
13653,748,3.0
13654,673,4.0
13656,841,5.0
13660,650,5.0
13666,481,4.0
13668,640,5.0
13670,650,5.0
13673,481,4.0
13677,640,5.0
13677,673,4.0
13677,737,5.0
13678,640,5.0
13681,748,3.0
13683,481,4.0
13686,1278,3.0
13688,640,1.0
13689,369,4.0
13693,640,4.0
13693,749,3.0
13695,673,4.0
13695,748,2.0
13695,824,1.0
13698,640,4.0
13698,650,3.0
13698,737,4.0
13698,749,4.0
13699,481,2.0
13699,640,4.5
13699,737,5.0
13700,640,4.0
13704,640,3.0
13706,1171,4.5
13707,650,4.0
13708,748,4.0
13708,749,4.0
13711,369,3.0
13711,650,5.0
13711,673,3.0
13711,737,5.0
13711,748,5.0
13711,749,5.0
13712,369,5.0
13715,673,4.0
13719,640,4.0
13720,640,5.0
13724,640,4.0
13725,369,3.0
13725,841,5.0
13726,1297,4.333333333333333
13727,841,4.0
13731,928,5.0
13731,1171,4.333333333333333
13732,1171,4.2
13734,369,5.0
13734,737,5.0
13734,841,4.666666666666667
13735,1171,5.0
13736,640,4.0
13737,640,3.0
13737,673,2.0
13737,737,5.0
13737,748,2.0
13737,841,5.0
13738,481,4.0
13739,748,5.0
13739,841,5.0
13740,748,5.0
13743,640,5.0
13743,650,4.0
13748,1225,4.0
13754,369,4.0
13754,481,5.0
13754,640,4.4
13754,650,4.0
13754,737,3.0
13754,748,4.0
13754,749,4.5
13754,824,4.0
13754,841,3.0
13755,640,3.0
13755,841,5.0
13756,640,4.0
13756,841,5.0
13757,1297,3.0
13758,640,4.0
13758,841,5.0
13759,640,4.0
13760,640,5.0
13760,673,5.0
13761,369,4.0
13761,640,5.0
13761,673,3.0
13761,841,5.0
13763,841,5.0
13764,888,5.0
13766,481,5.0
13766,650,4.0
13766,824,4.5
13766,841,5.0
13767,640,4.0
13767,748,4.0
13773,481,5.0
13773,640,4.0
13774,369,4.0
13774,640,3.25
13774,650,4.0
13774,673,2.0
13774,824,3.0
13774,841,3.5
13781,369,3.0
13781,640,3.0
13781,673,4.0
13781,1171,3.272727272727273
13782,640,4.0
13782,748,4.0
13785,888,5.0
13785,947,5.0
13785,949,4.0
13785,1225,5.0
13786,824,3.0
13787,824,5.0
13789,877,5.0
13790,640,4.0
13790,650,3.0
13790,1171,5.0
13791,748,5.0
13793,737,3.0
13807,913,5.0
13807,947,5.0
13808,369,4.0
13813,824,4.0
13815,640,4.5
13816,888,5.0
13817,1166,3.0
13818,640,4.0
13820,841,4.0
13821,1133,5.0
13823,640,4.0
13830,481,3.0
13832,640,2.0
13835,481,4.0
13836,1171,3.2
13838,748,3.0
13840,640,5.0
13841,748,4.0
13841,749,5.0
13842,824,5.0
13844,369,3.0
13847,481,5.0
13848,640,5.0
13849,650,4.0
13855,369,1.0
13855,640,5.0
13855,673,1.0
13858,640,4.0
13858,748,4.0
13858,749,4.0
13858,841,5.0
13861,841,4.0
13862,369,4.0
13864,640,3.0
13864,824,3.0
13864,841,5.0
13865,1280,3.4
13866,888,5.0
13867,369,3.0
13868,841,5.0
13869,841,5.0
13870,650,3.0
13870,841,5.0
13873,749,3.0
13873,841,5.0
13875,640,4.5
13875,749,5.0
13876,640,3.0
13876,748,4.0
13877,1171,3.0
13878,841,5.0
13879,841,5.0
13887,1166,4.5
13888,640,4.0
13888,824,4.0
13889,481,4.0
13892,673,4.0
13894,673,5.0
13897,673,5.0
13901,841,4.0
13903,737,5.0
13908,824,5.0
13909,824,5.0
13911,673,5.0
13915,369,5.0
13918,481,4.0
13920,640,2.0
13924,1278,5.0
13925,1171,4.0
13930,748,5.0
13931,749,1.0
13932,737,5.0
13932,841,5.0
13936,673,4.0
13937,1278,5.0
13943,640,4.0
13948,748,4.0
13949,640,5.0
13949,737,5.0
13949,1171,4.333333333333333
13951,841,5.0
13953,640,5.0
13954,369,3.0
13954,640,3.0
13956,369,2.0
13956,640,4.0
13956,841,4.0
13962,369,5.0
13964,1238,5.0
13965,640,3.0
13967,640,4.0
13967,749,5.0
13971,1278,4.5
13972,640,3.0
13974,841,5.0
13982,748,4.0
13982,824,5.0
13983,841,5.0
13986,481,3.0
13989,1278,5.0
13993,640,4.666666666666667
13993,748,4.0
13995,481,4.0
13995,640,5.0
13998,673,4.0
13998,737,5.0
14013,841,5.0
14014,640,4.0
14014,737,4.0
14020,369,3.0
14020,640,5.0
14020,748,3.0
14020,841,3.0
14025,748,5.0
14026,748,5.0
14027,1137,4.0
14032,673,4.0
14033,640,5.0
14034,1220,5.0
14035,1220,4.0
14036,650,4.0
14037,748,5.0
14039,640,5.0
14039,748,4.0
14041,650,4.0
14042,749,5.0
14049,481,3.0
14051,748,2.0
14052,640,5.0
14052,841,5.0
14054,673,2.0
14055,737,5.0
14058,640,4.0
14058,748,5.0
14063,369,4.0
14063,640,4.0
14071,841,5.0
14073,737,5.0
14079,841,5.0
14080,1137,3.0
14088,1137,3.5
14093,1278,5.0
14099,841,5.0
14100,1166,5.0
14101,1166,4.0
14106,1278,4.0
14107,650,3.0
14108,650,5.0
14109,748,5.0
14123,640,5.0
14123,824,5.0
14126,640,3.6666666666666665
14126,650,2.0
14126,749,2.0
14132,640,5.0
14133,640,5.0
14135,481,3.0
14137,369,4.0
14137,737,4.0
14137,1171,3.3333333333333335
14138,369,5.0
14138,650,5.0
14141,841,5.0
14143,841,4.0
14150,640,4.0
14150,749,2.0
14152,369,5.0
14153,1220,4.5
14156,640,5.0
14157,824,4.0
14158,640,5.0
14160,1171,5.0
14161,824,5.0
14163,640,4.0
14166,824,5.0
14169,748,4.0
14170,841,5.0
14176,1278,4.666666666666667
14177,673,5.0
14180,737,5.0
14182,737,5.0
14183,481,5.0
14186,640,4.0
14188,640,3.0
14188,824,4.0
14190,640,4.0
14190,748,4.0
14192,1225,2.0
14193,749,5.0
14195,841,5.0
14196,841,5.0
14199,369,3.0
14200,748,5.0
14202,1278,4.0
14212,481,5.0
14213,824,3.0
14218,1133,4.0
14219,841,5.0
14220,737,3.0
14220,824,4.0
14221,673,4.0
14222,748,5.0
14226,640,4.0
14227,737,5.0
14233,1166,5.0
14238,1171,1.0
14239,369,5.0
14240,1166,5.0
14244,369,5.0
14248,748,5.0
14248,749,4.0
14248,841,4.0
14249,824,4.0
14250,975,5.0
14251,737,5.0
14251,748,5.0
14251,824,5.0
14255,640,5.0
14255,748,3.0
14258,841,5.0
14260,640,4.0
14260,737,4.0
14260,748,4.0
14263,640,5.0
14263,824,5.0
14266,1278,5.0
14267,640,5.0
14268,640,5.0
14268,748,5.0
14268,749,4.0
14275,640,4.0
14276,673,5.0
14279,640,5.0
14282,1278,4.5
14287,1280,3.0
14289,673,1.0
14291,640,4.0
14291,749,5.0
14298,673,3.0
14299,841,5.0
14303,1171,3.0
14304,640,4.0
14304,748,5.0
14304,749,3.0
14307,1225,4.0
14309,737,5.0
14310,369,3.0
14310,824,5.0
14311,650,5.0
14312,369,5.0
14313,640,4.0
14315,673,3.0
14315,749,3.0
14317,369,5.0
14322,640,4.0
14323,673,2.0
14325,640,3.0
14325,748,4.0
14325,824,5.0
14326,650,4.0
14327,841,5.0
14328,369,4.0
14333,481,5.0
14334,640,4.0
14334,1171,4.0
14335,1297,1.0
14339,824,4.0
14340,748,2.0
14340,749,3.0
14341,1278,4.0
14345,640,5.0
14345,650,5.0
14345,748,5.0
14346,640,3.3333333333333335
14346,650,4.0
14346,748,5.0
14347,1166,5.0
14350,737,5.0
14350,824,4.0
14351,640,3.0
14353,369,2.0
14353,640,4.0
14353,748,4.0
14354,673,5.0
14365,824,5.0
14367,841,3.0
14370,673,4.0
14372,481,5.0
14375,1297,3.0
14379,640,4.0
14379,749,5.0
14380,650,4.0
14383,748,5.0
14386,640,4.0
14388,673,2.0
14389,640,4.0
14392,673,2.0
14393,841,5.0
14395,841,5.0
14396,748,3.0
14397,640,4.0
14404,369,5.0
14404,841,5.0
14405,737,5.0
14406,841,5.0
14407,640,5.0
14409,748,5.0
14414,481,4.0
14417,650,4.0
14419,640,5.0
14422,673,5.0
14431,640,5.0
14431,650,5.0
14431,737,5.0
14431,824,5.0
14433,841,5.0
14434,481,4.0
14437,1278,5.0
14438,737,3.0
14438,824,5.0
14440,640,4.0
14440,737,4.0
14444,824,4.0
14447,841,5.0
14449,841,5.0
14451,640,4.5
14451,650,2.0
14451,748,5.0
14451,824,5.0
14453,640,4.0
14453,1171,4.2
14454,748,5.0
14455,640,3.0
14455,841,4.0
14456,841,5.0
14457,640,5.0
14457,748,5.0
14459,640,5.0
14461,749,4.0
14466,369,5.0
14467,841,4.0
14468,640,5.0
14472,640,5.0
14475,841,5.0
14477,1297,3.6666666666666665
14480,824,3.0
14481,640,5.0
14483,650,3.0
14486,640,4.0
14486,737,4.0
14486,749,4.0
14486,824,4.0
14489,673,2.0
14491,640,4.0
14493,369,2.0
14493,1278,4.0
14494,737,4.0
14499,737,5.0
14499,748,4.0
14502,748,4.0
14502,749,3.0
14502,824,5.0
14502,841,4.0
14504,640,4.5
14504,748,5.0
14504,749,3.0
14504,824,5.0
14515,824,4.0
14518,650,4.0
14524,369,5.0
14524,841,4.0
14528,1297,3.5
14529,640,4.0
14531,640,3.0
14531,748,3.0
14532,650,4.0
14533,1297,3.0
14535,737,5.0
14540,640,4.0
14541,673,3.0
14544,1297,4.0
14549,640,2.0
14559,369,1.0
14559,640,4.0
14559,841,5.0
14560,640,5.0
14560,650,5.0
14560,673,5.0
14560,737,5.0
14560,749,4.0
14561,481,4.0
14561,749,3.0
14563,650,4.0
14567,673,4.0
14568,650,3.0
14569,650,1.0
14570,841,4.0
14571,673,5.0
14572,737,4.0
14575,748,3.0
14576,748,4.0
14581,841,5.0
14585,640,5.0
14587,640,4.0
14587,748,5.0
14588,650,5.0
14589,824,5.0
14590,640,4.0
14595,369,4.0
14599,640,5.0
14600,749,3.0
14605,640,4.0
14614,640,5.0
14615,369,1.0
14615,673,4.0
14616,748,4.0
14618,737,5.0
14620,650,4.0
14623,749,3.0
14626,673,4.0
14626,824,5.0
14627,640,2.0
14630,640,4.0
14630,650,3.0
14630,748,4.0
14632,640,5.0
14633,673,3.0
14633,841,5.0
14635,640,5.0
14636,824,4.0
14637,749,5.0
14640,841,5.0
14641,481,5.0
14641,640,1.0
14642,841,5.0
14644,481,5.0
14646,650,4.0
14649,824,3.0
14650,640,4.0
14656,1225,3.0
14657,640,5.0
14660,640,5.0
14664,748,4.0
14665,1171,5.0
14671,640,5.0
14676,1238,5.0
14677,650,5.0
14678,748,5.0
14679,841,4.0
14680,673,4.0
14681,1297,2.0
14682,481,5.0
14684,650,4.0
14685,640,5.0
14686,640,5.0
14686,749,5.0
14689,481,5.0
14689,640,5.0
14691,640,2.0
14694,1238,3.6666666666666665
14695,640,4.0
14695,650,5.0
14695,748,5.0
14695,749,5.0
14698,673,4.0
14701,481,5.0
14701,640,5.0
14701,673,4.0
14703,1166,4.5
14705,841,5.0
14707,1278,5.0
14708,369,1.0
14709,369,2.0
14709,650,5.0
14709,1220,5.0
14710,640,3.0
14710,737,4.0
14713,481,5.0
14716,640,4.0
14718,737,3.0
14721,841,5.0
14722,640,5.0
14727,640,4.0
14728,640,4.0
14730,640,5.0
14730,748,5.0
14730,749,4.0
14732,913,3.0
14734,737,3.0
14735,673,2.0
14743,1137,1.0
14747,841,5.0
14749,640,5.0
14749,748,4.0
14753,640,5.0
14755,824,3.0
14755,841,5.0
14756,481,5.0
14757,841,4.0
14758,650,5.0
14760,640,4.0
14765,369,4.0
14770,640,5.0
14775,841,5.0
14781,1280,4.0
14783,975,5.0
14790,640,5.0
14791,640,5.0
14793,841,5.0
14797,481,4.0
14797,841,4.0
14798,369,3.0
14798,673,4.0
14798,748,5.0
14798,841,5.0
14800,841,5.0
14801,640,4.0
14801,650,5.0
14801,841,5.0
14803,640,4.0
14806,650,4.0
14806,737,5.0
14810,975,5.0
14813,1278,5.0
14816,841,5.0
14818,1166,3.3333333333333335
14819,748,4.0
14819,824,4.0
14826,1171,3.0
14827,640,4.0
14827,673,4.0
14833,369,5.0
14833,841,5.0
14834,673,5.0
14836,841,4.0
14836,1171,4.0
14843,673,3.0
14845,841,5.0
14846,369,4.0
14846,481,5.0
14846,650,5.0
14846,673,4.0
14848,824,5.0
14851,640,4.0
14856,1137,5.0
14868,481,4.0
14875,673,5.0
14875,824,5.0
14875,1166,4.2
14879,841,5.0
14889,481,4.0
14891,841,5.0
14892,640,3.0
14897,841,5.0
14898,369,4.0
14899,369,2.0
14899,640,2.0
14900,737,5.0
14902,673,5.0
14903,1171,3.6
14904,737,3.0
14908,1297,4.0
14909,1166,3.3333333333333335
14910,748,5.0
14912,640,5.0
14912,650,4.0
14912,748,5.0
14912,824,5.0
14914,1297,2.0
14915,369,4.0
14915,748,4.0
14915,749,4.0
14916,824,3.0
14917,841,4.0
14919,737,4.0
14921,824,5.0
14922,737,5.0
14924,824,5.0
14926,737,5.0
14928,481,4.0
14929,650,3.0
14935,640,3.0
14936,748,5.0
14937,824,5.0
14939,640,4.0
14940,1166,4.0
14942,737,3.0
14942,748,4.0
14943,1297,4.0
14946,640,5.0
14947,640,4.0
14950,1133,4.0
14952,640,5.0
14953,640,4.0
14954,640,5.0
14956,650,3.0
14960,640,5.0
14966,841,4.0
14968,841,5.0
14969,640,4.0
14972,841,5.0
14973,640,5.0
14976,369,4.0
14980,481,5.0
14982,824,5.0
14983,640,5.0
14985,640,3.0
14986,737,4.0
14987,640,4.0
14987,824,4.0
14988,640,5.0
14991,369,2.0
14993,1166,4.0
14995,748,5.0
14999,369,3.0
15006,640,4.0
15006,748,3.0
15014,824,4.0
15016,640,4.0
15016,737,5.0
15017,748,5.0
15024,481,3.0
15028,640,5.0
15030,640,5.0
15030,650,5.0
15031,1166,4.0
15034,673,3.0
15034,748,4.0
15034,824,5.0
15036,369,4.0
15036,749,4.0
15043,640,3.0
15043,748,3.0
15048,673,3.0
15049,737,2.0
15055,1278,5.0
15059,841,5.0
15061,1166,4.0
15062,640,5.0
15063,640,5.0
15063,748,4.0
15065,640,4.0
15065,650,2.0
15065,737,4.0
15065,748,4.0
15066,673,4.0
15069,640,5.0
15071,640,5.0
15074,1171,4.4
15075,877,4.0
15076,737,5.0
15077,673,1.0
15079,1278,4.0
15080,1278,4.0
15084,640,5.0
15084,748,5.0
15085,369,4.0
15086,1278,3.0
15087,481,4.0
15088,640,5.0
15088,748,5.0
15090,650,4.0
15093,640,3.5
15095,369,4.0
15095,748,5.0
15095,749,5.0
15097,640,4.0
15098,1278,4.0
15099,824,5.0
15101,650,5.0
15107,640,5.0
15122,369,4.0
15123,841,4.0
15126,640,5.0
15126,749,4.0
15128,673,5.0
15133,640,5.0
15142,640,2.0
15145,481,3.0
15146,748,3.0
15149,748,5.0
15149,749,2.0
15155,841,5.0
15158,481,4.0
15159,737,5.0
15161,913,5.0
15163,748,5.0
15163,824,5.0
15167,841,4.0
15172,748,4.0
15178,650,5.0
15181,640,5.0
15186,650,4.0
15186,1297,4.5
15187,748,4.0
15187,824,4.0
15188,841,5.0
15196,748,5.0
15196,749,4.0
15209,673,5.0
15211,481,4.0
15211,673,4.0
15211,737,5.0
15211,748,4.0
15211,1278,4.166666666666667
15212,650,5.0
15223,841,5.0
15224,748,4.0
15225,650,3.0
15226,824,4.0
15230,640,3.0
15231,824,5.0
15232,824,5.0
15242,749,4.0
15248,1278,5.0
15252,1220,4.833333333333333
15253,824,4.0
15254,877,5.0
15254,888,5.0
15254,913,4.0
15255,369,4.0
15257,888,5.0
15260,748,5.0
15264,481,5.0
15267,824,5.0
15270,650,3.0
15271,640,4.0
15271,749,4.0
15275,824,4.0
15276,673,4.0
15281,481,5.0
15281,640,5.0
15281,824,5.0
15281,1171,4.4
15285,841,5.0
15286,369,4.0
15289,841,5.0
15290,369,5.0
15293,749,5.0
15296,748,5.0
15297,640,3.0
15298,824,5.0
15302,975,4.0
15306,748,4.0
15307,841,5.0
15308,640,4.0
15310,841,5.0
15326,748,5.0
15332,737,4.0
15335,640,4.0
15335,749,1.0
15336,640,4.0
15336,824,4.0
15338,737,4.0
15341,640,4.0
15341,650,4.0
15341,824,4.0
15342,673,5.0
15346,640,3.0
15350,737,5.0
15352,640,4.0
15352,737,5.0
15360,640,5.0
15360,650,4.0
15364,841,5.0
15366,640,5.0
15367,369,3.0
15369,673,4.0
15370,841,4.0
15370,1278,5.0
15371,737,4.0
15372,748,1.0
15372,749,3.0
15376,640,5.0
15376,1280,4.0
15377,650,5.0
15380,673,3.0
15384,369,1.0
15386,481,4.0
15390,749,4.0
15396,650,4.0
15398,640,4.0
15402,481,4.0
15405,640,5.0
15405,748,3.0
15409,640,4.0
15409,749,4.0
15410,640,5.0
15410,749,2.0
15411,640,4.0
15415,640,5.0
15415,748,5.0
15415,749,2.0
15416,481,4.0
15416,748,3.0
15417,650,5.0
15418,640,5.0
15431,841,5.0
15433,369,3.0
15439,640,4.0
15439,748,4.0
15442,481,5.0
15445,640,4.0
15445,673,3.0
15445,748,4.0
15448,749,3.0
15450,737,4.0
15451,640,3.0
15456,748,3.0
15457,748,4.0
15459,748,4.0
15463,640,5.0
15463,841,5.0
15464,650,2.0
15465,841,5.0
15466,913,4.0
15466,1278,3.5
15467,640,5.0
15469,673,3.0
15472,640,5.0
15475,748,4.0
15478,640,1.0
15478,824,4.0
15481,481,5.0
15483,737,4.0
15484,888,5.0
15487,640,5.0
15487,1278,3.0
15490,640,5.0
15491,824,3.0
15494,824,5.0
15495,888,4.0
15509,369,3.0
15510,673,5.0
15513,640,5.0
15515,640,5.0
15518,481,5.0
15518,640,5.0
15518,650,5.0
15518,748,5.0
15520,640,5.0
15528,888,5.0
15528,897,4.0
15533,640,5.0
15535,369,2.0
15535,841,5.0
15536,640,5.0
15538,481,5.0
15540,640,3.0
15540,737,4.0
15545,369,3.0
15546,640,4.0
15547,737,4.0
15548,640,4.0
15549,640,5.0
15553,841,4.0
15554,650,4.0
15555,640,4.0
15556,369,3.0
15556,748,4.0
15562,640,4.0
15563,737,4.0
15564,481,4.0
15564,824,4.0
15565,673,4.0
15566,640,5.0
15567,640,5.0
15567,650,5.0
15568,640,3.0
15568,749,4.0
15578,481,4.0
15580,481,4.0
15580,737,4.0
15580,748,3.0
15580,749,5.0
15583,737,5.0
15585,888,5.0
15588,749,4.0
15591,650,3.0
15593,737,5.0
15601,748,2.0
15602,748,1.0
15603,841,5.0
15615,888,5.0
15615,947,4.0
15618,650,5.0
15619,737,4.0
15621,749,3.0
15621,824,5.0
15624,841,5.0
15630,369,3.0
15631,888,5.0
15634,640,4.0
15634,748,3.0
15635,369,4.0
15638,737,5.0
15641,748,1.0
15642,737,5.0
15642,748,5.0
15648,749,5.0
15657,640,5.0
15657,748,5.0
15664,481,2.0
15664,640,4.0
15666,640,4.0
15669,369,5.0
15674,737,5.0
15676,640,5.0
15680,673,5.0
15681,640,4.0
15685,841,4.0
15687,369,3.0
15694,640,5.0
15694,748,3.0
15697,640,5.0
15707,737,1.0
15709,369,4.0
15710,841,5.0
15712,481,3.0
15712,824,4.0
15718,640,5.0
15719,369,3.0
15725,737,5.0
15726,640,4.0
15728,748,5.0
15729,673,5.0
15731,748,4.0
15731,824,5.0
15732,481,5.0
15733,640,4.0
15735,481,4.0
15735,640,5.0
15735,748,5.0
15735,749,4.0
15737,841,5.0
15740,650,5.0
15742,640,5.0
15744,841,5.0
15746,841,5.0
15747,369,4.0
15747,640,4.0
15748,640,4.0
15750,673,5.0
15757,640,5.0
15757,841,5.0
15762,824,4.0
15763,673,5.0
15766,640,4.0
15770,640,3.0
15770,841,4.0
15772,640,4.0
15772,748,5.0
15773,841,1.0
15774,824,5.0
15775,640,5.0
15776,640,5.0
15776,841,4.333333333333333
15778,640,5.0
15779,481,5.0
15779,640,3.5
15782,640,2.5
15782,748,4.0
15783,640,3.0
15786,841,5.0
15789,841,5.0
15791,748,4.0
15794,640,5.0
15798,841,4.0
15803,650,5.0
15804,369,5.0
15805,640,5.0
15805,748,5.0
15805,749,4.0
15807,369,3.0
15807,841,4.0
15809,947,5.0
15810,640,2.0
15814,841,5.0
15815,824,3.0
15816,640,3.0
15817,481,5.0
15818,737,5.0
15820,737,4.0
15822,748,4.0
15823,481,5.0
15824,737,2.0
15826,737,3.0
15827,737,5.0
15829,737,5.0
15836,748,4.0
15838,640,5.0
15840,640,4.0
15842,640,4.0
15847,949,4.0
15848,369,1.0
15851,824,3.0
15852,481,5.0
15852,841,5.0
15853,673,3.0
15854,841,5.0
15855,640,4.0
15856,369,3.0
15856,841,5.0
15862,640,4.0
15862,673,5.0
15862,749,5.0
15865,650,4.0
15865,748,4.0
15872,841,5.0
15873,841,5.0
15874,673,5.0
15874,824,4.0
15875,888,5.0
15878,748,3.0
15878,749,4.0
15881,737,4.0
15886,748,4.0
15887,640,5.0
15891,748,5.0
15893,369,4.0
15893,737,3.0
15893,824,5.0
15894,673,4.0
15897,749,4.0
15898,650,4.0
15906,824,5.0
15912,947,5.0
15922,481,5.0
15922,1171,5.0
15931,640,5.0
15936,913,5.0
15939,748,5.0
15945,650,5.0
15946,888,5.0
15947,841,4.0
15948,369,4.0
15948,748,5.0
15949,888,5.0
15951,640,5.0
15951,748,5.0
15953,640,5.0
15954,824,5.0
15955,640,5.0
15959,673,3.0
15960,640,5.0
15960,748,1.0
15963,748,3.0
15982,841,5.0
15984,369,4.0
15984,737,5.0
15985,640,2.0
15989,737,4.0
15993,824,5.0
15994,737,5.0
15997,650,2.0
15998,640,3.0
15998,650,4.0
15998,673,4.0
15998,737,4.0
15998,841,5.0
16003,737,4.0
16005,824,5.0
16006,640,4.0
16006,841,5.0
16007,841,5.0
16012,673,4.0
16019,841,5.0
16021,369,4.0
16021,1220,3.6666666666666665
16023,640,5.0
16025,650,3.0
16028,841,4.0
16028,1220,4.0
16030,640,4.0
16032,748,4.0
16035,640,5.0
16035,673,5.0
16038,737,5.0
16042,640,3.0
16042,841,5.0
16043,737,4.0
16043,824,5.0
16047,640,3.0
16047,737,5.0
16050,737,3.0
16051,369,3.0
16052,481,3.0
16054,737,4.0
16058,640,4.0
16060,369,5.0
16062,841,5.0
16063,824,4.0
16067,824,2.0
16081,640,5.0
16083,640,4.0
16085,640,3.0
16093,640,5.0
16093,748,4.0
16095,841,5.0
16097,640,4.0
16100,650,1.0
16106,640,5.0
16107,841,4.0
16109,824,5.0
16111,640,4.0
16115,481,5.0
16115,640,5.0
16115,748,4.0
16118,369,4.0
16127,897,3.0
16127,913,3.0
16127,928,4.0
16132,748,5.0
16136,640,4.0
16137,673,4.0
16158,481,3.0
16161,673,5.0
16166,640,5.0
16167,640,4.0
16167,841,4.0
16168,841,5.0
16170,369,3.0
16171,640,5.0
16175,841,5.0
16189,748,4.0
16197,748,4.0
16198,650,5.0
16198,748,5.0
16205,640,5.0
16210,640,4.0
16211,650,3.0
16216,841,5.0
16217,737,5.0
16219,673,4.0
16221,640,4.0
16223,749,2.0
16225,749,5.0
16230,640,4.0
16231,640,5.0
16232,650,5.0
16235,369,3.0
16235,737,4.0
16238,481,3.0
16239,749,4.0
16244,841,5.0
16247,841,5.0
16255,737,3.0
16256,673,3.0
16258,749,3.0
16258,841,5.0
16259,481,3.0
16260,841,4.0
16261,369,5.0
16261,841,5.0
16262,748,5.0
16263,640,3.0
16265,481,4.0
16265,673,4.0
16268,640,2.0
16270,640,4.0
16271,748,4.0
16275,824,4.0
16277,841,4.0
16279,369,3.5
16279,673,3.5
16282,748,4.0
16284,650,5.0
16288,640,4.0
16288,748,5.0
16290,841,4.0
16291,640,4.0
16299,748,4.0
16302,640,5.0
16304,748,5.0
16304,749,5.0
16316,640,4.0
16318,841,5.0
16324,841,5.0
16325,650,5.0
16327,673,5.0
16329,1171,4.0
16334,737,4.0
16335,640,5.0
16335,748,5.0
16338,673,2.0
16339,841,5.0
16343,640,5.0
16343,824,5.0
16344,640,4.0
16345,650,3.0
16346,369,2.0
16349,640,5.0
16349,737,4.0
16351,481,4.0
16355,841,5.0
16359,640,3.0
16359,749,2.0
16362,650,5.0
16368,640,5.0
16373,748,5.0
16376,841,5.0
16378,640,5.0
16381,737,5.0
16381,824,5.0
16384,640,5.0
16388,737,5.0
16389,640,5.0
16389,737,4.0
16395,640,3.0
16396,841,5.0
16399,841,5.0
16405,650,3.0
16405,673,5.0
16407,737,4.0
16409,640,4.0
16409,748,5.0
16409,749,5.0
16418,369,4.0
16418,650,5.0
16419,650,3.0
16420,369,4.0
16420,640,5.0
16420,748,4.0
16426,640,5.0
16428,640,3.0
16429,841,5.0
16432,369,5.0
16434,369,4.0
16434,481,5.0
16437,481,5.0
16442,737,4.0
16443,640,4.0
16443,749,5.0
16446,640,4.0
16450,640,5.0
16452,824,5.0
16459,748,4.0
16462,841,5.0
16465,650,5.0
16468,749,3.0
16471,640,3.0
16471,748,5.0
16479,369,4.0
16479,737,5.0
16479,749,5.0
16480,640,3.0
16481,481,3.0
16481,673,5.0
16482,640,5.0
16484,640,5.0
16484,748,4.0
16489,949,4.0
16491,640,1.0
16492,640,4.0
16493,824,4.0
16494,640,4.0
16494,748,5.0
16498,640,5.0
16501,481,5.0
16501,640,2.0
16504,841,4.0
16505,748,3.0
16507,650,4.0
16508,640,3.0
16508,650,5.0
16510,841,4.0
16511,841,4.0
16514,640,3.0
16515,650,3.0
16517,673,2.0
16517,737,5.0
16523,650,3.0
16527,1166,5.0
16532,640,5.0
16532,841,5.0
16534,748,5.0
16535,748,5.0
16536,640,4.0
16536,748,4.0
16540,640,5.0
16540,748,5.0
16541,824,5.0
16542,640,5.0
16544,481,3.0
16554,640,5.0
16555,640,5.0
16556,650,5.0
16557,824,5.0
16560,737,5.0
16560,824,5.0
16561,841,5.0
16568,749,5.0
16568,824,4.0
16571,748,5.0
16572,737,3.0
16572,749,3.0
16572,824,4.0
16577,369,5.0
16582,650,5.0
16587,640,4.0
16590,824,4.0
16592,841,3.0
16593,748,5.0
16596,920,2.0
16596,1171,3.3333333333333335
16612,841,4.0
16622,748,5.0
16624,369,4.0
16625,640,4.0
16627,640,5.0
16631,824,5.0
16635,369,5.0
16638,640,3.0
16642,748,4.0
16643,481,5.0
16644,640,5.0
16644,748,5.0
16647,673,4.0
16655,824,4.0
16656,640,4.0
16656,749,4.0
16657,1278,4.25
16661,640,3.0
16664,640,5.0
16664,748,5.0
16664,749,3.0
16667,481,4.0
16669,673,4.0
16671,1278,4.0
16672,640,5.0
16672,748,5.0
16675,640,5.0
16676,841,4.0
16682,737,5.0
16687,824,4.0
16688,737,3.0
16691,1166,4.0
16694,369,3.0
16698,369,5.0
16700,737,4.0
16710,888,5.0
16711,640,4.0
16713,748,5.0
16713,1171,4.0
16714,481,5.0
16717,749,4.0
16722,640,3.0
16723,481,5.0
16726,673,2.0
16729,640,4.0
16731,841,5.0
16735,640,5.0
16740,824,3.0
16740,1171,4.666666666666667
16746,748,5.0
16747,640,5.0
16747,748,5.0
16753,640,5.0
16760,841,5.0
16763,369,4.0
16763,640,4.0
16763,673,3.0
16763,748,4.0
16763,841,4.666666666666667
16764,640,5.0
16764,841,4.333333333333333
16769,640,5.0
16771,640,4.0
16771,748,5.0
16776,673,2.0
16779,841,5.0
16780,640,4.0
16780,737,5.0
16782,1278,3.5
16785,369,3.0
16787,369,3.0
16787,640,5.0
16787,749,5.0
16787,824,4.333333333333333
16787,841,5.0
16791,640,5.0
16795,369,2.0
16795,748,1.0
16796,650,4.0
16796,737,5.0
16796,748,5.0
16796,841,4.0
16799,481,4.0
16799,650,4.0
16799,824,5.0
16801,673,5.0
16801,737,5.0
16804,737,4.0
16804,841,5.0
16805,824,4.0
16813,640,5.0
16815,481,4.0
16816,640,5.0
16817,481,5.0
16818,640,5.0
16818,650,2.0
16818,737,3.0
16818,841,5.0
16820,640,4.5
16820,673,3.0
16820,748,5.0
16820,749,3.0
16825,481,4.0
16828,640,5.0
16833,640,3.0
16833,748,2.0
16833,841,5.0
16836,824,5.0
16840,640,5.0
16842,650,4.0
16842,749,4.0
16843,841,5.0
16846,841,4.0
16849,737,4.0
16852,748,4.0
16853,737,4.0
16853,748,4.0
16853,841,5.0
16856,640,4.0
16856,1171,5.0
16860,640,3.0
16861,640,5.0
16861,841,5.0
16862,737,5.0
16862,824,5.0
16865,640,5.0
16865,650,4.0
16865,748,4.0
16866,481,5.0
16867,841,5.0
16868,481,4.0
16869,748,4.0
16870,640,3.0
16870,824,5.0
16870,1171,5.0
16875,841,5.0
16877,640,5.0
16884,748,4.0
16886,369,1.0
16886,481,4.0
16887,749,5.0
16892,748,5.0
16893,369,4.0
16893,673,5.0
16894,841,4.0
16897,640,4.0
16899,824,3.0
16901,640,5.0
16902,737,4.0
16902,824,5.0
16903,640,5.0
16903,748,4.0
16907,369,5.0
16917,841,5.0
16922,650,2.0
16924,640,5.0
16924,1220,5.0
16926,640,4.0
16928,481,3.0
16937,737,4.0
16938,841,5.0
16940,748,4.0
16947,673,5.0
16950,640,5.0
16951,481,5.0
16953,640,5.0
16954,640,4.0
16958,737,4.0
16961,841,5.0
16962,640,4.0
16963,640,4.0
16963,841,4.0
16965,650,4.0
16967,737,3.0
16971,748,5.0
16972,640,3.0
16974,841,4.0
16975,748,5.0
16975,749,4.0
16978,824,5.0
16981,640,4.0
16981,737,5.0
16982,640,4.0
16985,673,5.0
16986,640,2.0
16986,748,4.0
16989,737,4.0
16989,824,4.0
16990,650,5.0
16995,673,4.0
16995,737,4.0
16999,369,2.0
16999,640,4.666666666666667
16999,650,4.0
16999,673,4.5
17000,737,5.0
17003,824,4.0
17004,748,4.0
17006,640,5.0
17008,640,5.0
17008,748,4.0
17011,748,5.0
17018,640,5.0
17023,640,5.0
17028,640,5.0
17028,824,4.0
17028,841,3.0
17029,369,3.0
17029,749,5.0
17032,824,3.0
17033,369,5.0
17033,640,5.0
17033,749,5.0
17036,749,4.0
17039,640,5.0
17042,481,5.0
17044,640,4.0
17047,748,5.0
17047,749,3.0
17049,824,5.0
17050,481,5.0
17050,650,3.0
17059,841,4.0
17062,841,4.0
17063,640,5.0
17063,650,4.0
17065,650,3.5
17065,1297,4.0
17066,737,4.0
17069,640,3.0
17069,650,4.0
17069,673,4.0
17069,749,4.0
17069,841,5.0
17072,748,4.0
17074,650,5.0
17078,369,5.0
17084,369,4.0
17084,640,5.0
17084,749,4.0
17085,749,5.0
17091,824,5.0
17092,841,5.0
17093,369,3.0
17093,650,5.0
17101,748,5.0
17105,481,2.0
17110,650,5.0
17110,748,5.0
17110,841,5.0
17117,737,5.0
17119,737,5.0
17120,824,5.0
17122,481,4.0
17122,640,5.0
17123,640,4.0
17129,841,5.0
17137,748,5.0
17138,640,5.0
17141,749,4.0
17145,748,5.0
17146,748,3.0
17151,841,5.0
17155,737,5.0
17157,1166,3.0
17160,748,5.0
17161,841,5.0
17162,841,5.0
17163,748,5.0
17164,841,5.0
17166,748,1.0
17167,824,5.0
17169,1171,4.2
17177,749,5.0
17194,481,5.0
17195,673,4.0
17195,824,5.0
17195,841,5.0
17201,640,1.0
17202,640,4.0
17207,737,5.0
17207,748,4.0
17207,824,4.0
17210,640,4.0
17215,737,5.0
17221,841,5.0
17223,481,5.0
17224,640,4.0
17226,650,5.0
17227,650,2.0
17235,481,4.0
17235,650,5.0
17235,737,5.0
17235,824,5.0
17245,640,4.0
17247,673,4.0
17247,737,1.0
17247,824,4.0
17253,640,4.0
17254,824,5.0
17255,481,5.0
17264,737,4.0
17272,640,4.0
17272,841,4.0
17279,1297,5.0
17281,748,5.0
17284,640,5.0
17284,748,5.0
17285,650,5.0
17285,824,5.0
17287,737,5.0
17290,749,1.0
17293,737,5.0
17294,640,5.0
17294,748,4.0
17299,1297,2.0
17300,369,4.0
17302,737,4.0
17303,640,5.0
17304,673,4.0
17310,841,5.0
17313,481,5.0
17313,920,5.0
17313,1166,5.0
17323,650,5.0
17324,481,4.0
17325,369,3.0
17325,737,5.0
17327,640,4.0
17331,640,3.0
17331,748,5.0
17332,640,5.0
17332,841,5.0
17336,841,4.0
17344,640,5.0
17346,841,5.0
17352,640,4.0
17358,640,3.0
17358,737,3.0
17358,748,4.0
17358,824,5.0
17359,737,4.0
17359,748,4.0
17360,737,5.0
17364,640,5.0
17368,748,5.0
17369,748,5.0
17370,841,3.0
17373,640,3.0
17375,824,4.0
17378,841,4.0
17379,841,4.0
17384,748,5.0
17385,748,4.0
17386,650,4.0
17386,673,3.0
17386,841,4.0
17387,640,4.0
17390,481,2.0
17392,640,4.0
17392,650,5.0
17393,748,5.0
17393,749,5.0
17395,640,4.0
17401,841,5.0
17402,640,3.0
17409,888,5.0
17409,947,5.0
17411,481,5.0
17411,650,5.0
17411,673,5.0
17411,737,4.0
17411,748,5.0
17411,749,5.0
17411,841,4.5
17412,737,5.0
17413,481,4.0
17414,841,5.0
17417,640,4.25
17421,640,5.0
17427,650,5.0
17429,640,4.0
17429,748,4.0
17431,640,5.0
17432,650,4.0
17438,369,3.0
17442,640,4.0
17442,748,4.0
17444,640,4.0
17444,748,5.0
17444,749,4.0
17446,841,5.0
17447,650,5.0
17450,640,5.0
17451,640,5.0
17451,749,5.0
17453,748,5.0
17455,841,4.0
17456,640,4.0
17459,748,3.0
17460,640,5.0
17462,841,5.0
17464,481,4.0
17464,824,4.0
17467,481,5.0
17467,737,4.0
17467,748,5.0
17467,749,4.0
17468,841,5.0
17469,748,5.0
17469,824,5.0
17471,640,5.0
17472,481,4.0
17473,841,5.0
17474,650,5.0
17480,650,5.0
17483,748,3.0
17484,737,4.0
17487,640,4.0
17487,824,4.0
17489,369,3.0
17489,640,5.0
17489,673,4.0
17489,737,3.0
17491,640,4.0
17492,640,5.0
17493,824,4.0
17496,640,5.0
17499,673,4.0
17500,369,2.0
17504,737,5.0
17505,481,4.0
17506,650,5.0
17507,369,2.5
17507,673,1.0
17508,640,4.0
17508,824,5.0
17509,640,5.0
17510,824,4.0
17511,824,5.0
17511,841,5.0
17516,673,4.0
17526,749,5.0
17536,640,4.0
17537,748,5.0
17538,640,5.0
17543,673,3.0
17544,841,4.0
17545,640,5.0
17547,737,5.0
17562,650,4.0
17563,640,4.0
17569,640,5.0
17569,841,4.0
17571,640,4.0
17575,640,3.0
17576,737,5.0
17577,841,5.0
17582,640,5.0
17585,748,4.0
17585,749,3.0
17586,749,5.0
17587,640,4.0
17589,748,4.0
17593,481,4.0
17593,640,5.0
17593,673,5.0
17595,673,4.0
17595,748,5.0
17596,481,5.0
17597,640,4.0
17597,1297,3.0
17598,1278,4.0
17602,640,5.0
17602,748,4.0
17602,1238,5.0
17603,481,4.0
17609,737,4.0
17612,673,5.0
17614,640,4.0
17616,737,3.0
17617,481,5.0
17618,1297,4.0
17620,749,4.0
17624,640,5.0
17624,748,4.0
17624,749,4.0
17624,824,4.0
17625,673,1.0
17626,640,3.0
17626,748,1.0
17628,640,5.0
17629,824,4.0
17631,841,5.0
17632,640,4.0
17632,749,4.0
17641,737,5.0
17641,841,4.0
17643,369,4.0
17652,947,5.0
17652,975,5.0
17657,1297,3.5714285714285716
17662,841,4.0
17663,640,3.0
17664,640,1.0
17664,748,5.0
17665,748,3.0
17666,640,4.0
17672,640,5.0
17672,748,3.0
17677,673,3.0
17678,640,5.0
17679,640,5.0
17679,749,5.0
17679,841,5.0
17687,841,5.0
17688,841,4.0
17690,640,1.0
17694,841,5.0
17697,841,5.0
17699,748,3.0
17707,640,4.0
17708,640,5.0
17711,369,1.0
17711,737,3.0
17713,749,5.0
17716,824,4.0
17726,640,5.0
17727,824,4.0
17731,640,5.0
17734,748,5.0
17737,749,3.0
17738,640,5.0
17738,748,4.0
17738,1166,2.0
17740,841,5.0
17745,650,5.0
17746,748,5.0
17747,824,4.0
17749,673,5.0
17752,481,5.0
17755,737,4.0
17759,673,4.0
17759,748,4.0
17759,841,4.0
17760,650,3.0
17762,369,1.0
17763,369,4.0
17763,841,5.0
17767,640,3.0
17768,369,2.0
17771,737,4.0
17771,841,5.0
17772,640,4.0
17772,673,5.0
17772,748,5.0
17773,824,5.0
17778,640,3.0
17778,748,3.0
17779,841,5.0
17782,640,4.0
17783,748,5.0
17784,640,5.0
17785,673,3.0
17788,841,5.0
17789,841,5.0
17791,841,5.0
17792,841,5.0
17793,640,4.0
17793,748,4.0
17804,640,4.0
17805,749,4.0
17810,841,4.0
17811,640,5.0
17812,640,5.0
17813,640,4.0
17819,748,3.0
17820,748,5.0
17824,737,5.0
17829,673,5.0
17831,640,5.0
17832,673,4.0
17834,737,2.0
17837,640,4.0
17837,748,3.0
17841,824,4.0
17843,737,3.0
17843,824,5.0
17846,640,5.0
17850,369,3.0
17850,748,5.0
17852,369,4.0
17853,369,3.0
17854,650,4.0
17855,748,5.0
17858,1297,4.0
17859,650,4.0
17864,841,4.0
17869,481,5.0
17877,640,4.0
17877,650,3.0
17877,748,5.0
17878,640,4.0
17884,640,5.0
17885,841,5.0
17886,841,3.6666666666666665
17887,640,5.0
17889,841,4.0
17892,824,5.0
17892,841,4.0
17893,640,4.0
17893,748,5.0
17899,640,5.0
17902,640,3.0
17903,481,4.0
17905,841,5.0
17912,640,4.0
17912,841,4.0
17915,640,3.0
17916,824,4.0
17922,841,5.0
17925,673,5.0
17925,737,5.0
17925,841,5.0
17929,640,2.0
17930,369,5.0
17930,640,4.0
17930,650,4.5
17933,650,4.0
17934,369,2.0
17938,748,5.0
17940,369,4.0
17940,640,5.0
17940,650,4.0
17940,841,5.0
17943,841,5.0
17945,640,4.0
17947,841,5.0
17948,841,5.0
17949,640,4.0
17952,369,4.0
17952,640,4.0
17953,841,5.0
17954,841,4.0
17955,640,5.0
17956,640,4.0
17956,824,4.0
17958,1278,4.0
17960,737,5.0
17960,749,4.0
17962,748,5.0
17964,673,4.0
17968,650,4.0
17976,673,2.0
17977,824,5.0
17981,841,5.0
17984,841,5.0
17985,737,5.0
17985,749,5.0
17988,650,2.0
17990,640,5.0
17991,640,4.0
17991,749,4.0
17997,640,5.0
17997,748,5.0
17997,749,5.0
17999,1297,3.0
18001,737,4.0
18002,640,5.0
18002,824,5.0
18002,1171,5.0
18004,650,4.0
18004,748,4.0
18011,841,5.0
18014,369,1.0
18015,841,5.0
18016,481,2.0
18016,640,5.0
18017,737,4.0
18017,749,5.0
18017,824,5.0
18018,369,5.0
18018,650,5.0
18020,748,5.0
18022,748,5.0
18022,749,4.0
18023,1171,3.3333333333333335
18026,841,5.0
18027,640,5.0
18027,650,5.0
18027,748,3.0
18029,640,4.0
18032,640,4.0
18032,824,5.0
18034,737,4.0
18040,737,4.0
18040,748,5.0
18040,749,5.0
18042,640,5.0
18043,640,3.0
18047,841,5.0
18051,841,4.0
18052,640,5.0
18054,640,5.0
18055,841,5.0
18056,841,5.0
18059,748,5.0
18067,841,4.0
18068,481,4.0
18074,640,4.0
18077,841,5.0
18078,824,4.0
18083,640,5.0
18085,640,5.0
18088,841,4.5
18089,841,5.0
18092,748,5.0
18100,748,5.0
18105,640,3.0
18105,737,5.0
18106,650,5.0
18106,748,4.0
18106,841,5.0
18107,673,4.0
18108,369,1.0
18112,640,5.0
18112,737,5.0
18116,640,5.0
18116,673,3.0
18116,748,5.0
18119,650,4.0
18120,737,4.0
18121,640,2.0
18121,737,4.0
18121,824,5.0
18122,841,5.0
18124,640,4.0
18127,749,3.0
18128,737,4.0
18128,841,5.0
18134,824,5.0
18135,481,5.0
18135,640,5.0
18137,640,1.0
18138,640,4.0
18140,748,4.0
18142,824,4.0
18149,841,5.0
18153,640,4.0
18153,673,4.0
18154,748,5.0
18156,640,4.0
18157,640,5.0
18158,824,4.0
18160,481,5.0
18166,640,5.0
18168,737,3.0
18170,650,1.0
18175,748,5.0
18178,824,5.0
18181,369,1.0
18182,369,3.0
18182,841,5.0
18186,841,5.0
18187,640,4.0
18191,673,5.0
18193,748,4.0
18194,748,5.0
18197,640,5.0
18198,824,2.0
18200,640,4.0
18202,737,5.0
18206,650,2.0
18208,841,5.0
18213,650,5.0
18215,640,4.0
18216,640,5.0
18216,748,3.0
18217,841,4.5
18218,841,5.0
18221,748,1.0
18228,737,5.0
18228,824,5.0
18231,841,5.0
18232,650,3.0
18233,673,3.0
18234,824,3.0
18237,640,3.0
18238,640,5.0
18240,737,5.0
18242,640,3.0
18243,841,4.0
18244,640,4.0
18246,841,5.0
18250,640,5.0
18253,841,4.0
18258,737,4.0
18264,640,5.0
18264,749,4.0
18264,841,4.0
18266,640,4.0
18267,824,5.0
18269,937,3.0
18270,673,5.0
18271,737,1.0
18275,640,4.0
18275,737,4.0
18276,481,3.0
18277,369,4.0
18277,673,5.0
18278,640,5.0
18281,673,4.0
18286,841,3.0
18287,841,5.0
18288,640,4.0
18289,481,5.0
18290,673,3.0
18291,748,2.0
18295,640,4.0
18296,737,5.0
18296,749,4.0
18297,640,5.0
18298,650,5.0
18298,737,5.0
18303,1278,5.0
18306,841,4.0
18307,369,4.0
18307,481,5.0
18307,640,4.333333333333333
18307,749,5.0
18307,841,5.0
18313,369,5.0
18313,824,4.0
18315,841,4.0
18316,841,5.0
18317,737,3.0
18318,673,4.0
18318,1171,3.7777777777777777
18320,640,4.0
18321,673,5.0
18325,369,1.0
18325,640,1.0
18325,749,2.0
18327,640,5.0
18327,749,3.0
18328,841,5.0
18331,650,2.0
18334,640,5.0
18335,640,3.0
18336,481,4.0
18340,748,4.0
18341,748,4.0
18342,640,3.0
18343,841,3.0
18344,640,4.0
18347,673,5.0
18348,640,4.0
18348,841,5.0
18349,841,5.0
18350,673,4.0
18352,640,5.0
18358,640,5.0
18361,369,3.0
18362,640,2.0
18362,650,5.0
18365,737,4.0
18366,841,5.0
18369,640,5.0
18371,481,5.0
18372,650,4.0
18374,640,5.0
18376,481,5.0
18381,481,4.0
18383,640,4.0
18386,748,5.0
18386,749,5.0
18387,888,4.0
18389,640,3.0
18394,640,5.0
18395,369,5.0
18395,650,4.0
18395,841,4.0
18396,640,5.0
18402,650,4.0
18403,640,3.0
18403,749,4.0
18404,640,4.0
18404,749,4.0
18405,841,5.0
18407,841,3.0
18410,640,4.0
18411,640,3.5
18411,748,4.5
18412,824,4.0
18413,369,4.0
18414,369,4.0
18414,650,4.0
18414,737,4.0
18414,1171,4.0
18418,640,3.0
18419,673,4.0
18420,481,4.0
18426,737,4.0
18427,640,2.0
18427,841,1.0
18430,640,4.0
18431,640,4.0
18431,748,3.0
18431,749,4.0
18432,640,5.0
18433,640,4.0
18438,841,4.0
18441,737,3.0
18442,640,5.0
18444,640,5.0
18445,369,2.0
18445,841,4.0
18450,640,4.0
18452,673,2.0
18453,640,4.0
18458,841,5.0
18459,650,3.0
18460,640,4.0
18461,369,1.0
18461,841,5.0
18462,748,4.0
18465,640,5.0
18467,748,3.0
18474,369,1.0
18474,841,5.0
18475,650,5.0
18486,640,4.0
18487,920,2.0
18487,937,3.0
18489,640,5.0
18492,640,5.0
18493,640,4.0
18493,650,5.0
18494,841,5.0
18496,640,5.0
18498,749,5.0
18498,841,5.0
18500,640,5.0
18500,749,3.0
18501,640,4.0
18503,640,4.0
18503,673,5.0
18503,748,3.0
18505,640,5.0
18505,748,5.0
18505,841,4.0
18508,640,4.0
18514,640,4.0
18514,748,4.0
18515,640,4.0
18515,749,3.0
18516,841,5.0
18517,640,4.0
18517,841,5.0
18519,749,4.0
18521,640,4.0
18525,748,5.0
18529,673,5.0
18535,650,2.0
18537,748,4.0
18538,640,4.0
18539,640,5.0
18539,737,5.0
18540,748,5.0
18543,737,5.0
18551,650,4.5
18552,640,4.0
18553,824,4.0
18556,920,5.0
18556,1280,4.0
18558,481,5.0
18560,841,4.0
18563,650,4.0
18566,640,5.0
18566,749,2.0
18567,748,4.0
18570,640,4.0
18570,824,4.0
18572,640,4.0
18572,748,5.0
18573,640,5.0
18573,737,5.0
18579,640,4.0
18580,640,4.0
18581,673,5.0
18587,640,5.0
18589,841,5.0
18590,640,4.0
18592,640,4.0
18592,841,4.4
18593,737,3.0
18595,640,5.0
18595,749,4.0
18600,640,4.0
18602,673,5.0
18604,841,4.0
18605,650,5.0
18616,1171,4.0
18617,640,4.0
18617,824,4.0
18618,640,5.0
18620,748,5.0
18621,640,5.0
18621,748,4.0
18626,824,5.0
18628,481,5.0
18628,640,4.0
18628,737,5.0
18633,640,5.0
18636,841,5.0
18637,673,4.0
18638,737,4.0
18644,369,2.0
18645,673,4.0
18646,749,4.0
18647,737,4.0
18648,481,5.0
18649,737,5.0
18651,640,5.0
18651,748,5.0
18653,650,4.0
18654,748,3.0
18655,640,3.0
18657,481,4.0
18660,841,5.0
18667,369,1.0
18669,640,5.0
18669,748,5.0
18671,640,5.0
18671,748,4.0
18672,673,4.0
18672,737,4.0
18676,673,4.0
18679,673,5.0
18680,737,5.0
18681,748,5.0
18681,824,5.0
18685,640,3.0
18688,673,2.0
18695,841,4.0
18701,640,4.0
18704,369,4.0
18707,640,4.0
18707,748,2.0
18707,749,3.0
18713,673,4.0
18715,748,3.0
18721,640,5.0
18724,369,5.0
18724,841,5.0
18727,640,5.0
18728,748,3.0
18729,640,5.0
18731,640,5.0
18734,640,4.0
18739,824,4.0
18740,650,4.0
18745,1133,4.0
18749,673,5.0
18752,841,5.0
18761,841,5.0
18763,748,4.0
18766,1297,3.0
18767,640,4.0
18770,650,4.0
18771,841,4.0
18774,748,3.0
18774,749,4.0
18777,650,4.0
18778,673,5.0
18783,640,3.0
18785,748,4.0
18786,650,2.0
18788,640,4.0
18793,841,5.0
18794,640,5.0
18796,640,4.0
18797,481,3.0
18798,749,4.0
18799,640,5.0
18807,640,5.0
18808,640,5.0
18808,737,5.0
18808,748,4.0
18808,749,5.0
18808,824,5.0
18810,748,4.0
18810,824,5.0
18812,640,5.0
18812,749,5.0
18812,824,5.0
18813,737,4.0
18816,673,3.0
18818,841,4.0
18822,640,3.0
18825,369,4.0
18825,650,3.0
18825,673,5.0
18825,824,4.0
18837,673,5.0
18838,824,4.0
18840,650,4.0
18841,640,4.0
18846,640,3.0
18853,841,5.0
18857,841,5.0
18858,737,5.0
18858,841,5.0
18863,369,3.0
18863,640,4.0
18868,369,3.0
18870,640,5.0
18874,369,5.0
18877,640,4.0
18879,650,4.0
18879,737,3.0
18879,748,3.0
18879,824,3.0
18884,640,4.0
18885,640,4.0
18887,749,5.0
18890,640,4.0
18892,650,4.0
18897,673,5.0
18899,650,5.0
18902,640,5.0
18903,640,4.0
18903,748,3.0
18905,947,5.0
18905,949,5.0
18905,1238,4.333333333333333
18909,640,4.0
18909,748,3.0
18919,737,1.0
18927,369,2.0
18927,481,4.0
18927,748,4.0
18928,640,3.0
18931,841,5.0
18935,640,5.0
18940,841,4.0
18942,650,4.0
18946,1171,4.75
18948,369,3.0
18950,640,4.0
18954,640,4.0
18956,824,5.0
18957,673,5.0
18963,888,5.0
18969,748,3.0
18969,749,3.0
18978,673,3.0
18978,824,5.0
18983,841,4.0
18984,481,2.0
18988,640,4.0
18997,737,4.0
18997,748,5.0
18997,824,4.0
18999,369,2.0
19000,673,4.0
19002,748,3.0
19004,673,3.0
19005,748,5.0
19007,841,5.0
19011,841,5.0
19013,737,4.0
19013,824,4.0
19017,841,5.0
19019,673,3.0
19021,673,5.0
19023,640,4.0
19025,640,4.0
19030,369,3.0
19031,640,5.0
19034,841,5.0
19036,841,5.0
19039,673,4.0
19040,481,1.0
19045,841,5.0
19046,748,3.0
19055,748,5.0
19059,748,5.0
19063,369,5.0
19072,640,5.0
19072,748,5.0
19073,824,4.0
19076,640,3.0
19076,748,3.0
19076,749,1.0
19078,640,5.0
19079,749,5.0
19080,841,4.0
19081,369,3.5
19081,650,4.0
19081,673,3.0
19082,737,5.0
19083,824,4.0
19083,841,5.0
19084,824,5.0
19085,640,4.0
19088,650,5.0
19091,640,4.0
19092,640,4.0
19094,841,5.0
19095,640,5.0
19096,640,4.0
19098,369,3.0
19099,640,4.0
19104,369,4.0
19111,640,5.0
19111,650,4.0
19113,749,4.0
19116,640,4.0
19116,748,5.0
19116,824,4.0
19117,824,3.0
19118,640,1.0
19121,1133,4.0
19124,824,4.0
19135,650,5.0
19136,640,4.0
19136,749,4.0
19136,841,4.0
19138,640,5.0
19146,369,3.0
19149,841,5.0
19150,673,3.0
19151,640,1.0
19156,640,5.0
19156,737,5.0
19157,748,3.0
19159,369,5.0
19164,640,5.0
19166,841,5.0
19171,841,5.0
19175,748,3.0
19181,640,5.0
19183,841,4.0
19189,640,4.0
19190,650,5.0
19194,650,4.0
19194,748,5.0
19194,749,5.0
19200,640,5.0
19200,841,5.0
19206,369,3.0
19206,640,4.5
19206,749,4.0
19207,640,4.0
19208,748,5.0
19209,650,4.0
19210,640,5.0
19210,748,4.0
19214,841,4.0
19215,673,5.0
19215,824,4.0
19218,673,5.0
19219,481,4.0
19220,748,4.0
19221,640,4.0
19221,824,5.0
19222,640,4.0
19222,748,4.0
19228,749,4.0
19229,737,4.0
19237,640,4.0
19237,824,5.0
19237,1171,3.625
19239,640,5.0
19241,841,5.0
19245,640,5.0
19247,640,3.0
19253,1278,5.0
19255,481,5.0
19256,650,4.0
19258,481,5.0
19260,748,4.0
19262,748,4.0
19263,673,5.0
19264,824,5.0
19266,841,5.0
19271,650,3.0
19279,748,5.0
19281,1137,5.0
19284,481,4.0
19285,640,4.0
19289,737,4.0
19289,748,5.0
19291,481,5.0
19291,640,5.0
19291,737,5.0
19291,749,4.0
19291,824,5.0
19293,640,5.0
19294,650,5.0
19297,737,5.0
19299,640,4.0
19302,650,4.0
19304,640,4.0
19304,650,5.0
19309,640,5.0
19309,748,5.0
19310,841,5.0
19313,640,1.0
19315,877,3.0
19315,897,3.0
19315,913,4.0
19315,937,3.0
19316,841,4.0
19321,841,3.0
19329,640,4.0
19332,748,4.0
19341,650,5.0
19345,824,4.0
19350,640,3.0
19350,748,4.0
19353,640,5.0
19357,481,4.0
19359,748,4.0
19367,369,4.0
19368,673,5.0
19372,737,5.0
19374,737,4.0
19374,824,4.0
19378,640,5.0
19379,640,5.0
19381,841,4.0
19383,650,3.0
19384,673,5.0
19388,650,5.0
19389,481,5.0
19395,369,4.0
19395,481,5.0
19395,1278,5.0
19406,640,4.0
19407,673,3.0
19407,824,3.0
19414,640,5.0
19417,947,5.0
19418,640,3.0
19423,737,4.0
19424,737,4.0
19424,749,4.0
19425,481,4.0
19428,640,5.0
19429,650,4.0
19429,841,5.0
19430,841,4.0
19431,841,5.0
19432,673,5.0
19434,640,4.0
19434,824,4.0
19438,640,5.0
19453,650,4.0
19453,737,4.0
19454,640,5.0
19456,640,5.0
19458,749,3.0
19460,369,3.0
19463,640,5.0
19463,748,4.0
19466,748,5.0
19466,1297,4.5
19467,640,4.0
19467,673,4.0
19470,481,3.0
19471,640,4.0
19474,841,5.0
19479,640,5.0
19480,369,1.0
19480,748,4.0
19482,749,5.0
19488,748,4.0
19488,824,4.0
19494,737,4.0
19499,748,5.0
19501,481,4.0
19501,673,5.0
19502,640,5.0
19504,640,5.0
19504,841,5.0
19507,841,4.0
19508,640,5.0
19509,748,3.0
19510,640,4.0
19513,640,5.0
19517,841,5.0
19520,640,4.0
19521,737,5.0
19521,1166,4.0
19524,650,5.0
19526,841,5.0
19527,748,4.0
19531,640,3.0
19535,640,4.0
19536,650,3.0
19536,748,5.0
19536,749,3.0
19538,481,5.0
19540,841,5.0
19547,841,5.0
19551,824,5.0
19553,748,3.5
19555,824,5.0
19557,640,4.0
19557,673,3.0
19561,640,2.0
19562,737,5.0
19564,673,1.0
19567,673,4.0
19572,824,4.0
19574,841,4.0
19576,1171,3.0
19577,481,3.0
19581,640,5.0
19585,640,2.0
19585,748,3.0
19587,913,5.0
19587,1278,4.0
19592,650,4.0
19595,650,4.0
19596,737,2.0
19598,841,5.0
19605,748,5.0
19608,640,4.0
19609,841,5.0
19610,673,5.0
19612,481,5.0
19615,748,5.0
19618,920,5.0
19621,1297,5.0
19625,737,5.0
19628,748,3.0
19628,749,4.0
19632,824,5.0
19633,841,5.0
19635,640,5.0
19636,369,3.0
19636,737,4.0
19636,749,4.0
19636,824,5.0
19643,737,5.0
19649,748,4.0
19654,481,4.0
19654,640,5.0
19657,841,4.0
19658,1225,3.0
19662,481,5.0
19666,640,4.0
19667,737,5.0
19668,841,5.0
19669,824,2.0
19670,748,4.0
19671,650,3.0
19673,841,4.0
19675,369,4.0
19675,749,4.0
19676,841,4.0
19679,640,5.0
19680,640,4.0
19680,650,3.0
19681,640,3.0
19682,975,3.0
19683,640,3.0
19683,749,4.0
19687,650,5.0
19689,369,4.0
19689,640,4.0
19694,650,5.0
19694,841,4.0
19700,640,5.0
19700,673,1.0
19701,640,5.0
19701,650,5.0
19701,748,3.0
19701,841,4.75
19702,650,4.0
19702,749,4.0
19707,737,4.0
19709,640,5.0
19709,748,5.0
19709,841,2.0
19714,650,5.0
19722,369,3.0
19724,640,2.0
19727,640,5.0
19727,748,3.0
19728,650,5.0
19730,640,4.0
19739,748,5.0
19748,640,4.0
19748,673,3.0
19750,841,5.0
19754,673,4.0
19755,841,5.0
19757,749,5.0
19763,640,3.0
19763,1133,5.0
19765,640,4.0
19765,748,3.0
19766,640,5.0
19771,841,4.0
19774,650,3.0
19778,481,2.0
19781,673,5.0
19782,841,4.0
19784,640,5.0
19785,640,4.0
19788,748,5.0
19789,650,5.0
19791,748,5.0
19791,824,5.0
19792,640,4.0
19795,640,4.0
19795,748,4.0
19810,841,5.0
19811,481,3.0
19811,673,4.0
19813,369,4.0
19813,841,4.666666666666667
19815,640,2.0
19820,841,4.0
19821,841,4.0
19822,841,5.0
19823,748,5.0
19825,841,3.6666666666666665
19828,748,4.0
19829,640,5.0
19829,749,4.0
19837,481,4.0
19838,640,5.0
19838,748,5.0
19843,640,4.0
19844,369,3.3333333333333335
19844,640,4.0
19844,673,3.0
19845,640,4.0
19845,748,4.0
19848,640,5.0
19848,650,3.0
19848,748,4.5
19848,749,3.0
19848,824,5.0
19852,640,4.0
19857,888,5.0
19858,640,5.0
19858,673,2.0
19858,749,4.0
19860,640,5.0
19862,640,4.0
19863,824,4.0
19863,1297,5.0
19866,640,4.0
19869,841,4.0
19871,369,4.0
19871,749,4.0
19873,481,5.0
19877,640,4.0
19877,737,4.0
19879,748,5.0
19880,841,5.0
19882,369,4.0
19883,673,4.0
19884,748,4.0
19887,640,4.0
19888,841,5.0
19891,841,5.0
19892,841,4.0
19894,841,5.0
19896,640,4.0
19896,841,5.0
19899,640,4.0
19901,748,4.0
19902,369,3.0
19907,369,1.0
19908,841,5.0
19909,640,5.0
19909,841,5.0
19914,748,3.0
19914,1278,5.0
19917,824,4.0
19919,841,4.0
19920,640,4.0
19921,673,5.0
19924,748,4.0
19929,640,5.0
19929,749,4.0
19932,650,5.0
19932,737,4.5
19932,824,5.0
19932,841,5.0
19933,640,3.0
19934,650,4.0
19936,640,4.0
19936,650,4.0
19936,748,5.0
19936,824,5.0
19939,640,5.0
19942,737,4.0
19944,481,1.0
19945,640,5.0
19945,737,4.0
19945,841,5.0
19947,640,5.0
19948,481,5.0
19948,824,5.0
19948,841,5.0
19949,748,3.0
19949,1166,3.0
19952,841,5.0
19958,640,5.0
19961,650,5.0
19961,737,4.0
19961,841,3.6666666666666665
19972,841,4.0
19976,650,5.0
19978,640,4.0
19978,749,3.0
19978,824,4.0
19981,824,4.0
19983,748,5.0
19986,841,5.0
19987,640,1.0
19987,650,5.0
19988,748,5.0
19993,640,5.0
19997,640,4.0
19999,748,5.0
20000,640,3.0
20001,673,4.0
20006,749,4.0
20007,748,5.0
20008,640,3.0
20010,369,5.0
20010,673,5.0
20012,673,4.0
20015,640,4.0
20017,650,5.0
20018,369,3.0
20019,640,2.0
20020,673,3.0
20023,841,5.0
20024,640,5.0
20026,737,4.0
20026,824,4.0
20029,749,5.0
20030,841,4.0
20032,640,4.0
20035,737,4.0
20037,640,5.0
20037,748,5.0
20043,481,4.0
20043,650,3.0
20043,824,3.0
20047,640,3.0
20049,640,4.0
20050,369,3.0
20051,640,5.0
20051,748,4.0
20051,749,4.0
20053,673,2.0
20054,1166,2.25
20055,640,3.0
20056,841,4.0
20057,824,5.0
20058,640,1.0
20061,640,5.0
20061,748,3.0
20063,749,3.0
20064,841,5.0
20065,640,5.0
20071,749,4.0
20072,640,2.0
20072,749,4.0
20075,748,4.0
20076,737,3.0
20077,748,5.0
20080,369,3.0
20081,481,5.0
20082,737,5.0
20082,824,5.0
20084,673,4.0
20084,824,4.0
20084,841,5.0
20088,841,5.0
20092,841,4.0
20094,841,3.0
20096,748,2.0
20097,841,5.0
20098,640,4.0
20100,650,4.0
20100,749,3.0
20101,481,5.0
20101,640,5.0
20101,748,4.0
20101,841,4.666666666666667
20108,947,5.0
20109,650,5.0
20112,888,5.0
20114,650,4.0
20118,640,5.0
20118,748,4.0
20118,749,4.0
20119,640,5.0
20123,748,5.0
20123,824,5.0
20130,737,4.0
20135,650,5.0
20145,640,4.0
20145,748,3.0
20153,673,3.0
20155,673,3.0
20157,673,5.0
20157,824,3.0
20164,640,5.0
20166,841,5.0
20171,824,4.0
20173,673,3.0
20175,640,4.0
20176,640,1.0
20178,841,5.0
20180,650,4.0
20183,841,5.0
20184,640,4.0
20184,748,5.0
20184,749,4.0
20186,748,4.0
20186,841,4.0
20191,640,5.0
20192,640,4.0
20199,481,5.0
20199,650,4.0
20199,748,5.0
20199,749,5.0
20200,841,5.0
20201,640,3.0
20204,640,5.0
20204,650,1.0
20210,640,3.0
20210,748,4.0
20211,640,5.0
20212,841,5.0
20213,824,5.0
20214,841,4.0
20217,841,5.0
20218,737,5.0
20218,841,4.0
20220,673,3.0
20222,650,3.0
20222,888,5.0
20223,749,3.0
20233,824,3.0
20234,748,3.0
20235,640,3.0
20235,650,2.0
20235,748,4.0
20238,640,5.0
20238,748,4.0
20239,640,3.0
20239,824,3.0
20242,737,5.0
20242,748,5.0
20249,640,5.0
20253,640,4.0
20253,673,4.5
20253,841,4.333333333333333
20256,824,4.0
20258,640,5.0
20258,650,3.0
20258,748,4.5
20258,749,5.0
20259,650,4.0
20260,640,4.0
20262,737,5.0
20265,824,5.0
20269,640,4.0
20272,640,5.0
20276,640,5.0
20278,369,2.0
20278,640,5.0
20278,1166,3.2
20283,650,5.0
20284,673,4.0
20288,673,4.0
20300,841,5.0
20302,841,5.0
20303,640,5.0
20305,640,4.0
20308,749,5.0
20313,640,5.0
20313,749,5.0
20315,640,5.0
20315,650,5.0
20317,640,5.0
20317,748,5.0
20320,737,4.0
20321,640,5.0
20321,673,5.0
20323,737,4.0
20324,673,4.0
20324,748,4.0
20324,1280,3.5
20327,737,4.0
20329,737,4.0
20332,748,5.0
20333,640,4.0
20335,841,4.0
20337,748,5.0
20342,640,5.0
20342,841,5.0
20343,640,4.0
20345,481,5.0
20349,749,5.0
20350,673,4.0
20353,481,5.0
20355,369,1.0
20356,640,4.0
20357,841,5.0
20361,673,5.0
20362,640,3.5
20363,737,5.0
20366,650,3.0
20367,640,5.0
20370,640,4.0
20370,748,3.0
20372,640,5.0
20375,640,4.0
20380,748,2.0
20385,640,3.0
20385,737,5.0
20385,748,5.0
20386,673,3.0
20397,640,5.0
20399,748,4.0
20400,650,5.0
20405,824,5.0
20406,640,5.0
20413,640,5.0
20413,749,4.0
20415,841,5.0
20416,640,4.0
20420,650,5.0
20428,640,5.0
20431,748,5.0
20445,481,2.0
20446,888,4.0
20446,1278,4.0
20449,640,5.0
20451,369,5.0
20451,650,4.0
20451,737,3.0
20457,481,4.0
20457,737,3.0
20458,841,5.0
20460,841,4.0
20465,748,4.0
20466,888,5.0
20466,1166,3.0
20472,369,2.0
20472,640,2.0
20475,737,5.0
20475,841,5.0
20477,841,4.0
20480,737,5.0
20480,841,5.0
20482,650,4.0
20484,737,5.0
20484,824,4.0
20485,640,4.0
20489,640,4.0
20490,640,5.0
20491,650,5.0
20496,640,4.5
20496,737,5.0
20497,841,5.0
20502,640,5.0
20502,650,4.0
20502,841,5.0
20503,640,5.0
20503,650,4.0
20504,369,4.0
20504,640,5.0
20504,650,4.25
20504,673,4.0
20504,748,5.0
20504,749,5.0
20504,824,4.0
20514,1297,4.0
20523,748,4.0
20529,737,4.0
20532,369,5.0
20532,640,5.0
20532,748,2.0
20532,841,5.0
20533,481,5.0
20538,640,5.0
20543,640,4.0
20549,841,5.0
20550,640,3.0
20550,748,4.0
20551,640,5.0
20551,673,5.0
20551,748,5.0
20551,749,5.0
20552,640,5.0
20553,640,4.0
20554,749,4.0
20555,748,5.0
20556,841,4.0
20558,481,5.0
20567,749,4.0
20568,369,1.0
20568,481,3.0
20569,841,4.0
20574,748,1.0
20575,841,5.0
20577,841,4.0
20583,841,5.0
20586,841,5.0
20588,673,1.0
20592,841,4.0
20593,748,5.0
20594,737,5.0
20595,841,5.0
20596,841,5.0
20600,1166,2.0
20601,640,3.0
20602,841,5.0
20607,640,4.0
20608,369,1.0
20608,640,5.0
20615,748,5.0
20616,841,4.0
20617,640,4.0
20618,369,4.0
20626,640,5.0
20626,673,2.0
20627,673,3.0
20627,737,3.0
20627,824,4.0
20631,640,5.0
20632,369,5.0
20639,673,2.0
20639,737,4.0
20641,841,5.0
20642,640,5.0
20643,640,4.0
20645,640,4.0
20646,481,3.0
20646,841,5.0
20649,640,1.0
20649,748,5.0
20650,673,4.0
20650,1278,4.333333333333333
20652,888,5.0
20654,650,4.0
20655,481,5.0
20655,640,4.5
20655,748,4.0
20657,748,3.0
20661,841,5.0
20662,1297,3.4
20663,640,5.0
20665,841,4.0
20666,640,5.0
20671,1166,4.5
20674,824,4.0
20674,841,5.0
20675,841,5.0
20677,650,4.0
20678,737,5.0
20680,824,4.0
20680,1278,3.5
20685,640,3.0
20685,824,3.0
20688,640,4.0
20688,673,3.0
20688,737,5.0
20688,749,3.0
20688,824,5.0
20693,673,5.0
20694,737,2.0
20694,824,1.0
20695,824,4.0
20696,841,5.0
20705,841,5.0
20706,640,5.0
20709,481,5.0
20710,888,5.0
20710,897,4.0
20710,1220,4.5
20711,481,1.0
20711,640,4.0
20712,640,5.0
20713,369,3.0
20713,640,4.0
20713,650,4.0
20713,673,4.0
20713,841,4.5
20716,481,4.0
20716,841,4.0
20722,640,4.0
20722,748,5.0
20725,749,3.0
20727,748,5.0
20728,640,3.0
20730,640,4.0
20730,841,5.0
20731,748,3.0
20734,640,5.0
20739,748,3.0
20743,640,5.0
20743,748,5.0
20746,841,5.0
20750,640,5.0
20761,749,3.0
20762,369,4.0
20762,481,4.0
20762,749,5.0
20762,824,4.0
20769,1297,4.0
20770,640,3.0
20771,650,3.0
20775,673,3.0
20776,640,5.0
20777,640,3.0
20778,640,5.0
20779,748,5.0
20781,737,4.0
20784,824,5.0
20785,1171,4.0
20790,640,5.0
20795,640,5.0
20798,640,5.0
20798,748,4.0
20798,749,4.0
20799,650,5.0
20802,737,4.0
20810,841,5.0
20814,640,4.0
20817,841,5.0
20821,481,4.0
20824,673,4.0
20826,650,3.0
20826,737,3.0
20827,640,5.0
20833,824,4.0
20841,640,5.0
20841,841,5.0
20848,841,4.0
20851,640,5.0
20852,640,3.0
20863,640,4.0
20863,748,3.0
20864,748,4.0
20867,640,5.0
20870,841,4.0
20871,748,5.0
20873,1166,4.166666666666667
20875,640,5.0
20879,640,5.0
20882,640,5.0
20887,1297,4.0
20889,640,5.0
20892,947,5.0
20894,749,3.0
20898,673,5.0
20899,841,5.0
20902,640,3.0
20904,640,5.0
20904,748,4.0
20906,640,5.0
20906,748,3.0
20907,640,5.0
20907,673,3.0
20907,749,4.0
20909,737,4.0
20911,737,4.0
20916,737,5.0
20917,640,4.0
20918,673,3.0
20920,841,5.0
20921,650,3.0
20924,673,2.0
20925,640,3.0
20927,841,5.0
20930,640,5.0
20935,640,3.0
20935,748,3.0
20940,737,5.0
20940,748,5.0
20945,841,5.0
20946,640,5.0
20946,841,5.0
20948,640,5.0
20949,481,5.0
20949,640,5.0
20949,749,4.0
20952,841,5.0
20954,640,4.0
20957,640,4.0
20960,640,5.0
20961,640,5.0
20962,748,5.0
20965,748,5.0
20970,640,5.0
20973,640,4.0
20974,841,5.0
20977,640,5.0
20986,737,4.0
20987,640,5.0
20990,748,5.0
20990,749,5.0
20993,640,5.0
20996,748,4.0
20999,748,3.0
20999,824,4.0
20999,1278,4.0
21002,640,4.0
21007,481,4.0
21009,824,4.0
21011,650,3.0
21011,748,3.0
21012,640,5.0
21014,369,2.0
21015,369,3.0
21018,640,3.0
21018,841,4.0
21021,640,5.0
21028,640,5.0
21032,640,5.0
21032,748,5.0
21038,369,5.0
21040,369,3.0
21040,748,4.0
21042,650,4.0
21043,673,3.0
21043,841,5.0
21048,640,4.0
21048,748,4.0
21052,737,4.0
21052,841,4.0
21053,640,4.0
21053,737,4.0
21053,824,3.0
21056,748,1.0
21058,673,4.0
21058,737,4.0
21059,640,5.0
21060,640,5.0
21064,650,5.0
21066,824,3.0
21067,369,4.0
21067,640,3.0
21068,749,5.0
21074,673,4.0
21076,640,4.0
21076,650,3.0
21076,748,2.0
21077,640,4.0
21078,640,4.0
21081,841,5.0
21082,369,3.0
21088,748,5.0
21088,749,3.0
21089,640,4.0
21089,650,4.0
21089,673,2.0
21089,748,3.0
21089,749,3.0
21092,640,5.0
21093,640,4.0
21096,841,4.0
21097,749,5.0
21098,369,3.0
21099,640,4.0
21099,737,5.0
21099,824,4.0
21101,640,4.0
21103,640,3.0
21103,749,3.0
21106,640,3.0
21110,841,4.0
21112,824,3.0
21114,748,4.0
21114,749,5.0
21118,640,5.0
21118,748,5.0
21119,749,3.0
21120,481,5.0
21120,640,3.0
21120,748,4.0
21120,749,3.0
21121,640,4.0
21121,748,5.0
21122,640,4.0
21127,673,5.0
21127,737,5.0
21127,748,3.0
21127,749,5.0
21128,737,4.0
21128,1278,3.875
21129,650,3.0
21132,650,4.0
21134,640,4.0
21134,749,4.0
21138,824,2.0
21139,640,3.0
21142,841,5.0
21143,841,4.0
21144,673,3.0
21145,737,5.0
21149,748,4.0
21150,640,3.0
21151,824,5.0
21156,640,4.0
21158,640,4.0
21168,481,4.0
21170,841,4.0
21171,737,5.0
21174,481,4.0
21176,749,5.0
21177,481,5.0
21180,640,4.0
21180,650,3.0
21180,748,5.0
21183,640,5.0
21183,748,5.0
21184,640,5.0
21184,748,5.0
21186,748,5.0
21187,748,3.0
21188,640,5.0
21188,748,5.0
21188,841,5.0
21191,640,5.0
21191,749,3.0
21192,650,4.0
21193,369,2.0
21193,1166,3.0
21194,673,5.0
21196,369,5.0
21199,748,5.0
21200,640,5.0
21202,640,5.0
21203,673,2.0
21204,640,5.0
21205,640,4.0
21206,640,4.0
21206,650,5.0
21206,748,5.0
21207,640,3.0
21207,824,3.0
21209,749,2.0
21211,737,4.0
21216,640,2.0
21217,640,4.0
21217,841,3.0
21219,640,5.0
21222,888,5.0
21225,824,5.0
21226,640,4.0
21226,748,4.0
21228,841,4.0
21230,650,4.0
21231,640,5.0
21233,640,5.0
21235,640,5.0
21235,650,3.0
21236,673,5.0
21242,650,3.0
21246,640,5.0
21249,650,5.0
21249,737,5.0
21252,481,5.0
21255,841,5.0
21256,640,5.0
21257,640,3.0
21258,749,2.0
21259,841,5.0
21266,640,4.0
21266,748,4.0
21267,369,3.0
21273,369,4.0
21273,640,3.0
21273,748,5.0
21274,640,4.0
21275,369,4.0
21275,640,4.0
21276,841,5.0
21280,640,4.0
21283,640,4.0
21283,824,4.0
21286,748,4.0
21286,841,5.0
21290,841,5.0
21292,673,1.0
21293,640,4.0
21294,841,5.0
21297,748,5.0
21300,640,2.0
21300,650,5.0
21303,481,5.0
21306,673,4.0
21306,737,4.0
21307,841,5.0
21309,640,4.0
21324,640,4.0
21325,369,2.0
21325,673,5.0
21331,920,4.0
21333,748,4.0
21337,481,5.0
21337,650,4.0
21337,748,5.0
21340,640,5.0
21342,841,5.0
21347,640,4.0
21357,650,3.0
21358,640,4.0
21359,640,5.0
21361,888,4.0
21361,1171,3.0
21365,650,5.0
21366,640,5.0
21368,737,5.0
21369,369,4.0
21372,673,5.0
21374,824,4.0
21375,673,5.0
21385,841,4.0
21387,369,5.0
21387,841,4.0
21388,748,5.0
21390,369,4.0
21394,749,5.0
21395,841,5.0
21397,673,3.0
21400,841,4.0
21401,640,5.0
21404,824,4.0
21405,640,5.0
21405,673,4.0
21406,640,4.0
21411,947,5.0
21411,1278,4.0
21415,748,5.0
21419,673,4.0
21420,640,5.0
21422,369,3.0
21422,640,4.0
21423,640,4.0
21426,888,5.0
21427,640,4.0
21430,640,5.0
21430,748,5.0
21430,841,5.0
21433,640,4.0
21433,748,3.0
21434,640,4.0
21434,749,4.0
21437,481,5.0
21437,640,4.5
21437,748,3.0
21440,481,5.0
21442,640,5.0
21443,749,5.0
21443,824,4.0
21443,841,5.0
21445,640,5.0
21446,748,5.0
21447,640,4.0
21449,481,5.0
21450,650,5.0
21454,737,4.0
21456,481,5.0
21457,481,5.0
21457,841,5.0
21459,369,4.0
21460,673,5.0
21461,640,5.0
21463,369,4.0
21463,481,5.0
21463,673,3.0
21465,640,5.0
21468,640,2.0
21468,748,5.0
21469,640,5.0
21474,650,4.0
21475,481,4.0
21477,640,3.0
21479,748,4.0
21480,841,5.0
21484,640,5.0
21486,748,2.0
21488,824,5.0
21490,640,5.0
21490,748,3.0
21490,841,5.0
21492,640,4.0
21494,673,5.0
21499,841,5.0
21501,640,4.0
21503,369,1.0
21504,640,4.0
21504,748,4.0
21505,640,5.0
21505,841,4.0
21506,841,3.0
21510,748,2.0
21513,481,3.0
21514,369,4.0
21516,841,5.0
21520,888,4.0
21522,369,4.0
21523,640,5.0
21524,748,4.0
21526,640,4.0
21527,673,5.0
21529,1297,5.0
21532,640,4.0
21536,369,5.0
21537,824,4.0
21538,369,5.0
21539,481,5.0
21541,737,3.0
21543,673,1.0
21546,640,4.0
21552,640,4.0
21554,650,5.0
21559,640,3.0
21560,841,5.0
21562,640,4.0
21562,841,4.0
21565,481,5.0
21567,824,4.0
21568,369,3.0
21569,824,3.0
21572,369,3.0
21572,841,5.0
21575,749,3.0
21577,737,5.0
21579,650,5.0
21586,640,4.0
21588,748,4.0
21589,640,5.0
21589,748,5.0
21591,369,4.0
21591,737,5.0
21591,824,5.0
21592,673,4.0
21593,369,1.0
21596,748,5.0
21599,369,5.0
21599,748,5.0
21601,640,5.0
21604,640,4.0
21604,748,5.0
21606,369,3.0
21609,369,4.0
21611,650,5.0
21612,673,2.0
21614,737,5.0
21614,841,5.0
21615,737,4.0
21616,841,4.0
21617,640,5.0
21621,841,5.0
21622,841,5.0
21626,673,5.0
21627,841,5.0
21628,673,1.0
21637,640,3.0
21639,673,4.0
21640,640,4.0
21640,673,3.0
21640,737,4.0
21642,673,5.0
21644,749,5.0
21645,640,4.0
21646,640,5.0
21647,640,4.0
21655,1280,4.0
21663,481,5.0
21665,640,5.0
21668,841,5.0
21669,748,3.0
21673,640,4.0
21677,640,4.0
21680,640,5.0
21680,748,5.0
21685,640,5.0
21687,824,4.0
21688,650,2.0
21689,481,5.0
21690,640,5.0
21691,369,4.0
21692,841,5.0
21694,650,5.0
21695,640,5.0
21697,640,5.0
21697,841,5.0
21698,673,4.0
21698,824,3.0
21698,841,5.0
21699,369,1.0
21699,481,5.0
21705,640,5.0
21705,737,4.0
21713,841,5.0
21714,888,5.0
21720,748,4.0
21724,640,3.0
21727,640,5.0
21731,640,5.0
21732,841,4.0
21733,640,3.0
21736,640,5.0
21737,650,3.0
21743,748,5.0
21745,749,2.0
21746,650,5.0
21748,749,5.0
21749,640,4.0
21751,650,3.0
21756,640,5.0
21756,748,5.0
21756,841,5.0
21759,640,5.0
21759,824,5.0
21760,640,4.0
21763,841,4.0
21764,369,4.0
21764,824,5.0
21770,650,3.0
21770,737,5.0
21771,640,4.0
21772,481,5.0
21772,640,5.0
21773,481,4.0
21779,640,4.0
21779,841,5.0
21780,640,3.0
21781,748,3.0
21786,640,5.0
21795,748,4.0
21795,888,4.0
21796,748,2.0
21800,640,5.0
21801,737,5.0
21803,673,4.0
21806,640,5.0
21808,640,5.0
21811,737,1.0
21812,748,5.0
21820,481,4.0
21820,824,5.0
21822,748,5.0
21826,673,3.0
21827,640,5.0
21829,824,5.0
21830,640,5.0
21833,841,5.0
21834,673,1.0
21836,640,2.0
21838,640,3.0
21839,640,5.0
21839,748,2.0
21841,841,5.0
21842,640,4.0
21843,369,5.0
21843,737,5.0
21845,749,5.0
21847,748,5.0
21847,749,2.0
21850,369,3.0
21856,640,4.0
21857,640,5.0
21859,841,5.0
21861,640,5.0
21864,640,4.0
21864,749,3.0
21864,841,4.0
21867,369,5.0
21868,841,4.0
21871,841,5.0
21872,841,5.0
21874,640,4.0
21876,673,3.0
21877,650,5.0
21878,640,4.0
21879,640,5.0
21883,650,3.0
21883,673,3.0
21885,640,3.0
21886,888,5.0
21887,640,5.0
21889,369,4.0
21895,640,5.0
21898,481,5.0
21899,841,5.0
21901,841,5.0
21902,640,5.0
21906,673,4.0
21907,640,5.0
21907,673,5.0
21913,824,4.0
21916,673,3.0
21928,481,5.0
21930,369,2.0
21933,673,4.0
21933,824,4.0
21934,748,4.0
21934,841,5.0
21936,640,4.0
21937,737,4.0
21937,824,3.0
21938,824,5.0
21940,640,5.0
21942,640,4.0
21942,673,5.0
21943,369,3.0
21946,841,5.0
21947,481,4.0
21948,841,4.0
21951,640,3.0
21954,748,5.0
21956,640,4.0
21956,737,4.0
21956,748,4.0
21959,640,3.0
21962,673,4.0
21963,673,3.0
21965,640,5.0
21966,737,3.0
21968,737,4.0
21970,737,5.0
21970,749,5.0
21972,640,4.0
21976,640,4.0
21976,737,4.0
21978,640,2.0
21978,749,5.0
21980,975,5.0
21981,737,4.0
21985,640,5.0
21985,824,4.0
21987,748,5.0
21988,650,4.0
21991,1171,5.0
21995,640,3.0
21998,640,5.0
22000,888,4.0
22000,949,4.0
22001,640,4.0
22003,824,4.0
22004,737,5.0
22004,748,4.0
22004,824,4.0
22007,824,4.0
22018,841,4.0
22021,640,5.0
22021,673,2.0
22022,640,5.0
22022,748,4.0
22024,640,4.0
22025,369,4.0
22030,640,4.0
22030,650,2.0
22032,369,3.0
22032,640,5.0
22033,369,3.0
22034,673,5.0
22034,748,4.0
22035,640,3.0
22035,673,3.0
22037,737,4.0
22041,749,3.0
22042,748,3.0
22046,749,3.0
22047,737,4.0
22047,1171,4.0
22048,841,5.0
22049,650,4.0
22050,841,5.0
22052,640,5.0
22054,737,4.0
22054,824,5.0
22059,673,4.0
22060,640,2.0
22064,737,5.0
22065,673,5.0
22068,640,4.0
22069,748,2.0
22069,1171,2.5
22070,748,3.0
22070,749,4.0
22077,673,4.0
22080,841,4.0
22081,824,5.0
22082,824,4.0
22083,640,5.0
22087,824,4.0
22093,481,4.0
22093,640,4.0
22095,748,5.0
22099,369,5.0
22099,481,5.0
22099,640,5.0
22099,650,4.0
22099,673,5.0
22099,737,5.0
22099,748,5.0
22099,824,5.0
22099,1166,4.666666666666667
22101,841,4.0
22101,1280,2.0
22104,640,4.0
22106,888,5.0
22108,673,5.0
22111,673,1.0
22114,749,5.0
22115,673,4.0
22115,748,5.0
22115,749,5.0
22116,748,5.0
22117,640,4.0
22117,748,5.0
22118,748,4.0
22125,749,3.0
22126,640,4.0
22128,841,4.0
22129,888,5.0
22129,975,5.0
22134,748,4.0
22137,640,4.0
22140,640,3.0
22144,749,3.0
22146,841,5.0
22151,748,3.0
22156,749,5.0
22161,640,4.0
22163,481,5.0
22167,841,5.0
22171,748,4.0
22173,481,4.0
22179,841,5.0
22182,673,5.0
22183,640,4.0
22185,841,5.0
22189,737,5.0
22190,640,3.0
22190,841,4.0
22195,369,4.0
22195,650,4.0
22196,824,4.0
22197,748,3.0
22200,737,3.0
22201,737,5.0
22202,824,5.0
22203,737,4.0
22204,640,4.0
22206,737,4.0
22206,888,5.0
22209,748,4.0
22209,824,4.0
22215,369,3.0
22215,640,4.0
22215,737,4.0
22215,748,5.0
22217,640,5.0
22218,640,1.0
22220,673,4.0
22222,737,5.0
22222,824,3.0
22222,841,4.0
22223,481,5.0
22225,824,5.0
22226,481,5.0
22226,748,4.0
22226,824,5.0
22228,673,5.0
22229,640,4.5
22229,841,5.0
22238,841,5.0
22242,369,4.0
22242,650,2.0
22242,749,3.0
22243,673,4.0
22245,824,5.0
22247,640,4.0
22247,737,4.0
22249,481,5.0
22255,897,5.0
22255,1166,4.153846153846154
22257,749,4.0
22258,369,3.0
22258,841,4.0
22261,1278,5.0
22263,748,5.0
22263,841,5.0
22264,640,5.0
22265,369,5.0
22266,737,5.0
22267,841,3.0
22268,640,4.0
22268,748,4.0
22268,749,4.0
22270,748,3.0
22270,824,4.0
22275,640,5.0
22275,748,4.0
22277,748,5.0
22280,841,4.0
22286,673,3.0
22287,640,5.0
22287,841,5.0
22289,369,4.0
22291,640,4.0
22292,640,5.0
22295,737,5.0
22295,748,5.0
22299,748,4.0
22309,824,4.0
22310,650,3.0
22310,748,4.0
22312,640,5.0
22312,748,4.0
22317,841,5.0
22324,841,5.0
22325,369,2.0
22327,640,4.0
22327,841,5.0
22330,369,4.0
22332,369,5.0
22335,369,1.0
22336,841,5.0
22339,481,3.0
22340,640,3.0
22340,748,3.0
22346,640,3.0
22350,824,5.0
22352,640,5.0
22356,1297,2.0
22358,824,3.0
22359,640,4.5
22365,640,5.0
22367,640,5.0
22367,650,5.0
22367,673,4.0
22367,737,5.0
22367,748,5.0
22367,841,5.0
22369,481,4.0
22370,888,5.0
22375,824,2.0
22378,640,4.0
22378,749,5.0
22378,841,5.0
22380,369,1.0
22380,640,3.0
22380,748,3.0
22380,749,3.0
22380,841,5.0
22387,640,3.0
22388,673,3.0
22389,640,5.0
22390,841,5.0
22392,640,5.0
22396,640,4.0
22398,640,5.0
22398,749,4.0
22400,640,5.0
22401,841,5.0
22406,640,4.5
22406,748,5.0
22406,841,5.0
22409,748,4.0
22409,749,4.0
22410,640,4.0
22411,841,5.0
22412,640,4.0
22413,673,3.0
22414,640,5.0
22415,824,5.0
22417,640,4.0
22419,640,4.0
22419,748,3.0
22420,673,5.0
22420,824,4.0
22424,640,5.0
22424,748,2.0
22425,640,5.0
22428,640,5.0
22428,749,4.0
22429,640,5.0
22430,640,5.0
22431,481,5.0
22431,640,5.0
22431,673,4.0
22431,748,4.0
22431,749,4.0
22432,841,5.0
22434,841,5.0
22438,369,5.0
22443,841,5.0
22444,841,5.0
22446,640,5.0
22448,748,3.0
22453,841,5.0
22454,640,3.0
22463,640,4.0
22464,640,4.0
22464,748,4.0
22464,749,3.0
22466,369,5.0
22466,1238,3.5
22470,841,5.0
22473,640,5.0
22474,640,5.0
22475,369,4.0
22477,369,4.0
22477,481,5.0
22478,640,4.0
22479,640,5.0
22479,748,5.0
22484,841,5.0
22489,369,5.0
22489,640,5.0
22489,737,5.0
22494,737,4.0
22496,640,1.0
22496,737,4.0
22496,841,5.0
22497,673,4.0
22498,748,4.0
22499,824,5.0
22500,640,3.0
22501,748,4.0
22501,749,4.0
22502,481,5.0
22502,640,5.0
22505,369,3.0
22507,824,5.0
22508,841,5.0
22510,640,4.0
22510,841,5.0
22514,640,4.0
22514,748,4.0
22517,650,4.0
22518,640,4.0
22518,824,4.0
22522,737,4.0
22522,824,5.0
22523,640,5.0
22526,640,5.0
22528,640,4.0
22528,748,3.0
22528,824,5.0
22530,640,5.0
22530,737,4.0
22530,749,3.0
22531,640,4.0
22531,841,5.0
22532,640,5.0
22534,673,3.0
22535,673,3.0
22536,748,5.0
22537,369,5.0
22537,673,5.0
22539,640,5.0
22539,737,4.0
22544,640,5.0
22545,650,3.0
22547,824,3.0
22552,640,4.0
22552,748,5.0
22554,737,5.0
22554,841,5.0
22557,640,5.0
22562,748,5.0
22562,841,5.0
22564,640,5.0
22565,748,5.0
22567,481,3.0
22581,640,4.0
22581,650,4.0
22587,841,2.0
22589,673,1.0
22593,748,5.0
22593,824,4.0
22594,640,4.0
22599,481,4.0
22599,737,4.0
22601,640,4.0
22603,841,4.0
22605,841,4.0
22608,841,5.0
22609,640,5.0
22610,640,4.333333333333333
22611,841,5.0
22622,640,4.0
22627,673,3.0
22628,749,2.0
22629,481,5.0
22630,1171,5.0
22631,640,5.0
22631,748,4.333333333333333
22631,749,2.5
22631,841,4.0
22636,737,4.0
22645,748,4.0
22650,748,5.0
22652,650,3.0
22652,748,4.0
22652,749,4.0
22661,650,4.0
22661,748,4.0
22661,824,4.0
22666,748,5.0
22666,749,5.0
22670,841,5.0
22672,650,4.0
22672,824,4.0
22674,748,5.0
22676,824,5.0
22679,748,5.0
22682,841,5.0
22687,841,4.0
22690,841,5.0
22691,737,4.0
22695,640,3.0
22697,369,5.0
22698,650,5.0
22699,673,5.0
22700,481,3.0
22703,749,4.0
22709,737,3.0
22711,737,5.0
22712,650,5.0
22713,640,5.0
22715,640,5.0
22716,748,5.0
22717,650,4.0
22720,640,5.0
22723,369,4.0
22723,640,4.0
22723,749,4.0
22724,640,5.0
22726,640,4.0
22726,749,4.0
22727,640,4.0
22732,640,4.0
22735,841,5.0
22737,640,5.0
22738,640,5.0
22739,673,4.0
22740,640,5.0
22740,748,4.0
22740,749,3.5
22741,481,5.0
22741,824,3.0
22742,673,4.0
22744,748,5.0
22746,673,3.0
22750,673,3.0
22753,640,2.0
22758,640,4.0
22762,841,5.0
22765,650,4.0
22767,481,3.0
22769,737,5.0
22772,640,4.0
22774,640,3.0
22775,748,5.0
22775,749,2.0
22776,640,4.0
22780,640,5.0
22782,748,5.0
22785,673,4.0
22786,481,5.0
22786,824,5.0
22790,640,5.0
22792,640,5.0
22798,1166,3.0
22801,640,4.0
22806,640,3.0
22806,737,5.0
22806,748,4.0
22806,824,5.0
22809,748,4.0
22811,748,5.0
22812,737,4.0
22813,640,4.0
22821,640,4.0
22821,748,4.0
22822,737,3.0
22823,824,5.0
22825,640,5.0
22826,640,5.0
22827,640,5.0
22827,748,5.0
22833,737,5.0
22835,824,4.0
22836,824,5.0
22839,640,4.0
22839,841,4.0
22840,640,4.0
22844,481,2.0
22845,640,5.0
22848,640,4.0
22849,748,4.0
22849,749,4.0
22857,737,4.0
22857,748,3.0
22859,640,5.0
22862,369,3.0
22869,673,4.0
22869,748,4.0
22870,640,3.0
22870,749,2.0
22870,824,5.0
22871,673,5.0
22873,640,3.0
22874,640,5.0
22876,640,5.0
22878,748,5.0
22879,481,5.0
22879,673,4.0
22881,640,1.0
22884,841,5.0
22888,640,4.0
22889,737,5.0
22889,1133,5.0
22897,650,4.0
22897,748,4.0
22899,640,3.0
22899,748,5.0
22899,749,3.0
22906,748,5.0
22907,640,5.0
22908,824,4.0
22910,841,5.0
22912,824,3.0
22913,640,4.0
22913,748,5.0
22926,749,3.0
22927,481,5.0
22931,640,3.0
22936,673,3.0
22937,673,5.0
22938,369,4.0
22938,640,5.0
22938,737,5.0
22942,369,3.0
22945,737,4.0
22946,841,5.0
22949,650,5.0
22953,640,4.0
22953,737,3.0
22955,1137,4.0
22956,369,1.0
22956,673,2.0
22956,737,3.0
22956,749,4.0
22960,369,3.0
22960,737,4.0
22962,640,3.0
22962,841,3.0
22963,640,5.0
22963,748,4.0
22965,640,5.0
22968,673,4.0
22971,640,5.0
22974,369,5.0
22974,841,5.0
22981,640,5.0
22984,640,4.0
22985,640,5.0
22986,650,5.0
22986,841,5.0
22994,1166,4.0
23002,369,3.0
23002,737,5.0
23002,824,5.0
23005,673,2.0
23007,640,4.0
23007,841,5.0
23011,824,5.0
23012,640,5.0
23013,640,4.0
23017,650,2.0
23023,640,5.0
23023,737,5.0
23025,824,3.0
23038,824,4.0
23039,737,3.0
23040,640,3.0
23044,640,4.0
23044,673,4.0
23045,650,4.0
23047,640,4.0
23050,640,3.0
23051,897,5.0
23051,913,5.0
23051,937,4.0
23053,650,4.0
23057,749,5.0
23057,841,5.0
23059,841,5.0
23060,640,5.0
23060,748,5.0
23061,841,5.0
23063,748,3.0
23063,749,3.0
23069,640,5.0
23070,640,4.0
23070,841,5.0
23073,481,4.0
23073,737,3.0
23073,748,3.0
23073,749,3.0
23079,824,4.0
23080,650,4.0
23082,748,4.0
23087,640,5.0
23087,748,5.0
23087,749,5.0
23090,841,5.0
23094,748,3.0
23094,888,2.0
23102,640,4.0
23103,640,3.0
23109,673,4.0
23111,640,4.0
23119,748,4.0
23121,737,4.0
23121,748,3.0
23123,640,1.0
23123,748,2.0
23128,369,3.0
23128,640,5.0
23128,737,5.0
23128,824,4.0
23131,748,5.0
23132,481,4.0
23133,841,4.0
23134,673,2.0
23134,748,4.0
23134,749,4.0
23136,949,5.0
23137,673,2.0
23138,640,3.0
23138,737,5.0
23139,640,3.3333333333333335
23141,640,5.0
23141,737,5.0
23141,748,3.0
23141,824,5.0
23142,640,3.75
23142,673,5.0
23142,737,4.0
23142,748,4.333333333333333
23142,749,4.0
23142,824,5.0
23142,841,4.5
23143,737,2.0
23144,841,4.0
23149,737,4.0
23151,640,5.0
23151,748,5.0
23153,369,1.0
23153,640,4.0
23154,369,3.0
23154,640,3.0
23154,824,3.0
23156,1171,4.666666666666667
23157,748,5.0
23160,640,5.0
23165,841,5.0
23167,640,5.0
23169,369,2.0
23172,640,4.0
23173,369,3.0
23174,640,4.0
23174,737,4.0
23174,824,4.0
23176,481,5.0
23176,640,4.0
23178,369,4.0
23179,640,4.0
23181,369,4.0
23181,640,4.0
23181,650,3.0
23181,737,4.0
23181,748,5.0
23182,369,5.0
23182,640,4.0
23182,650,5.0
23182,737,4.666666666666667
23182,841,5.0
23185,640,4.0
23186,640,5.0
23186,650,5.0
23186,841,4.0
23189,841,5.0
23193,640,4.0
23193,737,5.0
23193,748,4.5
23194,650,4.0
23198,650,4.0
23198,673,5.0
23205,640,5.0
23207,640,4.0
23209,640,4.0
23211,640,5.0
23211,748,3.0
23213,640,5.0
23213,650,4.0
23213,748,5.0
23215,369,3.0
23224,640,5.0
23228,1171,4.0
23229,937,4.0
23233,640,4.0
23238,1171,3.5
23240,748,3.0
23245,481,5.0
23245,824,5.0
23246,640,5.0
23249,640,5.0
23253,650,5.0
23259,841,5.0
23260,650,4.0
23264,737,3.0
23265,369,2.0
23265,481,4.0
23265,640,4.0
23265,737,3.0
23265,749,4.0
23267,947,5.0
23275,640,5.0
23278,640,5.0
23278,748,5.0
23278,749,3.0
23280,640,5.0
23283,841,4.0
23284,824,4.0
23286,650,2.0
23290,673,5.0
23293,640,4.0
23293,748,4.0
23296,841,5.0
23299,841,5.0
23302,841,3.0
23305,640,5.0
23305,824,5.0
23306,748,3.0
23308,650,5.0
23309,640,5.0
23309,1166,4.0
23310,841,5.0
23311,824,5.0
23312,841,5.0
23313,841,5.0
23315,481,5.0
23315,640,5.0
23315,748,4.0
23315,749,5.0
23317,640,1.0
23320,640,5.0
23321,640,4.0
23322,640,4.0
23322,841,4.5
23323,481,3.0
23323,640,4.0
23323,737,3.0
23323,824,5.0
23323,841,5.0
23324,841,1.0
23325,1171,3.5
23326,841,5.0
23329,748,4.0
23329,749,3.0
23331,369,3.0
23331,650,4.0
23331,673,3.0
23332,650,3.0
23336,640,3.0
23338,650,4.0
23338,673,4.0
23338,748,4.0
23338,749,3.0
23339,737,3.0
23340,640,5.0
23340,824,4.0
23344,650,4.0
23349,640,5.0
23349,841,5.0
23352,748,5.0
23353,640,5.0
23355,369,3.0
23355,640,4.0
23355,650,5.0
23355,673,4.0
23355,737,4.0
23355,748,4.0
23355,824,4.0
23356,481,3.0
23357,737,4.0
23359,841,5.0
23361,888,5.0
23361,920,5.0
23361,937,4.0
23361,1166,4.5
23362,748,5.0
23369,920,5.0
23373,748,5.0
23376,640,4.0
23376,749,5.0
23378,640,3.0
23378,737,4.0
23384,841,4.0
23385,481,5.0
23386,824,5.0
23387,841,5.0
23389,640,5.0
23393,1166,4.0
23397,737,3.0
23399,650,4.0
23399,841,4.0
23400,640,4.0
23400,841,4.0
23400,1297,3.5
23401,748,5.0
23408,640,5.0
23410,650,5.0
23418,737,5.0
23419,673,5.0
23422,481,5.0
23422,841,5.0
23424,369,5.0
23424,888,5.0
23424,937,5.0
23427,369,4.0
23429,369,4.0
23429,1166,3.375
23441,737,5.0
23441,748,3.0
23442,640,4.0
23445,640,5.0
23448,640,4.0
23448,824,4.0
23450,481,3.0
23451,749,3.0
23452,640,4.0
23453,748,2.0
23456,640,4.0
23456,748,4.0
23458,841,5.0
23470,369,5.0
23470,640,3.5
23470,650,5.0
23470,673,3.0
23470,824,4.5
23470,841,5.0
23471,749,1.0
23472,841,4.0
23476,673,4.0
23480,481,5.0
23482,824,5.0
23487,369,4.0
23489,640,5.0
23490,673,5.0
23493,640,5.0
23493,737,5.0
23493,824,5.0
23494,841,5.0
23502,841,5.0
23505,640,4.0
23505,737,4.0
23506,673,3.0
23512,481,3.0
23512,824,3.0
23512,1171,4.0
23514,1166,3.5
23517,640,5.0
23519,1166,3.1666666666666665
23523,640,4.0
23526,841,5.0
23529,650,5.0
23532,748,5.0
23536,650,3.0
23542,824,5.0
23545,841,5.0
23546,369,3.0
23546,1220,4.5
23552,673,5.0
23552,748,4.0
23553,841,5.0
23555,841,5.0
23556,748,3.0
23559,640,5.0
23562,640,5.0
23563,650,4.0
23565,673,4.0
23566,640,5.0
23570,640,4.0
23571,824,4.0
23573,841,5.0
23574,640,4.0
23575,824,4.0
23579,737,5.0
23579,824,5.0
23586,748,5.0
23587,481,5.0
23588,737,4.0
23590,640,5.0
23590,748,4.0
23597,748,4.0
23598,748,5.0
23599,673,5.0
23601,841,5.0
23602,640,5.0
23603,640,3.0
23611,748,5.0
23613,369,4.0
23615,640,3.0
23615,824,4.0
23621,640,4.0
23621,673,3.0
23621,749,3.0
23622,650,4.0
23625,824,4.0
23627,640,4.0
23628,841,5.0
23629,640,4.0
23634,640,5.0
23636,650,4.0
23639,841,5.0
23643,737,5.0
23646,640,5.0
23647,748,4.0
23649,841,5.0
23653,640,4.0
23656,841,5.0
23659,673,5.0
23659,824,5.0
23667,737,4.0
23669,640,5.0
23669,650,5.0
23670,640,4.0
23670,824,3.0
23671,640,4.0
23674,369,4.0
23678,841,5.0
23681,888,4.0
23687,824,3.0
23689,481,5.0
23691,737,4.0
23697,640,4.0
23697,737,4.0
23698,841,3.0
23699,737,3.0
23701,673,3.0
23703,748,4.0
23705,640,5.0
23706,640,5.0
23707,673,4.0
23709,841,5.0
23710,841,4.0
23711,748,1.0
23713,640,5.0
23714,673,4.0
23714,749,5.0
23714,824,5.0
23717,749,4.0
23719,640,5.0
23721,481,5.0
23722,673,1.0
23726,841,5.0
23729,640,5.0
23729,673,3.0
23729,748,4.0
23732,640,4.0
23733,640,1.0
23734,640,5.0
23736,481,5.0
23739,640,4.0
23739,737,3.0
23740,640,4.0
23740,748,5.0
23741,640,4.0
23743,673,3.0
23746,640,5.0
23747,737,3.0
23748,640,5.0
23749,650,3.0
23752,640,4.0
23752,673,4.0
23752,748,4.0
23752,841,5.0
23753,673,2.0
23754,673,5.0
23755,841,5.0
23758,369,4.0
23758,1166,4.0
23762,650,3.0
23765,841,5.0
23766,640,4.0
23766,1171,4.4
23767,748,1.0
23770,481,5.0
23772,650,4.0
23773,369,1.0
23776,824,5.0
23780,824,5.0
23782,640,5.0
23782,748,2.0
23782,824,4.0
23785,640,4.0
23787,737,5.0
23788,841,4.0
23789,824,5.0
23792,640,5.0
23801,749,4.0
23804,640,5.0
23805,841,5.0
23806,640,3.0
23806,673,4.0
23806,748,5.0
23808,650,3.0
23810,640,4.0
23817,640,4.0
23818,673,3.0
23821,748,5.0
23824,640,5.0
23825,841,5.0
23826,748,4.0
23827,640,5.0
23828,841,4.0
23830,737,4.0
23832,640,4.0
23833,650,4.0
23834,888,5.0
23834,913,4.0
23840,640,5.0
23841,640,5.0
23841,748,5.0
23842,640,5.0
23842,841,5.0
23843,841,5.0
23850,748,4.0
23851,748,5.0
23851,824,4.0
23862,481,4.0
23864,640,4.0
23867,748,5.0
23868,640,5.0
23869,369,5.0
23873,640,3.0
23873,748,5.0
23874,369,3.0
23875,640,3.0
23879,369,5.0
23879,481,5.0
23879,640,5.0
23879,673,5.0
23879,737,5.0
23886,640,4.0
23888,650,3.0
23888,748,4.0
23890,640,3.0
23894,737,4.0
23894,748,4.0
23895,640,5.0
23900,841,5.0
23902,841,5.0
23903,650,4.0
23908,640,5.0
23909,369,2.0
23909,841,5.0
23913,841,4.0
23915,640,3.0
23919,673,4.0
23920,650,4.0
23923,640,4.0
23923,748,5.0
23925,1166,5.0
23926,748,5.0
23926,749,4.0
23927,640,4.0
23929,947,5.0
23930,640,4.0
23930,748,4.0
23936,841,5.0
23937,640,5.0
23938,640,3.0
23940,841,5.0
23943,640,5.0
23948,640,4.0
23949,748,4.0
23950,481,4.0
23950,650,4.0
23951,640,4.0
23951,841,5.0
23957,841,5.0
23959,737,5.0
23961,748,3.0
23962,481,4.0
23975,650,4.0
23977,640,5.0
23982,640,4.0
23982,749,2.0
23984,640,5.0
23989,841,4.0
23991,640,4.0
23994,481,2.0
23995,749,3.0
23997,481,2.0
24000,481,4.0
24002,640,4.0
24004,673,3.0
24005,640,4.0
24005,824,5.0
24007,841,5.0
24019,640,4.0
24024,369,1.0
24025,841,5.0
24029,640,5.0
24030,673,3.0
24032,640,5.0
24032,748,2.0
24033,640,4.0
24035,640,4.0
24036,640,5.0
24037,481,5.0
24039,369,3.0
24040,640,5.0
24042,748,5.0
24047,650,4.0
24050,841,5.0
24054,369,4.0
24057,824,5.0
24058,748,3.0
24059,640,5.0
24060,650,4.0
24066,748,4.0
24067,640,4.0
24068,841,5.0
24069,640,4.0
24071,650,5.0
24072,841,4.0
24073,824,3.0
24077,824,5.0
24082,650,4.0
24086,481,4.0
24088,737,2.0
24091,673,2.0
24091,737,2.0
24092,841,5.0
24093,640,5.0
24095,841,5.0
24096,749,3.0
24097,640,5.0
24098,748,5.0
24105,841,4.0
24106,748,4.0
24113,640,3.0
24114,650,5.0
24121,640,4.0
24121,650,5.0
24122,650,3.0
24123,369,3.0
24124,841,5.0
24127,481,5.0
24129,673,4.0
24129,841,4.0
24131,737,4.0
24132,640,4.0
24133,841,5.0
24137,841,5.0
24146,640,3.0
24146,824,4.0
24158,640,5.0
24158,748,5.0
24160,748,5.0
24161,640,5.0
24162,640,5.0
24165,640,4.0
24167,841,4.0
24174,640,4.666666666666667
24174,748,3.0
24174,749,3.0
24174,824,5.0
24174,841,5.0
24179,640,5.0
24179,748,5.0
24181,841,5.0
24183,640,4.0
24186,748,5.0
24187,650,3.0
24189,673,5.0
24190,673,2.0
24197,640,4.0
24200,841,5.0
24201,640,5.0
24205,841,5.0
24207,640,5.0
24209,640,4.0
24209,748,4.0
24209,749,4.0
24216,748,3.0
24216,749,3.0
24223,640,4.0
24223,748,4.0
24225,841,5.0
24228,640,5.0
24229,841,5.0
24230,640,5.0
24232,640,5.0
24232,841,4.0
24234,673,5.0
24235,748,5.0
24237,748,5.0
24242,650,5.0
24245,650,3.0
24248,650,5.0
24248,737,4.0
24248,748,5.0
24249,640,4.0
24250,481,5.0
24250,640,5.0
24250,673,3.0
24250,737,5.0
24250,824,5.0
24251,481,3.0
24251,640,5.0
24252,640,4.0
24252,824,2.0
24253,673,4.0
24255,673,4.0
24255,737,2.0
24256,640,4.0
24256,748,4.0
24257,640,4.0
24258,841,5.0
24260,640,4.0
24260,650,3.0
24260,841,5.0
24262,841,5.0
24263,841,5.0
24268,673,5.0
24268,737,5.0
24271,640,5.0
24273,737,3.0
24274,650,2.0
24275,673,4.0
24276,481,5.0
24277,841,5.0
24278,640,5.0
24280,369,5.0
24282,748,4.0
24283,640,4.0
24290,749,5.0
24292,640,3.0
24294,737,3.0
24295,640,5.0
24299,640,4.0
24299,748,4.0
24299,749,4.0
24300,640,4.0
24311,640,2.0
24315,640,5.0
24316,841,5.0
24329,673,3.0
24330,650,4.0
24332,640,2.0
24342,640,4.0
24344,640,4.0
24345,640,5.0
24345,748,5.0
24346,640,5.0
24347,640,5.0
24349,824,5.0
24350,748,4.0
24350,824,4.0
24352,369,4.0
24353,640,4.0
24353,824,4.0
24354,640,4.0
24356,673,3.0
24361,748,5.0
24361,749,4.0
24362,824,4.0
24371,640,5.0
24373,748,5.0
24380,369,5.0
24380,640,5.0
24381,673,5.0
24386,640,5.0
24389,824,4.0
24392,481,5.0
24393,640,5.0
24399,748,5.0
24399,841,5.0
24401,824,5.0
24403,673,4.0
24403,748,3.0
24405,748,5.0
24408,748,5.0
24410,640,2.0
24410,749,2.0
24412,640,4.0
24414,1225,5.0
24415,650,4.0
24417,650,2.0
24419,640,5.0
24421,673,5.0
24423,640,4.0
24423,748,5.0
24426,824,4.0
24428,748,3.0
24432,640,5.0
24433,640,5.0
24433,737,5.0
24433,1297,2.0
24434,481,5.0
24435,737,5.0
24435,748,5.0
24436,841,5.0
24437,841,5.0
24439,640,5.0
24447,824,5.0
24449,640,5.0
24453,640,4.0
24457,748,4.0
24457,749,3.0
24459,640,5.0
24462,841,5.0
24465,640,5.0
24468,640,3.0
24468,824,4.0
24470,640,5.0
24474,673,5.0
24474,737,4.0
24474,748,4.0
24476,841,5.0
24478,640,4.0
24479,824,4.0
24482,673,5.0
24483,640,5.0
24485,673,5.0
24487,673,5.0
24489,650,4.0
24489,749,4.0
24491,841,5.0
24492,640,4.0
24493,369,3.0
24493,841,4.0
24501,841,5.0
24502,841,5.0
24504,369,4.0
24506,640,5.0
24507,673,4.0
24510,640,4.0
24512,841,5.0
24513,640,2.5
24514,748,5.0
24515,737,5.0
24520,640,5.0
24521,640,3.0
24532,650,4.0
24533,650,4.0
24534,481,4.0
24534,650,3.0
24536,650,3.0
24541,369,2.0
24543,640,4.0
24543,737,4.0
24545,481,4.0
24545,737,5.0
24546,824,4.0
24547,640,4.0
24548,640,3.0
24550,640,5.0
24551,640,4.0
24558,650,2.0
24560,481,5.0
24562,1225,5.0
24563,640,4.0
24563,749,5.0
24569,481,5.0
24576,640,5.0
24577,748,5.0
24584,841,3.0
24592,369,2.0
24593,369,4.0
24595,650,4.0
24597,481,5.0
24603,640,3.0
24606,369,3.0
24606,737,4.666666666666667
24606,748,4.666666666666667
24606,749,4.0
24607,748,4.0
24607,749,4.0
24607,824,4.0
24608,673,5.0
24609,841,5.0
24612,640,5.0
24613,737,4.0
24622,841,5.0
24625,640,4.0
24627,640,5.0
24627,748,5.0
24630,841,5.0
24636,749,4.0
24637,748,3.0
24638,640,3.0
24640,841,5.0
24641,841,5.0
24642,673,5.0
24643,369,2.0
24645,481,5.0
24648,841,5.0
24649,640,5.0
24650,748,4.0
24651,748,4.0
24653,640,5.0
24657,640,4.0
24659,748,4.0
24661,737,5.0
24664,650,5.0
24665,369,1.0
24665,640,5.0
24665,748,5.0
24665,749,5.0
24672,673,3.0
24673,824,4.0
24675,650,5.0
24677,640,5.0
24680,640,4.0
24683,640,5.0
24684,824,4.0
24685,824,3.0
24686,748,5.0
24689,650,3.0
24690,640,5.0
24690,673,3.0
24690,748,3.0
24691,737,5.0
24693,481,5.0
24693,640,4.0
24693,650,5.0
24693,748,4.0
24696,673,5.0
24699,369,4.0
24700,369,2.0
24702,841,5.0
24705,841,4.0
24706,841,5.0
24706,888,5.0
24707,640,3.0
24709,673,4.0
24709,841,5.0
24710,640,4.0
24712,841,5.0
24713,481,4.0
24713,640,4.0
24713,748,4.0
24713,749,5.0
24713,841,5.0
24715,841,4.0
24718,841,5.0
24719,748,5.0
24721,640,5.0
24731,369,1.0
24735,748,4.0
24736,640,5.0
24736,841,4.0
24737,650,4.0
24742,369,4.0
24743,650,4.0
24747,841,5.0
24749,369,5.0
24749,673,5.0
24750,650,4.0
24750,748,3.0
24754,841,4.0
24755,640,4.0
24755,748,5.0
24755,749,4.0
24756,650,5.0
24759,737,4.0
24761,640,4.0
24762,640,4.0
24764,841,5.0
24766,640,4.0
24769,640,5.0
24769,748,5.0
24778,640,5.0
24778,737,5.0
24778,748,5.0
24778,841,5.0
24779,748,5.0
24781,748,3.0
24781,749,3.0
24782,640,5.0
24783,640,5.0
24783,824,4.0
24785,841,5.0
24786,650,3.0
24788,640,4.0
24788,841,4.0
24791,640,5.0
24792,640,4.0
24792,841,5.0
24794,640,5.0
24795,640,4.0
24795,749,2.0
24799,481,5.0
24799,650,1.0
24800,640,5.0
24802,369,4.0
24807,748,5.0
24808,640,4.0
24808,824,5.0
24809,640,5.0
24809,748,5.0
24809,749,5.0
24811,841,4.0
24815,369,1.0
24816,748,5.0
24817,748,5.0
24818,640,5.0
24823,824,5.0
24824,640,2.0
24826,824,4.0
24827,640,4.0
24828,737,3.0
24829,640,5.0
24833,640,4.0
24833,748,3.0
24833,749,5.0
24838,824,4.0
24840,481,3.0
24840,824,3.0
24841,640,5.0
24842,748,4.0
24843,737,4.0
24843,824,5.0
24855,640,5.0
24856,841,4.0
24861,640,4.0
24861,748,5.0
24862,841,5.0
24867,481,4.0
24867,841,4.0
24868,749,3.0
24868,841,5.0
24869,841,5.0
24877,673,3.0
24878,640,3.0
24881,673,3.0
24882,481,5.0
24883,650,3.0
24887,640,5.0
24888,841,5.0
24893,650,5.0
24893,841,3.0
24897,640,5.0
24909,737,4.0
24910,640,4.0
24910,841,3.0
24916,640,4.0
24916,748,2.0
24919,841,5.0
24920,737,5.0
24920,749,3.0
24920,824,4.0
24925,640,5.0
24925,748,3.0
24929,640,5.0
24930,824,5.0
24940,640,4.0
24940,748,4.0
24941,640,3.0
24943,640,5.0
24944,673,4.0
24944,749,4.0
24945,640,5.0
24948,640,5.0
24950,640,4.0
24950,737,4.0
24952,737,5.0
24955,737,4.0
24957,748,4.0
24958,640,4.0
24959,481,5.0
24961,841,5.0
24962,640,4.0
24962,748,5.0
24965,640,5.0
24966,481,5.0
24966,650,5.0
24966,673,5.0
24967,640,5.0
24968,640,5.0
24969,640,4.0
24969,824,4.0
24973,748,3.0
24978,369,3.0
24979,737,5.0
24981,640,4.0
24981,650,3.0
24981,748,5.0
24981,824,4.0
24981,841,5.0
24981,1238,4.5
24983,640,2.0
24984,640,5.0
24987,748,4.0
24991,841,5.0
24993,481,4.0
24993,824,4.0
24996,673,4.0
25001,841,5.0
25007,824,4.0
25008,1220,4.0
25009,640,4.0
25011,749,3.0
25012,650,5.0
25017,841,4.0
25018,748,5.0
25019,640,3.0
25019,737,5.0
25019,1220,5.0
25020,748,5.0
25022,673,5.0
25023,640,5.0
25029,640,5.0
25030,824,4.0
25033,748,4.0
25035,640,5.0
25035,737,3.0
25039,748,4.0
25040,841,4.0
25048,841,4.0
25053,841,5.0
25054,749,4.0
25056,640,4.0
25056,650,3.0
25056,824,3.0
25067,748,5.0
25070,737,4.0
25071,673,1.0
25076,824,1.0
25079,640,4.0
25081,640,3.0
25081,748,2.0
25082,913,5.0
25083,640,4.0
25093,888,5.0
25093,920,4.0
25093,937,2.0
25093,1220,3.0
25099,650,5.0
25101,824,4.0
25116,748,5.0
25120,650,3.0
25124,824,4.0
25127,650,3.0
25127,749,5.0
25130,888,5.0
25138,737,4.0
25142,824,4.0
25151,824,2.0
25152,640,4.0
25152,650,3.0
25152,737,2.0
25152,748,4.0
25152,824,4.0
25152,841,4.0
25153,841,5.0
25154,888,5.0
25156,640,4.0
25159,369,4.0
25161,369,4.0
25162,673,3.0
25164,748,5.0
25164,975,4.0
25165,481,4.0
25165,673,4.0
25166,748,5.0
25167,640,5.0
25167,749,5.0
25171,824,4.0
25172,841,5.0
25176,640,5.0
25176,673,4.0
25176,1171,4.0
25178,640,4.0
25181,650,4.0
25186,748,3.0
25187,673,5.0
25188,888,5.0
25191,650,5.0
25198,369,5.0
25200,640,5.0
25200,749,3.0
25201,640,4.0
25201,650,5.0
25201,841,5.0
25204,369,3.0
25204,737,4.0
25204,841,4.5
25206,748,5.0
25215,640,4.0
25215,737,4.0
25223,640,5.0
25224,737,2.0
25228,824,4.0
25230,369,3.0
25233,673,3.0
25233,748,4.0
25234,640,3.0
25239,748,4.0
25239,1220,4.0
25246,640,4.0
25247,640,4.5
25247,749,4.0
25250,673,3.0
25250,748,3.0
25252,640,4.0
25252,673,5.0
25254,841,4.0
25259,640,5.0
25259,737,4.0
25262,481,4.0
25264,481,4.5
25268,841,5.0
25273,369,3.0
25273,650,5.0
25273,841,4.0
25274,481,4.0
25274,640,5.0
25277,749,4.0
25277,841,5.0
25278,369,2.0
25278,640,5.0
25278,650,4.0
25279,650,3.0
25280,824,4.0
25284,737,2.0
25285,369,5.0
25285,640,3.5
25285,650,4.5
25285,748,5.0
25285,841,5.0
25292,640,5.0
25292,650,3.0
25292,737,5.0
25292,748,4.0
25292,841,4.0
25293,640,5.0
25293,841,5.0
25294,640,4.0
25294,749,2.0
25299,369,3.0
25306,640,5.0
25309,824,2.0
25326,748,4.0
25329,640,4.0
25331,748,5.0
25334,369,3.0
25334,640,3.0
25334,737,5.0
25334,824,5.0
25338,650,2.0
25343,888,3.0
25343,937,4.0
25346,650,5.0
25349,369,3.0
25349,640,3.0
25349,748,5.0
25350,650,5.0
25355,640,5.0
25356,673,4.0
25363,650,3.0
25368,841,3.0
25371,824,5.0
25372,650,3.0
25372,748,5.0
25373,748,3.0
25377,640,4.0
25377,737,5.0
25378,841,2.0
25379,841,5.0
25384,748,4.0
25385,1220,4.0
25386,369,5.0
25394,640,5.0
25394,748,5.0
25394,749,5.0
25396,841,5.0
25399,640,5.0
25405,748,2.0
25412,841,5.0
25414,841,5.0
25423,673,2.0
25424,737,5.0
25425,640,4.0
25426,824,1.0
25428,640,5.0
25428,650,5.0
25428,737,4.0
25428,841,4.0
25431,748,4.0
25431,1297,3.6666666666666665
25432,841,5.0
25436,650,3.0
25441,640,4.0
25443,481,5.0
25443,640,5.0
25444,650,5.0
25444,673,3.0
25444,841,5.0
25449,481,4.0
25451,481,5.0
25451,640,1.0
25454,748,5.0
25454,749,5.0
25458,841,5.0
25460,650,2.0
25463,640,4.0
25463,748,5.0
25465,841,5.0
25469,748,5.0
25472,650,5.0
25473,481,5.0
25473,673,4.0
25473,748,5.0
25477,481,5.0
25478,841,4.0
25481,737,5.0
25483,640,5.0
25485,369,4.0
25489,640,5.0
25489,748,1.0
25490,841,5.0
25493,640,4.0
25494,640,1.0
25495,748,5.0
25496,640,4.0
25496,650,4.0
25498,841,5.0
25499,841,4.0
25503,650,5.0
25503,748,5.0
25505,650,5.0
25505,841,5.0
25508,1171,5.0
25509,640,5.0
25510,841,3.0
25517,673,3.0
25517,737,4.0
25520,673,3.0
25526,369,5.0
25529,481,4.0
25529,640,5.0
25529,748,5.0
25532,640,3.0
25536,749,3.0
25537,841,5.0
25539,841,5.0
25543,640,3.0
25544,841,5.0
25546,673,4.0
25551,640,3.0
25561,640,5.0
25563,640,3.5
25563,841,5.0
25564,640,4.0
25565,947,5.0
25566,841,4.0
25568,673,4.0
25569,824,1.0
25571,640,3.0
25571,673,4.0
25571,748,5.0
25578,737,5.0
25578,841,5.0
25580,640,1.0
25586,481,5.0
25586,650,3.0
25590,748,5.0
25592,841,5.0
25595,640,4.0
25596,824,4.0
25600,748,4.0
25601,928,5.0
25605,640,4.0
25607,737,3.0
25607,824,3.0
25608,369,2.0
25608,841,5.0
25609,640,4.0
25614,824,4.0
25618,937,4.0
25618,1280,5.0
25621,640,5.0
25624,841,5.0
25628,481,4.0
25631,640,4.0
25631,824,5.0
25632,841,5.0
25633,640,5.0
25634,640,5.0
25635,369,5.0
25635,640,5.0
25638,749,3.0
25639,737,5.0
25639,748,2.0
25639,824,5.0
25639,841,5.0
25641,841,4.0
25643,640,5.0
25644,841,5.0
25645,640,5.0
25646,640,4.0
25647,737,4.0
25647,749,3.0
25647,824,4.0
25654,640,3.0
25655,640,3.5
25655,748,3.0
25658,1280,4.0
25659,737,4.0
25669,673,5.0
25670,737,3.0
25670,748,5.0
25670,824,5.0
25674,369,1.0
25674,841,5.0
25675,650,3.0
25676,640,4.0
25677,824,4.0
25680,640,4.0
25682,481,4.0
25682,640,5.0
25683,640,4.0
25684,640,4.0
25685,640,5.0
25685,749,4.0
25686,640,5.0
25688,748,5.0
25690,673,5.0
25691,748,3.0
25700,975,5.0
25701,841,5.0
25702,369,2.0
25702,748,4.0
25705,640,4.0
25707,650,5.0
25708,369,5.0
25714,640,5.0
25714,1220,4.666666666666667
25717,369,3.0
25717,640,4.0
25717,650,5.0
25717,673,4.0
25717,737,2.0
25717,748,5.0
25717,824,3.0
25725,748,3.0
25730,640,5.0
25730,748,5.0
25747,640,5.0
25750,640,5.0
25751,841,5.0
25754,640,4.0
25755,369,4.0
25755,640,4.0
25756,481,5.0
25756,737,5.0
25759,841,4.0
25762,369,4.0
25762,481,5.0
25762,640,4.0
25762,748,4.0
25762,841,5.0
25763,841,4.0
25765,640,5.0
25765,748,3.0
25765,749,3.0
25765,841,4.0
25766,640,4.0
25766,749,4.0
25768,824,5.0
25770,673,3.0
25771,841,5.0
25772,824,5.0
25773,841,5.0
25775,640,5.0
25775,650,4.0
25781,650,3.0
25782,640,4.0
25782,748,4.0
25783,841,4.0
25785,841,4.0
25788,369,3.0
25796,640,5.0
25796,748,5.0
25798,824,4.0
25804,640,5.0
25804,749,3.0
25804,824,4.0
25807,369,3.0
25808,369,5.0
25808,1171,5.0
25810,640,5.0
25811,748,4.0
25814,841,5.0
25816,481,5.0
25816,748,3.0
25816,841,4.0
25819,640,5.0
25820,650,5.0
25823,824,4.0
25824,841,5.0
25826,1278,5.0
25832,841,5.0
25834,640,3.0
25834,737,3.0
25834,748,2.0
25834,841,5.0
25837,673,4.0
25837,737,4.0
25837,749,3.0
25841,640,4.0
25843,640,4.0
25845,749,2.0
25849,841,5.0
25852,841,4.0
25854,640,4.0
25856,640,5.0
25861,640,4.0
25863,937,5.0
25869,650,3.0
25875,673,2.0
25881,673,5.0
25882,640,3.0
25885,673,5.0
25887,481,5.0
25887,640,5.0
25887,650,5.0
25887,737,5.0
25887,748,5.0
25887,749,3.0
25887,841,5.0
25889,650,3.0
25889,673,3.0
25895,369,3.0
25895,640,5.0
25895,749,4.0
25906,481,4.0
25909,640,4.0
25909,748,5.0
25910,650,2.0
25911,640,5.0
25913,369,3.0
25915,640,5.0
25917,481,5.0
25917,748,1.0
25920,748,5.0
25920,749,1.0
25925,369,3.0
25925,640,4.0
25925,737,1.0
25927,369,4.0
25932,640,3.0
25932,748,3.0
25933,748,4.0
25936,640,2.0
25938,640,5.0
25941,650,5.0
25942,640,5.0
25942,650,4.0
25942,1297,1.0
25943,650,3.0
25948,673,5.0
25953,673,4.0
25955,640,4.0
25955,737,5.0
25955,824,5.0
25957,877,4.0
25957,888,5.0
25963,650,4.0
25963,673,3.0
25963,737,4.0
25963,824,4.0
25963,888,4.0
25963,937,4.0
25963,1171,4.0625
25964,824,5.0
25964,841,5.0
25966,841,5.0
25967,369,4.0
25974,640,4.0
25976,640,5.0
25978,1238,5.0
25979,640,5.0
25979,748,4.0
25979,749,3.0
25979,841,5.0
25980,673,2.0
25985,481,4.0
25986,481,4.0
25986,673,1.0
25986,748,3.0
25986,841,5.0
25993,640,5.0
25993,749,4.0
25994,481,5.0
25995,640,5.0
25995,748,3.0
25995,841,5.0
25996,841,4.0
25997,640,1.0
26000,640,3.0
26001,650,5.0
26003,640,5.0
26003,737,4.0
26004,749,3.0
26007,640,5.0
26007,841,5.0
26008,640,3.0
26009,841,5.0
26021,841,5.0
26025,481,5.0
26025,640,5.0
26026,748,5.0
26027,748,4.0
26033,737,4.0
26034,640,5.0
26039,1166,5.0
26040,748,5.0
26042,737,5.0
26043,841,4.0
26046,824,4.0
26047,841,5.0
26048,650,5.0
26049,673,2.0
26060,369,3.0
26061,640,5.0
26064,841,5.0
26066,748,4.0
26066,749,4.0
26075,824,3.0
26079,640,5.0
26079,748,4.0
26080,640,4.0
26084,888,5.0
26087,748,5.0
26091,824,4.0
26094,640,4.0
26096,841,5.0
26100,737,2.0
26103,841,5.0
26106,650,5.0
26107,640,4.0
26107,841,5.0
26108,737,5.0
26108,824,5.0
26119,824,3.0
26121,481,5.0
26123,888,5.0
26124,824,3.0
26124,841,4.666666666666667
26125,369,5.0
26125,1137,2.0
26126,737,3.0
26128,841,5.0
26129,824,3.0
26130,640,1.0
26130,841,5.0
26134,640,4.0
26135,369,4.0
26139,640,5.0
26141,640,5.0
26142,640,3.0
26142,749,3.0
26143,737,3.0
26145,640,5.0
26146,640,5.0
26147,673,4.0
26150,650,3.0
26150,824,4.0
26150,841,5.0
26153,824,5.0
26156,640,4.0
26158,841,4.0
26159,640,4.0
26159,1220,4.5
26160,640,5.0
26161,841,5.0
26162,640,4.0
26163,737,4.0
26165,369,4.0
26168,640,4.0
26168,650,2.0
26171,841,5.0
26174,369,1.0
26175,673,3.0
26178,650,4.0
26179,640,5.0
26180,640,5.0
26187,481,5.0
26189,673,5.0
26191,824,3.0
26192,841,5.0
26194,640,4.0
26200,640,5.0
26202,841,5.0
26204,640,4.0
26205,824,4.0
26207,841,5.0
26209,640,4.0
26212,481,4.0
26213,737,4.0
26214,481,5.0
26214,673,5.0
26214,824,3.0
26214,841,5.0
26215,748,3.0
26218,640,4.0
26222,650,3.0
26223,369,3.0
26223,481,4.0
26223,673,2.0
26223,748,5.0
26223,841,5.0
26225,640,4.0
26226,369,5.0
26226,640,4.0
26226,673,3.0
26226,737,4.0
26226,748,4.0
26226,841,5.0
26227,640,5.0
26229,640,4.0
26231,673,5.0
26235,369,5.0
26235,481,4.0
26235,640,4.428571428571429
26235,650,4.333333333333333
26235,748,4.0
26235,841,5.0
26236,640,4.0
26241,640,4.0
26245,841,4.0
26246,824,4.0
26253,824,5.0
26254,841,5.0
26257,640,3.0
26265,841,4.0
26271,369,3.0
26271,481,4.0
26271,640,4.5
26271,650,3.0
26271,673,4.0
26271,737,3.6666666666666665
26271,748,4.0
26271,749,5.0
26271,824,5.0
26271,841,4.0
26275,640,4.5
26275,650,3.0
26275,673,4.0
26275,748,4.0
26275,824,3.0
26275,841,5.0
26276,640,3.0
26276,737,4.0
26276,824,4.0
26278,481,4.0
26280,481,5.0
26282,737,4.0
26287,481,3.0
26296,481,5.0
26307,481,5.0
26309,640,5.0
26311,640,4.0
26311,841,5.0
26313,650,4.0
26313,737,3.0
26329,673,3.0
26330,640,5.0
26331,369,4.0
26333,481,5.0
26333,640,4.75
26333,673,4.0
26333,737,5.0
26333,824,4.25
26333,841,5.0
26335,897,3.0
26335,937,4.0
26335,1297,3.3333333333333335
26337,673,4.0
26344,888,5.0
26344,897,4.0
26344,1238,4.222222222222222
26346,650,5.0
26347,1220,4.0
26354,481,5.0
26358,640,4.0
26358,748,5.0
26362,640,3.0
26362,749,5.0
26363,841,5.0
26366,481,5.0
26367,824,4.0
26367,841,4.0
26369,640,4.0
26369,748,5.0
26369,749,3.0
26369,841,5.0
26370,640,5.0
26373,673,3.5
26377,369,4.0
26378,824,5.0
26380,640,4.0
26389,640,4.0
26389,1297,4.0
26392,640,4.0
26394,481,4.0
26395,824,5.0
26398,673,3.0
26398,1220,5.0
26412,673,5.0
26415,640,4.0
26415,749,5.0
26415,841,5.0
26417,640,1.0
26418,650,3.0
26420,841,5.0
26422,673,4.0
26424,841,5.0
26432,640,5.0
26433,650,3.0
26437,841,5.0
26440,640,4.0
26441,640,5.0
26441,913,5.0
26441,975,4.0
26443,673,4.0
26447,640,5.0
26451,650,3.0
26458,481,4.0
26459,841,5.0
26460,640,3.0
26460,748,4.0
26462,650,3.0
26463,650,2.0
26463,673,3.0
26466,481,5.0
26466,640,5.0
26473,640,5.0
26473,824,5.0
26476,640,4.0
26486,650,3.0
26488,1297,4.25
26491,640,5.0
26498,748,5.0
26499,640,4.333333333333333
26499,673,3.5
26499,748,4.0
26499,824,3.5
26500,481,5.0
26502,369,3.0
26504,369,3.0
26508,824,5.0
26510,640,4.0
26519,748,4.0
26520,369,3.0
26522,640,4.0
26523,640,5.0
26524,841,4.0
26525,748,5.0
26530,841,5.0
26532,888,3.0
26533,369,4.0
26533,737,4.0
26533,824,5.0
26534,673,3.0
26537,888,5.0
26541,640,4.0
26545,650,4.0
26546,640,5.0
26546,841,4.0
26548,640,4.0
26548,650,4.0
26548,824,4.0
26551,640,3.0
26552,841,5.0
26559,748,5.0
26568,640,5.0
26568,749,5.0
26568,841,4.0
26569,841,5.0
26574,737,5.0
26576,640,5.0
26577,650,5.0
26585,824,3.0
26593,673,5.0
26594,824,3.0
26597,841,3.0
26598,369,4.0
26601,640,5.0
26602,748,4.0
26604,841,5.0
26608,650,5.0
26610,640,5.0
26610,748,4.0
26611,737,5.0
26611,748,4.0
26611,824,5.0
26612,369,5.0
26612,673,5.0
26617,737,4.0
26617,824,5.0
26617,1297,3.0
26619,369,1.0
26620,640,5.0
26623,748,3.0
26627,640,5.0
26627,748,5.0
26628,673,5.0
26632,650,5.0
26636,673,4.0
26643,650,4.333333333333333
26644,673,3.0
26644,748,4.5
26644,749,5.0
26646,481,5.0
26648,481,3.0
26648,749,3.0
26649,749,3.0
26650,640,2.0
26654,481,4.0
26655,650,4.0
26656,748,4.0
26664,640,5.0
26664,673,5.0
26664,748,5.0
26670,650,4.0
26670,737,5.0
26670,841,5.0
26672,650,4.0
26675,640,3.0
26677,481,5.0
26679,640,5.0
26686,650,5.0
26687,640,5.0
26692,748,5.0
26695,650,4.0
26699,673,5.0
26701,841,5.0
26703,737,5.0
26706,650,5.0
26711,640,5.0
26714,824,4.0
26716,737,4.0
26716,748,4.0
26720,640,5.0
26720,673,2.0
26721,640,3.0
26726,369,3.0
26726,824,4.0
26729,673,3.0
26730,640,3.0
26731,737,5.0
26734,673,4.0
26735,640,5.0
26735,650,4.0
26738,640,5.0
26738,650,5.0
26742,749,2.0
26743,369,4.0
26745,841,5.0
26749,640,5.0
26753,748,4.0
26754,650,4.0
26755,841,5.0
26758,650,2.0
26759,640,5.0
26762,640,5.0
26763,673,5.0
26764,640,4.0
26766,737,5.0
26767,748,2.0
26770,737,3.0
26774,369,5.0
26774,841,5.0
26775,369,4.0
26775,737,5.0
26777,640,4.0
26777,841,4.0
26778,749,4.0
26781,841,4.0
26785,737,3.0
26790,640,5.0
26791,841,4.0
26795,737,3.0
26797,824,4.0
26800,481,5.0
26803,888,4.0
26804,640,5.0
26811,369,4.5
26811,841,5.0
26816,369,3.0
26816,640,4.0
26816,748,5.0
26824,737,3.0
26827,673,5.0
26827,841,4.0
26836,749,2.0
26837,640,3.0
26839,748,4.0
26843,673,5.0
26848,650,3.0
26848,737,5.0
26849,640,4.0
26849,748,3.0
26850,640,5.0
26856,824,5.0
26858,824,2.0
26859,640,5.0
26859,650,3.0
26859,737,5.0
26859,748,4.0
26859,824,5.0
26862,640,5.0
26864,481,5.0
26864,650,4.0
26864,737,5.0
26868,640,3.0
26869,673,5.0
26870,369,2.0
26872,640,4.0
26872,673,5.0
26872,824,4.0
26872,841,5.0
26877,640,5.0
26877,748,5.0
26879,841,5.0
26881,481,5.0
26881,748,4.0
26883,1220,5.0
26884,841,5.0
26885,640,4.0
26885,737,3.0
26885,1225,3.0
26891,640,5.0
26892,640,4.0
26893,640,3.0
26898,640,4.5
26898,737,5.0
26898,749,4.0
26901,737,4.0
26902,737,4.0
26905,824,4.0
26907,841,5.0
26909,650,3.0
26910,737,5.0
26910,824,5.0
26912,640,5.0
26913,749,5.0
26922,650,5.0
26924,640,5.0
26925,369,3.0
26925,640,5.0
26925,673,3.0
26925,737,4.0
26925,841,4.0
26928,640,4.0
26928,650,3.0
26929,640,5.0
26931,369,5.0
26936,841,5.0
26941,481,5.0
26941,673,5.0
26948,640,5.0
26952,841,5.0
26956,369,2.0
26961,1133,4.0
26962,841,5.0
26966,841,4.0
26974,481,5.0
26976,640,5.0
26980,841,5.0
26981,673,4.0
26983,841,5.0
26986,748,4.0
26986,888,5.0
26986,947,5.0
26986,1137,5.0
26987,481,5.0
26988,640,5.0
26989,673,1.0
26990,481,4.0
26990,640,4.0
26990,737,5.0
26990,824,3.0
26998,737,3.0
26998,824,4.0
26999,640,5.0
27001,640,4.0
27005,640,5.0
27006,640,5.0
27009,841,5.0
27011,841,5.0
27012,640,4.0
27013,640,4.0
27015,650,4.0
27016,841,5.0
27017,640,5.0
27017,737,2.0
27020,748,3.0
27021,640,5.0
27024,481,5.0
27024,640,5.0
27024,748,5.0
27025,640,5.0
27025,748,3.0
27027,640,3.0
27029,369,3.0
27039,640,4.0
27040,650,5.0
27041,640,5.0
27043,640,4.0
27046,640,5.0
27046,748,3.0
27046,749,4.0
27046,824,4.0
27051,640,5.0
27051,673,3.0
27055,640,5.0
27055,749,4.0
27056,841,5.0
27058,824,4.0
27059,640,4.0
27059,748,2.0
27060,650,3.0
27061,749,5.0
27069,737,5.0
27070,824,5.0
27075,841,5.0
27076,650,3.0
27076,737,4.0
27078,481,5.0
27079,640,3.0
27084,824,4.0
27087,369,5.0
27089,824,3.0
27091,640,5.0
27097,640,4.0
27097,737,3.5
27097,748,4.0
27101,841,5.0
27114,640,4.0
27114,650,4.0
27114,749,4.0
27122,748,5.0
27128,841,4.0
27129,369,5.0
27129,640,5.0
27129,650,5.0
27129,748,5.0
27130,369,5.0
27133,841,4.0
27134,737,2.0
27137,369,4.0
27137,650,4.0
27138,369,3.0
27138,640,2.0
27138,841,5.0
27139,481,4.0
27139,673,4.0
27140,824,5.0
27141,841,5.0
27143,824,5.0
27146,897,4.0
27147,748,4.0
27150,640,3.0
27154,841,4.0
27156,481,4.0
27157,888,5.0
27157,1166,4.0
27160,650,5.0
27163,841,5.0
27165,640,2.0
27166,650,5.0
27167,841,4.0
27170,640,5.0
27176,640,5.0
27178,748,4.0
27190,369,4.0
27197,640,5.0
27197,748,5.0
27201,749,5.0
27203,737,5.0
27203,748,5.0
27204,481,5.0
27204,748,5.0
27206,481,4.0
27212,640,5.0
27214,640,5.0
27219,369,5.0
27219,841,4.0
27222,640,4.0
27224,673,4.0
27224,749,4.0
27226,737,5.0
27228,481,5.0
27231,841,4.0
27232,650,4.0
27234,640,5.0
27237,369,2.0
27237,841,5.0
27240,481,4.0
27240,640,4.0
27240,650,3.0
27244,640,3.0
27245,640,3.0
27245,748,4.0
27249,824,4.0
27251,841,4.0
27252,841,5.0
27254,841,4.0
27262,369,4.0
27264,640,5.0
27271,737,4.0
27271,1166,4.0
27275,841,4.0
27277,369,4.0
27281,640,5.0
27281,673,5.0
27284,748,4.0
27285,737,5.0
27286,748,5.0
27288,841,5.0
27290,640,5.0
27294,841,5.0
27295,640,4.0
27296,841,5.0
27299,369,5.0
27299,841,5.0
27301,640,5.0
27301,748,5.0
27303,481,5.0
27303,1171,5.0
27308,640,4.0
27314,640,4.0
27314,737,5.0
27314,824,5.0
27318,640,5.0
27323,748,5.0
27325,640,5.0
27325,748,5.0
27325,749,3.0
27329,737,5.0
27334,737,4.0
27342,650,5.0
27348,640,4.0
27350,748,5.0
27350,749,5.0
27351,748,5.0
27353,737,4.0
27356,824,3.0
27362,650,3.0
27370,640,3.0
27372,640,5.0
27379,640,4.0
27380,737,4.0
27390,737,5.0
27391,748,3.0
27394,640,4.0
27394,650,4.0
27394,748,4.0
27395,640,3.0
27395,748,4.0
27406,640,5.0
27407,640,1.0
27407,737,2.0
27407,748,5.0
27410,749,5.0
27417,640,5.0
27417,748,5.0
27420,824,4.0
27426,748,5.0
27427,369,5.0
27427,737,5.0
27427,748,5.0
27427,897,5.0
27427,1166,4.0
27432,640,4.0
27432,748,5.0
27443,650,5.0
27444,640,4.0
27449,640,4.5
27450,1278,5.0
27453,748,5.0
27464,650,5.0
27467,748,4.0
27469,748,5.0
27472,737,5.0
27473,673,3.0
27485,748,4.0
27487,673,3.0
27488,841,1.0
27489,640,4.0
27490,824,5.0
27492,481,2.0
27492,673,5.0
27496,640,5.0
27498,841,4.0
27499,640,3.0
27500,481,3.0
27501,650,4.0
27505,640,4.0
27506,640,3.0
27507,841,5.0
27511,841,5.0
27512,749,4.0
27514,824,2.0
27516,824,3.0
27517,481,4.0
27526,640,5.0
27527,841,4.0
27531,673,5.0
27535,748,2.0
27537,748,4.0
27538,640,5.0
27545,1280,3.0
27548,841,4.0
27549,748,4.0
27550,640,4.0
27550,748,5.0
27550,749,5.0
27551,369,5.0
27555,481,3.0
27556,369,5.0
27558,841,5.0
27559,824,5.0
27560,841,5.0
27562,737,5.0
27568,841,4.0
27579,650,4.0
27579,748,2.0
27581,673,5.0
27581,841,5.0
27583,369,4.0
27585,737,3.0
27587,673,2.0
27590,748,4.0
27594,640,4.0
27595,369,3.0
27597,737,5.0
27598,640,4.0
27598,748,4.0
27599,824,4.0
27600,640,3.0
27603,824,4.0
27603,1166,3.5
27611,748,5.0
27611,749,4.0
27617,369,5.0
27617,737,4.0
27617,1225,4.0
27618,673,4.0
27618,748,4.0
27620,640,4.0
27627,748,5.0
27629,369,4.0
27634,841,5.0
27636,841,5.0
27637,640,5.0
27641,824,5.0
27642,748,5.0
27642,749,5.0
27644,640,4.5
27645,481,4.0
27646,481,3.0
27651,841,4.0
27655,749,4.0
27656,369,3.0
27656,737,5.0
27656,824,4.5
27657,650,5.0
27658,748,4.0
27659,481,5.0
27662,481,5.0
27663,481,5.0
27666,640,5.0
27668,650,5.0
27669,673,4.0
27670,640,5.0
27672,841,5.0
27677,640,5.0
27677,650,5.0
27677,748,4.0
27679,650,5.0
27680,673,2.0
27681,650,5.0
27681,824,5.0
27695,748,4.0
27695,749,2.0
27698,841,5.0
27700,749,5.0
27701,749,5.0
27705,673,4.0
27707,640,3.3333333333333335
27707,841,5.0
27708,640,5.0
27710,640,4.0
27712,947,5.0
27712,1278,4.0
27718,640,3.0
27718,1133,5.0
27722,673,5.0
27722,748,3.0
27724,737,5.0
27729,640,5.0
27734,841,5.0
27735,481,5.0
27740,640,4.0
27741,369,3.0
27742,640,4.0
27749,650,1.0
27749,841,5.0
27752,841,5.0
27753,737,4.0
27759,841,5.0
27766,640,4.0
27767,481,4.0
27769,640,5.0
27771,748,4.0
27778,650,5.0
27778,749,4.0
27781,841,4.0
27787,640,4.0
27787,748,3.0
27787,888,5.0
27791,481,5.0
27794,673,3.0
27795,737,4.0
27796,640,3.0
27796,749,4.0
27797,824,5.0
27798,640,3.0
27803,737,5.0
27810,640,5.0
27811,673,5.0
27813,640,5.0
27818,481,4.0
27821,841,4.0
27822,369,3.0
27822,640,5.0
27822,749,4.0
27822,824,5.0
27823,841,5.0
27825,640,4.0
27830,369,5.0
27832,369,4.0
27834,650,4.0
27837,640,4.0
27837,737,4.0
27837,748,5.0
27837,749,4.0
27837,841,5.0
27838,640,5.0
27839,673,3.0
27840,481,5.0
27844,650,3.0
27851,737,5.0
27853,640,5.0
27854,841,5.0
27855,737,5.0
27856,824,5.0
27857,737,5.0
27865,640,4.0
27867,673,4.0
27868,1225,3.5
27870,824,4.0
27871,841,4.0
27876,640,5.0
27883,1278,4.5
27885,640,5.0
27887,640,3.0
27889,640,5.0
27890,748,5.0
27892,650,5.0
27893,640,5.0
27893,748,5.0
27897,841,5.0
27898,640,5.0
27903,737,4.0
27905,369,2.0
27914,640,4.0
27917,737,4.0
27917,824,4.0
27920,640,4.0
27923,673,3.0
27932,640,5.0
27932,673,4.0
27932,748,4.0
27932,749,5.0
27934,673,4.0
27938,841,5.0
27939,640,3.0
27945,737,3.0
27945,748,4.0
27946,748,5.0
27946,824,4.0
27948,640,4.0
27950,640,3.0
27954,841,5.0
27955,748,5.0
27956,640,4.0
27957,640,3.0
27959,481,5.0
27959,1166,4.0
27963,369,4.0
27968,640,5.0
27977,841,4.0
27986,650,4.0
27988,748,3.0
27989,824,5.0
27990,640,4.0
27991,369,3.0
27991,749,5.0
27991,841,5.0
27993,841,5.0
27996,888,5.0
27996,897,5.0
27996,920,4.0
27998,748,5.0
27999,640,5.0
28000,650,4.0
28004,824,5.0
28008,737,4.0
28010,824,5.0
28016,640,3.0
28019,737,4.0
28022,481,4.0
28024,650,3.0
28027,824,4.0
28030,824,5.0
28031,841,5.0
28035,841,5.0
28044,640,3.0
28051,673,3.0
28053,650,1.0
28059,748,5.0
28061,640,5.0
28065,640,5.0
28067,640,5.0
28067,748,5.0
28068,640,5.0
28069,1278,5.0
28070,640,5.0
28072,640,5.0
28078,737,4.0
28079,640,3.0
28079,748,5.0
28083,650,5.0
28094,673,5.0
28097,640,5.0
28098,369,5.0
28104,369,1.0
28104,673,4.0
28105,650,3.0
28106,749,4.0
28111,640,5.0
28114,481,4.0
28114,640,5.0
28114,824,4.0
28115,640,1.0
28119,640,1.0
28122,824,5.0
28127,824,5.0
28130,640,5.0
28133,640,5.0
28136,673,4.0
28141,640,4.0
28142,369,4.0
28148,481,1.0
28151,650,4.0
28151,673,4.0
28151,737,4.0
28155,737,4.0
28158,640,5.0
28159,824,3.0
28164,650,3.0
28167,369,1.0
28169,640,4.0
28171,640,4.0
28171,841,4.0
28173,824,5.0
28174,369,5.0
28176,1220,5.0
28180,481,2.0
28181,640,5.0
28181,650,5.0
28181,748,5.0
28182,937,5.0
28192,369,4.0
28192,824,4.0
28192,841,4.0
28194,947,5.0
28195,748,4.0
28196,640,4.0
28196,673,4.0
28197,640,3.0
28197,749,4.0
28198,841,5.0
28199,369,3.0
28201,640,4.0
28205,749,4.0
28207,640,5.0
28213,673,5.0
28214,640,4.0
28214,673,3.0
28214,748,4.0
28222,737,1.0
28225,737,3.0
28230,640,5.0
28230,749,5.0
28232,673,4.0
28234,640,5.0
28237,640,5.0
28237,748,4.0
28240,748,4.0
28241,640,4.0
28244,640,5.0
28245,369,4.0
28245,650,5.0
28245,1166,4.0
28248,481,4.0
28248,640,3.0
28248,748,3.0
28249,369,3.0
28251,824,5.0
28255,650,5.0
28255,748,5.0
28257,640,5.0
28258,640,4.0
28260,640,4.0
28264,640,5.0
28264,748,5.0
28270,824,4.0
28272,841,4.0
28275,640,5.0
28287,369,1.0
28289,640,5.0
28289,748,3.0
28294,640,3.0
28295,748,5.0
28299,481,5.0
28299,673,5.0
28301,640,3.0
28301,650,3.0
28302,640,4.0
28302,824,2.0
28306,640,3.0
28306,650,3.0
28308,841,2.0
28309,824,5.0
28315,640,4.0
28328,481,4.0
28328,737,5.0
28328,748,5.0
28331,673,3.0
28336,841,5.0
28337,841,4.0
28338,369,1.0
28340,841,5.0
28341,673,3.0
28342,640,4.0
28351,673,5.0
28354,824,4.0
28356,748,5.0
28357,640,3.0
28357,748,4.0
28362,640,5.0
28365,640,5.0
28366,640,3.0
28370,673,5.0
28371,640,5.0
28375,369,2.0
28376,640,5.0
28376,737,2.0
28376,748,5.0
28376,824,5.0
28380,673,4.0
28381,748,3.0
28381,749,4.0
28391,748,5.0
28392,369,3.0
28392,481,5.0
28393,640,5.0
28394,481,4.0
28395,369,4.0
28395,737,5.0
28395,824,2.0
28399,640,2.0
28401,824,5.0
28403,737,4.0
28406,748,5.0
28406,841,5.0
28407,369,5.0
28411,640,4.0
28411,748,3.0
28412,888,5.0
28416,737,5.0
28416,824,5.0
28416,1297,4.5
28417,975,4.0
28418,369,2.5
28418,481,4.0
28418,640,4.0
28418,673,5.0
28418,841,5.0
28420,369,4.0
28421,640,5.0
28422,640,5.0
28422,748,4.0
28425,640,4.0
28425,748,5.0
28425,824,4.0
28428,369,5.0
28430,748,3.0
28432,640,5.0
28434,841,4.0
28437,673,4.0
28441,640,5.0
28447,888,4.0
28447,913,3.0
28447,975,4.0
28450,650,5.0
28453,481,5.0
28455,749,3.0
28456,841,4.0
28457,749,4.0
28459,673,5.0
28464,640,4.0
28467,737,5.0
28470,640,4.0
28471,369,3.0
28471,640,5.0
28472,748,4.0
28474,824,3.0
28475,369,1.0
28477,841,4.0
28479,640,4.0
28487,640,5.0
28489,748,4.0
28492,640,3.0
28496,640,4.0
28496,1171,4.0
28499,640,5.0
28499,748,5.0
28504,841,5.0
28508,824,2.0
28508,841,5.0
28509,481,4.0
28509,640,3.0
28509,749,4.0
28512,369,4.0
28514,673,5.0
28515,841,4.0
28517,748,4.0
28519,640,4.0
28519,748,4.0
28520,481,4.0
28520,737,3.0
28521,640,4.0
28522,748,3.0
28522,749,1.0
28527,824,3.0
28529,640,4.0
28533,673,4.0
28534,1166,3.6
28535,737,5.0
28539,650,5.0
28540,640,4.0
28541,673,3.0
28543,640,4.0
28544,640,5.0
28545,640,4.0
28546,640,4.0
28546,737,2.0
28547,369,5.0
28548,650,3.0
28550,640,5.0
28550,824,4.0
28551,673,1.0
28551,737,5.0
28551,748,4.0
28551,749,4.0
28551,824,5.0
28551,1171,4.5
28556,640,5.0
28556,748,4.0
28556,749,5.0
28564,650,5.0
28567,640,5.0
28568,369,3.0
28575,737,3.0
28576,673,5.0
28576,841,5.0
28578,673,3.0
28580,640,5.0
28580,748,4.0
28581,673,1.0
28583,673,3.0
28589,748,5.0
28590,749,5.0
28593,841,5.0
28595,841,5.0
28596,640,4.0
28596,824,3.0
28596,841,5.0
28597,640,3.5
28597,673,3.0
28597,737,5.0
28597,841,5.0
28601,749,4.0
28605,841,5.0
28606,640,5.0
28608,640,5.0
28608,748,5.0
28609,841,5.0
28610,640,5.0
28610,841,5.0
28612,841,4.0
28613,737,4.0
28615,640,5.0
28619,640,5.0
28622,673,2.0
28631,737,5.0
28632,640,4.0
28632,841,5.0
28634,824,4.0
28652,640,5.0
28652,737,5.0
28658,650,3.0
28659,748,3.0
28661,650,4.0
28663,841,5.0
28667,640,4.0
28669,640,3.0
28671,640,5.0
28673,640,4.0
28681,824,5.0
28682,640,4.0
28684,824,5.0
28685,737,5.0
28685,749,5.0
28690,673,5.0
28690,737,5.0
28691,737,4.0
28692,640,5.0
28694,650,4.0
28695,824,3.0
28695,1238,4.5
28696,640,4.0
28697,841,5.0
28700,640,5.0
28702,640,3.0
28702,748,5.0
28703,824,1.0
28704,824,3.0
28705,640,5.0
28705,673,5.0
28705,749,3.0
28710,640,4.0
28711,650,5.0
28711,737,4.0
28714,640,5.0
28718,748,5.0
28720,748,5.0
28721,369,1.0
28725,640,3.0
28726,369,3.0
28727,640,5.0
28728,640,5.0
28728,748,5.0
28728,749,4.0
28728,841,5.0
28730,640,4.0
28732,640,3.0
28733,841,5.0
28742,640,3.0
28744,650,5.0
28744,673,5.0
28744,748,5.0
28744,749,5.0
28746,650,3.0
28747,841,5.0
28750,650,5.0
28754,640,4.0
28760,640,5.0
28760,673,5.0
28765,650,4.0
28769,640,5.0
28770,749,4.0
28773,640,4.0
28777,481,3.0
28777,650,4.0
28777,673,4.0
28777,824,4.0
28779,640,2.0
28779,650,4.0
28782,640,3.0
28783,748,3.0
28783,749,2.0
28784,640,5.0
28784,748,3.0
28784,749,2.0
28786,824,4.0
28787,640,5.0
28789,640,5.0
28792,673,4.0
28792,737,5.0
28794,640,3.0
28796,369,2.0
28796,841,4.0
28797,640,3.0
28799,824,2.0
28799,1297,3.5
28805,640,4.0
28806,640,4.0
28811,640,5.0
28812,841,5.0
28813,640,4.0
28816,841,5.0
28819,673,2.0
28821,841,5.0
28825,841,5.0
28835,748,5.0
28836,640,5.0
28837,650,4.0
28838,481,4.0
28838,673,4.0
28841,737,5.0
28844,737,4.0
28848,640,4.0
28850,369,4.0
28850,481,4.0
28850,888,5.0
28852,369,3.0
28853,640,5.0
28854,737,5.0
28854,824,5.0
28855,824,3.0
28856,369,4.0
28857,640,4.0
28857,673,3.0
28858,640,3.0
28861,369,4.0
28865,841,5.0
28867,824,4.0
28870,481,5.0
28871,640,5.0
28871,737,5.0
28871,748,3.0
28871,749,4.0
28878,748,5.0
28878,749,4.0
28882,737,5.0
28882,824,5.0
28883,640,5.0
28883,748,5.0
28885,737,4.0
28890,640,5.0
28890,748,4.0
28895,640,5.0
28896,749,4.0
28899,841,5.0
28903,748,4.0
28905,369,4.0
28908,737,4.0
28909,650,4.0
28910,640,5.0
28913,640,4.0
28915,481,5.0
28917,640,5.0
28917,748,1.0
28920,481,4.0
28922,640,5.0
28922,737,3.0
28922,748,4.0
28922,749,4.0
28923,841,4.0
28926,640,4.0
28932,748,4.0
28947,369,1.0
28951,737,5.0
28952,640,3.0
28954,640,4.0
28957,737,4.0
28964,640,3.0
28967,650,4.0
28968,737,4.0
28970,640,5.0
28970,748,3.0
28971,481,4.0
28971,673,4.0
28973,640,3.0
28975,841,5.0
28977,841,5.0
28978,640,4.0
28978,748,3.0
28980,640,5.0
28981,737,4.0
28988,824,4.0
28988,841,4.0
28988,1171,3.6
28989,841,5.0
28995,369,5.0
28995,824,4.0
28996,481,4.0
28996,640,4.0
28996,650,4.25
28996,748,4.0
28996,841,5.0
28997,640,4.0
28998,640,5.0
28999,824,5.0
29006,841,5.0
29007,841,5.0
29008,640,5.0
29008,748,5.0
29010,640,4.0
29011,1166,4.0
29013,737,3.0
29017,481,5.0
29024,481,5.0
29026,824,3.0
29029,369,3.0
29037,640,5.0
29041,748,5.0
29044,673,3.0
29045,1133,5.0
29046,824,5.0
29049,737,4.0
29050,481,5.0
29050,673,2.0
29051,640,4.0
29052,841,4.0
29053,748,5.0
29055,640,4.0
29055,824,5.0
29058,640,1.0
29059,640,5.0
29059,748,5.0
29061,640,4.0
29066,369,4.0
29066,737,5.0
29066,748,5.0
29066,749,4.0
29073,369,1.0
29073,737,4.0
29075,640,4.0
29075,913,4.0
29075,1166,4.0
29078,640,5.0
29080,640,5.0
29080,749,5.0
29083,481,5.0
29083,673,5.0
29086,640,4.0
29086,748,4.0
29086,749,4.0
29087,481,5.0
29087,673,5.0
29087,737,5.0
29088,640,5.0
29089,673,4.0
29090,640,4.0
29093,640,5.0
29093,748,2.0
29095,640,5.0
29095,748,4.0
29095,749,4.0
29096,640,4.0
29097,640,3.0
29100,824,4.0
29101,737,4.0
29102,841,5.0
29104,748,3.0
29104,749,5.0
29105,640,4.0
29106,824,4.0
29107,737,5.0
29111,673,3.0
29112,673,5.0
29115,748,4.0
29118,650,5.0
29120,737,3.0
29120,824,3.0
29121,640,4.0
29121,737,4.0
29126,640,4.0
29128,841,4.0
29130,737,4.0
29130,748,4.0
29131,673,5.0
29135,481,4.0
29135,841,5.0
29138,824,5.0
29141,640,5.0
29141,748,4.0
29145,1171,4.0
29149,481,5.0
29149,824,4.0
29150,749,4.0
29151,640,4.0
29151,748,4.0
29157,673,4.0
29157,841,5.0
29166,369,5.0
29166,749,4.0
29170,640,4.0
29171,640,5.0
29173,737,4.0
29174,640,4.0
29174,748,5.0
29179,748,4.0
29182,841,5.0
29186,749,5.0
29191,737,5.0
29191,824,4.0
29196,824,3.0
29196,1297,1.0
29198,650,3.0
29200,640,5.0
29200,650,4.0
29203,737,5.0
29205,650,3.0
29214,369,4.0
29214,673,4.0
29214,737,4.0
29214,749,4.0
29214,841,5.0
29215,640,5.0
29216,640,5.0
29217,640,5.0
29217,673,3.0
29220,481,4.0
29224,737,5.0
29228,673,2.0
29228,737,5.0
29229,640,4.0
29229,737,4.0
29230,640,4.0
29230,841,5.0
29231,748,5.0
29232,841,5.0
29235,673,3.0
29235,841,5.0
29238,369,2.0
29241,640,4.0
29243,673,5.0
29244,841,5.0
29245,640,4.0
29254,841,5.0
29255,824,3.0
29256,640,3.0
29256,748,5.0
29256,749,2.0
29257,841,5.0
29258,650,3.0
29259,650,2.0
29263,369,3.0
29263,737,5.0
29263,824,4.0
29264,369,4.0
29264,640,4.0
29269,841,4.0
29270,640,5.0
29273,640,4.0
29274,737,4.0
29274,748,5.0
29283,640,5.0
29284,841,5.0
29286,650,4.0
29288,640,3.0
29288,749,4.0
29291,640,5.0
29291,748,5.0
29292,640,4.0
29292,748,5.0
29294,640,3.0
29295,673,5.0
29298,824,5.0
29302,640,4.0
29302,748,5.0
29304,748,4.0
29306,481,4.0
29307,824,5.0
29308,841,5.0
29309,640,5.0
29309,748,5.0
29313,640,1.0
29315,640,5.0
29318,369,3.0
29318,650,5.0
29321,640,5.0
29323,640,5.0
29325,369,5.0
29325,841,5.0
29330,369,3.0
29330,1166,3.0
29331,841,5.0
29333,640,4.0
29333,748,4.0
29336,640,5.0
29338,369,3.0
29339,749,5.0
29344,748,4.0
29345,640,3.0
29345,841,4.0
29347,888,4.0
29370,640,4.0
29371,369,5.0
29371,481,4.0
29371,640,3.7142857142857144
29371,650,4.333333333333333
29371,673,2.0
29371,748,2.0
29371,841,5.0
29372,841,5.0
29373,841,5.0
29375,1166,4.0
29377,949,3.0
29377,1278,4.0
29379,640,5.0
29379,650,5.0
29379,737,5.0
29379,748,5.0
29379,749,4.0
29380,369,3.0
29387,888,5.0
29390,888,5.0
29397,369,5.0
29405,640,4.0
29405,749,5.0
29405,824,4.0
29405,841,4.0
29406,640,5.0
29408,824,5.0
29409,481,3.0
29416,920,5.0
29418,481,5.0
29418,640,5.0
29419,650,4.0
29419,737,4.0
29420,737,4.0
29420,749,4.0
29420,824,4.0
29421,841,5.0
29423,369,1.0
29427,640,4.0
29428,737,5.0
29428,748,5.0
29428,824,5.0
29430,748,5.0
29432,369,1.0
29433,640,5.0
29434,737,5.0
29436,640,5.0
29437,1137,4.0
29438,748,4.0
29438,824,5.0
29438,897,3.0
29439,640,4.0
29439,748,3.0
29440,824,3.0
29440,841,5.0
29441,640,5.0
29441,824,3.0
29442,640,5.0
29443,673,5.0
29453,737,5.0
29462,369,5.0
29462,640,4.0
29462,748,5.0
29462,841,5.0
29467,369,2.0
29467,748,3.0
29470,640,4.5
29470,673,2.5
29470,748,3.0
29474,369,5.0
29474,481,4.5
29474,737,4.0
29474,748,5.0
29474,824,4.0
29480,650,4.0
29481,640,4.0
29481,841,5.0
29482,369,2.5
29482,640,5.0
29482,748,5.0
29482,749,3.0
29482,824,5.0
29484,650,5.0
29484,673,5.0
29484,748,4.0
29484,749,3.0
29490,369,3.0
29492,673,5.0
29497,737,5.0
29498,841,5.0
29499,749,3.0
29503,824,4.0
29504,640,3.0
29505,749,3.0
29506,640,5.0
29508,640,5.0
29509,640,5.0
29509,737,4.0
29509,824,5.0
29510,737,5.0
29510,824,5.0
29516,481,3.0
29518,650,3.0
29519,640,4.0
29521,1278,5.0
29523,841,5.0
29533,737,4.0
29533,748,4.0
29533,749,3.0
29536,640,4.0
29538,737,5.0
29539,640,3.0
29540,748,5.0
29543,640,5.0
29544,748,4.0
29546,748,5.0
29548,640,4.0
29548,748,5.0
29549,481,4.0
29549,640,4.0
29549,748,4.0
29553,650,4.0
29554,1278,1.0
29555,841,5.0
29558,888,5.0
29559,640,5.0
29560,673,5.0
29563,640,5.0
29565,640,5.0
29565,824,4.0
29570,673,4.0
29571,369,5.0
29574,481,2.0
29575,673,4.0
29578,1171,4.5
29579,841,2.0
29585,650,4.0
29585,673,4.0
29588,640,5.0
29589,748,5.0
29590,737,4.0
29590,748,5.0
29593,369,3.0
29593,673,4.0
29593,737,5.0
29593,824,5.0
29593,841,5.0
29596,841,5.0
29600,650,4.0
29600,673,3.0
29601,748,3.0
29602,640,3.0
29602,650,3.0
29602,737,4.0
29605,640,5.0
29612,640,4.0
29614,640,3.0
29618,737,3.0
29623,737,5.0
29623,824,5.0
29627,640,4.0
29628,481,4.0
29630,841,5.0
29634,1278,5.0
29642,1166,2.0
29654,481,3.0
29656,748,4.0
29657,640,4.0
29657,748,5.0
29660,640,5.0
29664,737,5.0
29671,640,5.0
29671,748,4.0
29673,650,4.0
29676,640,4.0
29676,737,5.0
29676,748,4.0
29676,749,2.0
29676,824,5.0
29678,1297,5.0
29679,640,5.0
29683,749,5.0
29684,640,5.0
29687,841,5.0
29693,737,5.0
29694,748,5.0
29698,369,4.0
29704,841,5.0
29709,824,5.0
29711,1278,4.5
29727,673,2.0
29728,650,5.0
29729,640,5.0
29729,748,4.0
29729,749,3.0
29730,748,4.0
29732,673,4.0
29735,640,5.0
29737,640,5.0
29741,640,2.0
29741,824,5.0
29743,640,4.0
29744,640,5.0
29744,749,5.0
29744,841,5.0
29749,737,3.0
29749,748,4.0
29751,650,5.0
29753,841,5.0
29754,640,5.0
29759,824,4.0
29762,824,5.0
29771,369,2.0
29772,640,5.0
29776,841,4.0
29777,749,4.0
29778,640,5.0
29782,673,3.0
29784,369,3.0
29785,673,5.0
29785,737,4.0
29789,841,5.0
29790,640,5.0
29790,748,4.0
29792,1171,3.5
29798,640,4.0
29799,369,2.0
29800,1171,4.0
29801,640,3.0
29802,824,5.0
29803,640,5.0
29808,640,4.0
29808,749,3.0
29810,481,3.0
29811,640,5.0
29815,749,2.0
29819,640,4.0
29822,640,4.0
29822,749,3.0
29825,640,4.0
29831,640,4.0
29831,673,5.0
29835,369,1.0
29835,650,5.0
29836,1280,3.0
29837,640,4.0
29842,1297,3.0
29845,640,4.0
29848,1220,5.0
29855,1166,4.5
29857,748,3.0
29858,1220,2.0
29859,888,5.0
29861,1278,5.0
29862,640,4.0
29866,748,4.0
29870,673,5.0
29871,640,4.0
29876,841,5.0
29877,640,4.0
29877,737,2.0
29877,748,1.0
29881,737,4.0
29882,841,2.0
29884,640,5.0
29884,749,2.0
29886,824,3.0
29887,1171,4.0
29891,640,4.0
29892,1171,2.0
29893,824,5.0
29895,749,5.0
29900,673,4.0
29901,748,5.0
29903,888,5.0
29903,937,3.0
29903,949,5.0
29905,481,5.0
29908,673,5.0
29909,737,5.0
29913,1137,4.666666666666667
29914,673,3.0
29916,640,4.0
29923,748,3.0
29924,841,5.0
29931,673,4.0
29932,481,3.0
29932,640,4.0
29932,748,4.0
29934,481,5.0
29936,1171,4.666666666666667
29939,650,2.0
29940,737,5.0
29941,749,4.0
29942,640,3.0
29943,1171,5.0
29945,640,4.0
29947,640,5.0
29954,824,3.0
29956,640,3.0
29960,748,5.0
29964,888,4.0
29979,650,3.0
29979,737,5.0
29981,640,3.5
29985,748,4.0
29986,481,3.0
29988,748,5.0
29989,1220,5.0
29992,640,3.0
29993,640,4.0
29993,748,4.0
29993,824,5.0
29995,640,3.0
29995,748,4.0
29996,481,5.0
29997,841,5.0
30001,650,3.0
30007,748,5.0
30009,748,2.0
30011,841,5.0
30014,1297,4.0
30015,748,4.0
30017,737,5.0
30020,640,5.0
30022,748,5.0
30024,1278,4.0
30027,947,5.0
30030,650,5.0
30034,1297,3.3333333333333335
30036,673,5.0
30036,737,5.0
30038,640,5.0
30038,748,5.0
30039,650,2.0
30041,640,4.0
30041,749,5.0
30042,841,4.0
30044,650,4.0
30045,640,5.0
30046,369,3.0
30046,481,3.0
30051,640,4.0
30051,748,5.0
30056,1171,4.0
30057,640,4.0
30060,640,5.0
30066,1166,4.0
30067,1278,5.0
30068,1297,4.0
30072,640,5.0
30072,748,4.0
30074,1171,5.0
30075,673,4.0
30077,748,4.0
30077,749,4.0
30078,748,3.0
30079,650,4.0
30083,1166,3.6666666666666665
30085,841,5.0
30088,369,5.0
30091,673,4.0
30091,737,5.0
30091,748,5.0
30091,824,5.0
30094,640,5.0
30095,650,4.0
30096,673,4.5
30096,841,3.0
30097,841,5.0
30099,824,4.0
30100,640,5.0
30103,824,5.0
30103,841,5.0
30105,650,5.0
30107,640,4.0
30107,650,4.0
30109,1238,4.0
30110,824,4.0
30113,650,4.0
30117,1278,5.0
30119,640,4.0
30122,650,4.0
30127,640,4.0
30127,748,4.0
30130,1171,3.5
30132,640,5.0
30133,369,1.0
30136,640,4.0
30137,841,5.0
30140,369,5.0
30140,824,5.0
30141,640,4.0
30142,640,5.0
30145,673,4.0
30149,748,5.0
30149,824,4.0
30155,640,3.0
30158,640,5.0
30164,640,5.0
30165,650,5.0
30166,369,4.0
30168,369,5.0
30169,640,3.0
30169,737,5.0
30169,748,5.0
30169,749,4.0
30175,748,5.0
30175,824,5.0
30176,640,4.0
30179,481,2.0
30182,841,5.0
30187,737,5.0
30192,841,5.0
30194,1280,4.0
30195,1171,4.0
30196,640,3.0
30199,1166,4.0
30200,1297,4.0
30201,748,1.0
30204,748,4.0
30206,824,5.0
30209,640,4.0
30209,749,5.0
30213,1238,5.0
30218,481,5.0
30219,640,4.0
30219,748,5.0
30219,824,4.0
30222,673,5.0
30224,640,5.0
30226,640,4.0
30233,640,5.0
30244,673,4.0
30245,748,4.0
30250,841,4.0
30254,824,2.0
30257,640,5.0
30257,737,5.0
30257,824,4.0
30258,481,3.0
30258,824,5.0
30260,1171,5.0
30261,748,5.0
30265,650,3.0
30265,748,4.0
30268,841,5.0
30269,877,3.0
30278,824,3.0
30279,824,4.0
30286,640,5.0
30287,841,5.0
30291,841,5.0
30292,1171,5.0
30297,1297,3.0
30305,481,4.0
30308,650,3.0
30311,841,5.0
30312,481,5.0
30312,640,5.0
30312,737,5.0
30314,640,5.0
30315,640,5.0
30318,673,4.0
30319,1278,4.333333333333333
30320,640,3.0
30322,650,4.0
30323,640,5.0
30324,640,5.0
30324,841,1.0
30327,937,4.0
30333,1278,5.0
30334,640,5.0
30335,737,5.0
30335,749,5.0
30338,749,5.0
30342,1238,4.0
30347,749,3.0
30348,640,5.0
30348,673,3.5
30348,737,3.0
30348,824,4.0
30348,841,4.0
30354,673,4.0
30354,749,4.0
30355,481,3.0
30359,640,3.0
30360,640,4.0
30360,841,5.0
30363,640,4.0
30363,673,3.0
30365,897,3.0
30366,673,4.0
30372,369,5.0
30372,737,5.0
30372,824,4.0
30373,737,5.0
30374,748,2.0
30376,841,5.0
30377,640,5.0
30380,640,4.0
30383,748,4.0
30385,841,5.0
30386,640,1.0
30389,824,4.0
30390,640,5.0
30390,673,4.0
30392,841,2.0
30394,640,3.0
30396,640,4.0
30397,1297,4.0
30399,748,5.0
30405,673,4.0
30406,640,5.0
30409,748,5.0
30413,1220,4.0
30414,748,2.0
30415,640,5.0
30417,650,5.0
30417,673,5.0
30418,749,4.0
30419,673,1.0
30420,481,4.0
30420,650,5.0
30420,1166,4.6
30424,640,5.0
30429,640,5.0
30431,737,1.0
30434,640,5.0
30436,640,4.0
30439,673,5.0
30441,841,5.0
30442,737,3.0
30450,640,4.0
30451,673,3.0
30451,824,4.0
30452,640,5.0
30453,640,3.0
30454,841,4.0
30455,748,5.0
30457,640,4.0
30463,640,5.0
30463,824,5.0
30466,640,5.0
30466,673,5.0
30466,749,3.0
30466,841,5.0
30469,640,5.0
30469,841,5.0
30474,640,5.0
30474,841,5.0
30475,640,5.0
30477,673,1.0
30479,640,3.0
30484,650,5.0
30485,640,4.0
30491,640,4.0
30492,1171,4.5
30509,748,5.0
30511,640,5.0
30512,841,4.0
30513,841,5.0
30513,1166,5.0
30518,640,4.0
30521,749,5.0
30522,369,2.0
30523,749,3.0
30526,650,5.0
30528,1278,5.0
30531,841,5.0
30532,640,5.0
30546,749,3.0
30546,920,5.0
30546,937,4.0
30546,1238,5.0
30549,369,3.0
30549,650,3.0
30551,650,4.0
30555,1238,5.0
30556,1278,3.0
30560,640,5.0
30565,1166,5.0
30570,640,4.0
30571,1278,4.0
30576,650,4.0
30579,1297,2.75
30582,1166,5.0
30585,748,5.0
30589,888,5.0
30589,920,4.0
30589,937,4.0
30589,1166,4.333333333333333
30594,841,5.0
30599,1280,5.0
30600,841,5.0
30601,640,4.0
30602,737,4.0
30603,1166,4.0
30604,640,5.0
30604,1297,2.0
30608,369,4.0
30608,841,5.0
30612,748,2.0
30616,841,4.0
30621,640,5.0
30622,841,5.0
30623,1133,5.0
30624,640,4.0
30626,824,2.0
30631,650,4.0
30633,749,5.0
30636,640,3.0
30636,824,4.0
30637,748,5.0
30642,673,4.0
30644,748,5.0
30647,737,4.0
30648,1238,2.0
30650,369,4.0
30650,481,4.0
30653,824,4.0
30655,748,4.0
30660,640,4.0
30660,748,4.0
30665,1238,5.0
30666,824,5.0
30672,737,5.0
30673,1278,5.0
30675,737,5.0
30676,640,4.0
30676,650,4.0
30681,824,5.0
30683,841,2.0
30684,640,4.5
30684,737,4.0
30685,737,5.0
30685,748,5.0
30688,640,5.0
30689,640,5.0
30691,369,5.0
30693,481,5.0
30693,737,3.0
30694,841,5.0
30698,673,3.0
30700,640,5.0
30701,640,5.0
30701,748,5.0
30702,640,4.5
30703,841,4.0
30704,640,4.666666666666667
30704,737,3.0
30704,824,5.0
30704,841,5.0
30708,824,4.0
30710,824,2.0
30714,673,5.0
30717,737,5.0
30719,640,5.0
30722,640,4.0
30723,640,4.0
30723,841,5.0
30725,640,4.0
30728,824,4.0
30735,749,4.0
30738,640,4.0
30738,749,3.0
30744,749,4.0
30745,640,5.0
30745,749,2.0
30745,841,5.0
30747,640,4.0
30748,640,5.0
30748,841,4.5
30749,369,3.0
30751,841,5.0
30753,1171,5.0
30756,640,1.0
30759,640,3.5
30759,673,3.0
30762,369,5.0
30762,640,5.0
30762,841,5.0
30767,748,4.0
30768,481,4.0
30769,640,4.0
30769,650,4.0
30769,673,4.0
30769,737,4.0
30770,673,5.0
30775,824,4.0
30775,841,5.0
30776,640,3.0
30777,841,4.0
30778,841,4.0
30781,640,5.0
30787,841,5.0
30791,640,5.0
30792,841,5.0
30793,369,3.0
30793,841,4.0
30798,737,4.0
30802,737,5.0
30803,841,5.0
30806,640,3.0
30806,748,4.0
30810,748,2.6666666666666665
30810,841,5.0
30811,640,5.0
30813,481,5.0
30814,640,5.0
30814,748,4.0
30817,369,4.0
30818,841,5.0
30819,841,5.0
30820,824,4.0
30821,640,4.0
30821,673,4.0
30821,748,5.0
30821,824,5.0
30823,1225,3.0
30826,640,5.0
30826,737,3.0
30826,748,3.0
30826,824,4.0
30827,640,2.0
30829,841,5.0
30833,841,5.0
30838,841,5.0
30839,640,4.0
30840,748,5.0
30843,824,5.0
30846,640,5.0
30846,749,5.0
30847,640,5.0
30854,481,5.0
30855,640,5.0
30857,1171,3.2
30860,650,4.0
30865,369,1.0
30865,640,5.0
30867,481,5.0
30869,640,4.0
30869,748,5.0
30871,1166,4.0
30873,640,4.0
30878,640,1.0
30879,888,5.0
30882,640,5.0
30884,673,5.0
30888,1225,5.0
30889,640,5.0
30893,748,5.0
30895,640,4.0
30896,640,5.0
30896,673,2.0
30896,841,3.0
30897,841,5.0
30898,673,3.0
30902,640,2.0
30903,748,5.0
30905,640,5.0
30906,1278,5.0
30908,1225,4.0
30909,888,5.0
30912,748,4.0
30916,1278,4.0
30917,369,5.0
30917,481,5.0
30917,673,5.0
30917,841,5.0
30917,1297,3.6666666666666665
30920,640,4.0
30924,481,4.0
30925,841,5.0
30928,748,4.0
30932,1166,1.0
30934,748,4.0
30936,737,5.0
30937,1171,4.333333333333333
30938,673,2.0
30939,737,4.0
30940,673,3.0
30943,640,4.0
30945,640,4.0
30946,749,3.0
30947,748,3.0
30948,1238,5.0
30953,824,5.0
30956,640,5.0
30956,748,5.0
30959,640,5.0
30961,650,5.0
30965,640,4.0
30969,1171,5.0
30970,640,3.0
30970,748,3.0
30971,888,4.0
30974,824,5.0
30978,1171,5.0
30985,640,5.0
30988,369,5.0
30989,650,3.0
30989,824,5.0
30990,640,4.0
30990,748,2.0
30991,1225,5.0
30994,640,4.0
30995,737,3.0
30996,640,5.0
30999,640,4.0
31001,640,3.0
31001,824,5.0
31002,640,4.0
31004,369,3.0
31006,737,5.0
31011,640,5.0
31019,640,3.0
31020,841,5.0
31022,748,3.0
31025,640,5.0
31028,1166,5.0
31036,369,3.0
31036,640,5.0
31038,640,5.0
31038,749,5.0
31048,841,3.0
31050,1278,5.0
31052,737,4.0
31054,737,3.0
31055,975,5.0
31057,824,5.0
31057,841,5.0
31058,824,5.0
31058,1280,3.0
31060,1171,5.0
31061,737,3.0
31062,1297,2.0
31063,650,4.0
31063,748,4.0
31063,749,3.0
31064,841,4.0
31067,640,4.0
31070,640,4.0
31071,640,5.0
31073,673,4.0
31074,737,4.0
31075,748,4.0
31076,1238,4.0
31077,841,5.0
31082,888,5.0
31082,1278,3.6666666666666665
31084,673,5.0
31084,737,5.0
31085,481,3.0
31085,640,5.0
31089,640,5.0
31089,1220,5.0
31090,640,4.0
31091,481,5.0
31093,650,3.0
31097,841,5.0
31098,1133,3.0
31100,640,2.5
31101,640,3.0
31101,650,3.0
31101,841,5.0
31102,640,4.0
31102,737,4.0
31105,640,4.0
31107,650,4.0
31107,749,3.0
31109,748,3.0
31110,650,5.0
31110,824,5.0
31111,650,5.0
31114,841,5.0
31115,640,4.0
31121,369,3.0
31122,650,4.0
31122,737,3.0
31123,673,4.0
31124,1280,3.0
31125,1171,5.0
31128,748,5.0
31132,640,5.0
31136,824,4.0
31139,748,4.0
31140,1278,3.5
31141,748,4.0
31142,888,4.0
31142,913,3.0
31143,748,3.0
31144,640,5.0
31144,737,5.0
31145,650,4.0
31148,640,3.0
31152,888,4.0
31152,1238,3.2
31159,640,4.0
31159,824,3.0
31159,1238,3.4
31164,640,5.0
31168,749,2.0
31169,748,5.0
31170,640,4.0
31171,888,5.0
31172,481,4.0
31173,640,4.0
31176,640,5.0
31179,841,5.0
31183,640,5.0
31183,650,2.0
31183,748,5.0
31183,841,4.0
31184,841,4.0
31187,640,5.0
31190,369,4.0
31193,369,4.0
31197,640,5.0
31200,640,5.0
31200,841,3.0
31202,841,5.0
31203,640,4.0
31203,824,5.0
31204,369,3.0
31204,640,5.0
31204,841,5.0
31206,748,5.0
31206,749,4.0
31214,640,5.0
31215,640,4.0
31216,640,5.0
31218,640,5.0
31221,841,5.0
31223,673,3.0
31224,824,5.0
31225,640,5.0
31225,841,5.0
31229,1297,2.0
31234,481,5.0
31235,640,5.0
31236,1280,3.0
31237,650,3.0
31239,888,5.0
31242,1171,5.0
31243,640,5.0
31244,640,4.0
31244,737,5.0
31244,1278,4.4
31245,481,4.0
31245,650,5.0
31245,737,4.0
31245,749,5.0
31245,824,5.0
31248,888,5.0
31250,1166,5.0
31253,369,4.0
31253,650,5.0
31256,640,5.0
31256,748,5.0
31257,640,5.0
31257,737,4.0
31258,640,5.0
31258,748,2.0
31264,1171,5.0
31265,650,4.0
31269,1297,2.0
31275,640,4.0
31277,650,5.0
31279,673,2.0
31280,640,5.0
31281,481,5.0
31281,737,5.0
31282,1166,2.0
31289,369,4.0
31289,841,5.0
31291,369,5.0
31291,841,5.0
31294,650,3.0
31295,640,3.0
31296,1171,3.5
31298,481,3.0
31298,640,4.0
31298,824,4.0
31299,748,5.0
31304,1225,5.0
31309,1278,4.0
31312,975,4.0
31313,640,5.0
31313,749,5.0
31314,841,5.0
31318,897,5.0
31320,640,5.0
31320,673,5.0
31320,841,5.0
31326,650,5.0
31326,749,3.0
31327,640,4.0
31327,650,4.0
31329,1280,5.0
31330,640,5.0
31330,673,5.0
31331,640,5.0
31334,749,5.0
31335,650,4.0
31343,841,5.0
31348,640,5.0
31350,650,4.0
31354,673,5.0
31354,737,5.0
31354,749,5.0
31354,824,5.0
31356,640,5.0
31359,748,5.0
31363,640,4.0
31364,673,4.0
31367,673,4.0
31369,841,5.0
31370,650,2.0
31371,640,4.0
31372,640,4.0
31373,369,4.0
31374,841,3.5
31376,1278,5.0
31378,737,5.0
31381,650,4.0
31384,1278,5.0
31390,640,5.0
31394,1133,5.0
31396,748,3.0
31398,640,5.0
31398,748,4.0
31402,841,5.0
31403,1225,5.0
31408,640,4.0
31408,650,4.0
31410,748,3.0
31416,1297,4.333333333333333
31417,673,4.0
31417,749,4.0
31421,1278,4.5
31423,749,3.0
31424,824,3.0
31426,824,3.0
31427,640,4.0
31428,841,5.0
31429,1166,4.5
31432,1166,3.0
31433,824,4.0
31434,1220,4.0
31435,650,1.0
31436,640,5.0
31438,748,3.0
31440,841,5.0
31441,369,5.0
31443,650,5.0
31443,1297,4.0
31447,824,4.0
31450,640,5.0
31450,749,5.0
31451,841,1.0
31454,841,5.0
31463,749,5.0
31470,640,5.0
31472,824,4.0
31474,824,5.0
31477,369,1.0
31478,481,4.0
31478,673,4.0
31483,481,4.0
31483,1220,3.25
31484,841,5.0
31485,481,5.0
31489,748,3.0
31490,1171,5.0
31492,673,5.0
31496,888,5.0
31496,1278,4.25
31497,841,4.0
31499,888,5.0
31501,369,5.0
31501,640,4.0
31503,824,5.0
31507,650,3.0
31508,369,5.0
31508,640,5.0
31508,749,5.0
31514,640,5.0
31514,748,4.0
31517,640,5.0
31521,640,3.0
31522,640,4.0
31522,749,4.0
31523,640,4.0
31524,748,4.0
31525,824,5.0
31526,1225,1.0
31527,1280,5.0
31532,640,1.0
31534,920,5.0
31536,824,4.0
31540,640,5.0
31543,748,5.0
31543,824,5.0
31548,369,1.0
31548,841,4.5
31551,1297,1.0
31554,640,5.0
31555,369,3.0
31557,640,5.0
31559,877,3.0
31559,975,3.0
31567,1297,5.0
31570,1297,5.0
31572,1225,4.0
31573,650,4.0
31574,1171,4.5
31575,737,5.0
31576,481,4.0
31576,650,4.0
31578,650,4.0
31581,737,5.0
31581,748,5.0
31581,824,5.0
31585,824,5.0
31586,640,4.0
31587,1171,3.1666666666666665
31588,1171,3.0
31592,737,2.0
31593,640,4.0
31598,640,4.0
31603,749,4.0
31607,841,5.0
31613,841,5.0
31616,1238,5.0
31617,673,4.0
31619,640,5.0
31620,369,3.0
31621,640,4.0
31621,841,5.0
31624,673,3.0
31628,481,5.0
31628,640,5.0
31629,1280,4.5
31632,841,5.0
31633,640,4.0
31634,650,3.0
31634,748,4.0
31635,640,5.0
31636,369,3.0
31636,481,5.0
31636,673,4.0
31636,841,4.0
31648,1278,4.0
31650,640,2.0
31651,650,3.0
31653,748,4.0
31655,369,5.0
31673,640,4.0
31675,640,5.0
31676,841,5.0
31678,640,5.0
31678,841,5.0
31681,841,2.0
31684,640,3.0
31684,673,4.0
31688,1133,4.0
31693,748,5.0
31694,673,5.0
31699,650,5.0
31700,640,4.0
31701,640,5.0
31701,748,4.0
31703,640,5.0
31703,748,4.0
31705,1166,3.0
31707,369,4.0
31707,841,5.0
31709,481,5.0
31710,1297,3.0
31713,650,4.5
31713,737,5.0
31719,673,5.0
31724,640,5.0
31724,748,5.0
31726,640,4.0
31726,673,4.0
31729,640,4.0
31729,748,1.0
31739,841,5.0
31740,650,5.0
31741,481,4.0
31742,673,5.0
31743,1297,5.0
31744,841,5.0
31747,673,4.0
31747,748,4.0
31750,841,5.0
31752,748,3.0
31753,1280,4.0
31754,640,5.0
31755,824,5.0
31762,841,4.0
31765,841,5.0
31766,749,4.0
31767,650,4.0
31769,748,4.0
31770,841,5.0
31771,748,5.0
31775,640,4.0
31780,1278,2.6666666666666665
31784,640,4.0
31785,640,3.0
31785,673,5.0
31785,748,5.0
31785,749,5.0
31786,640,5.0
31787,1166,4.0
31795,640,3.0
31796,650,4.0
31797,640,5.0
31799,369,4.0
31801,481,4.0
31806,640,4.0
31806,737,5.0
31806,748,5.0
31806,749,5.0
31807,640,4.0
31809,640,4.0
31810,824,4.0
31813,640,4.0
31815,640,5.0
31816,640,4.0
31819,1297,4.4
31823,841,5.0
31826,897,4.0
31826,913,4.0
31826,937,4.0
31832,1238,3.0
31833,737,5.0
31834,640,5.0
31836,640,4.0
31837,369,5.0
31838,1171,3.0
31839,640,4.0
31839,749,3.0
31840,841,5.0
31842,481,5.0
31844,841,5.0
31845,640,5.0
31851,748,5.0
31852,749,2.0
31855,640,4.0
31857,1171,3.6666666666666665
31858,737,4.0
31859,481,5.0
31859,650,4.0
31859,673,4.0
31859,748,5.0
31859,749,5.0
31859,824,5.0
31859,888,5.0
31861,650,5.0
31864,640,5.0
31865,1171,5.0
31866,369,5.0
31867,640,4.0
31873,748,4.0
31873,749,4.0
31874,640,4.0
31876,824,3.0
31878,650,4.0
31881,1220,5.0
31883,640,5.0
31883,748,5.0
31883,749,5.0
31883,841,5.0
31886,650,4.0
31890,1171,1.0
31894,650,4.0
31895,369,3.0
31895,640,3.6666666666666665
31895,748,5.0
31895,749,3.0
31897,369,1.0
31897,640,5.0
31897,737,3.0
31897,748,2.0
31899,824,5.0
31899,841,5.0
31903,640,5.0
31906,640,5.0
31908,369,1.0
31908,640,4.25
31908,824,4.0
31908,841,5.0
31910,640,5.0
31910,841,5.0
31911,640,2.0
31911,673,4.0
31916,640,4.0
31916,650,4.0
31916,824,4.0
31918,640,4.0
31918,737,5.0
31918,841,5.0
31923,640,5.0
31925,650,5.0
31928,640,4.0
31928,824,4.0
31930,369,3.0
31930,640,4.25
31930,748,4.0
31931,640,4.8
31933,1297,3.0
31934,737,3.0
31937,748,4.0
31939,369,3.0
31939,748,4.0
31939,841,5.0
31941,640,5.0
31941,748,3.0
31941,749,1.0
31953,737,5.0
31954,673,4.0
31958,650,4.0
31965,673,3.0
31968,369,5.0
31972,640,4.0
31972,748,4.0
31973,737,4.0
31973,748,3.0
31973,749,4.0
31973,824,5.0
31978,640,5.0
31978,748,5.0
31979,673,3.0
31979,748,5.0
31980,737,4.0
31982,369,2.0
31989,673,4.0
31991,640,5.0
31991,650,4.0
31991,748,5.0
31991,749,4.0
31994,369,2.0
31994,824,5.0
31996,841,4.5
31997,748,4.0
31998,1280,5.0
32000,1280,4.5
32002,824,5.0
32017,737,4.0
32018,841,4.0
32020,369,3.0
32021,841,5.0
32030,888,5.0
32030,947,4.0
32034,640,4.0
32036,640,4.0
32036,748,4.0
32037,650,1.0
32039,737,5.0
32043,1166,3.0
32050,640,1.0
32051,481,5.0
32053,640,4.0
32057,369,1.0
32059,841,5.0
32064,640,3.0
32066,1280,3.0
32068,1137,5.0
32070,481,4.0
32074,1166,3.6666666666666665
32076,888,5.0
32077,1166,4.166666666666667
32078,975,5.0
32078,1171,2.3333333333333335
32079,1166,2.0
32081,369,3.0
32083,888,4.0
32086,841,5.0
32087,1220,5.0
32090,737,5.0
32090,748,4.0
32095,1171,4.0
32098,1166,3.5
32100,841,4.0
32101,748,3.0
32107,640,3.0
32107,748,4.0
32107,749,2.0
32108,748,5.0
32108,1280,3.0
32111,640,4.0
32111,841,4.0
32113,841,5.0
32114,841,5.0
32116,640,5.0
32119,748,5.0
32121,841,5.0
32123,640,4.0
32125,650,5.0
32125,841,4.0
32128,640,4.0
32129,841,5.0
32135,841,5.0
32139,640,5.0
32140,640,4.0
32140,737,4.0
32141,673,1.0
32143,841,5.0
32146,481,4.0
32147,1238,3.0
32150,841,5.0
32151,640,5.0
32154,749,5.0
32154,841,5.0
32159,1278,5.0
32160,640,4.0
32163,640,2.0
32164,640,4.0
32164,824,4.0
32166,1166,3.6666666666666665
32169,841,4.0
32171,640,4.0
32175,640,5.0
32175,841,5.0
32183,824,5.0
32191,1171,3.6
32195,369,5.0
32198,1280,3.5
32200,888,5.0
32200,928,5.0
32200,947,5.0
32200,1220,5.0
32209,640,1.0
32210,947,4.0
32210,1171,4.0
32213,749,5.0
32220,640,5.0
32221,841,4.0
32223,841,5.0
32225,748,4.0
32229,749,3.0
32232,841,5.0
32235,748,1.0
32236,481,4.0
32239,640,4.0
32239,748,4.0
32240,841,5.0
32241,1278,4.0
32242,824,5.0
32244,650,5.0
32245,481,5.0
32249,673,4.0
32251,748,4.0
32259,481,4.0
32259,824,5.0
32261,1166,5.0
32262,673,5.0
32263,1297,3.5
32265,640,4.0
32269,640,4.0
32269,650,3.0
32269,749,3.0
32270,640,5.0
32271,640,5.0
32272,369,4.0
32273,640,4.0
32273,748,4.0
32273,841,5.0
32274,841,5.0
32275,1220,5.0
32276,841,5.0
32277,650,4.0
32281,841,5.0
32284,640,4.0
32290,841,4.0
32291,824,4.0
32295,640,4.0
32295,748,3.0
32296,841,5.0
32297,640,1.0
32298,748,5.0
32299,748,3.0
32300,640,4.0
32300,673,5.0
32301,1166,4.666666666666667
32302,481,5.0
32302,748,5.0
32304,1171,5.0
32305,640,5.0
32308,824,5.0
32309,1166,4.333333333333333
32314,749,4.0
32320,1166,5.0
32322,877,5.0
32322,897,4.0
32322,913,5.0
32322,937,5.0
32322,975,5.0
32323,824,4.0
32328,369,4.0
32328,824,5.0
32331,369,5.0
32333,481,5.0
32335,1278,4.0
32337,481,4.0
32338,640,5.0
32339,673,5.0
32341,841,3.0
32344,481,5.0
32344,640,5.0
32344,748,5.0
32344,749,5.0
32346,650,3.0
32350,369,5.0
32355,748,4.0
32359,824,4.0
32362,841,5.0
32367,841,4.0
32368,369,5.0
32370,737,2.0
32371,737,3.0
32375,640,3.0
32378,640,3.0
32386,888,4.0
32388,824,5.0
32391,824,5.0
32392,640,4.0
32393,1137,3.0
32394,841,5.0
32398,1166,2.3333333333333335
32406,841,5.0
32407,640,5.0
32407,748,3.0
32409,1133,5.0
32413,673,4.0
32416,650,4.0
32417,369,4.0
32418,1280,3.5
32422,640,5.0
32422,650,1.0
32422,748,4.0
32422,841,4.0
32423,749,4.0
32424,737,4.0
32430,673,2.0
32433,1171,4.333333333333333
32441,1171,3.5714285714285716
32444,640,5.0
32446,640,4.0
32446,841,4.0
32447,1171,5.0
32454,1278,4.0
32455,1166,5.0
32459,640,4.0
32460,640,4.0
32460,673,5.0
32460,737,5.0
32461,824,4.0
32466,369,2.0
32467,640,4.0
32469,1297,4.0
32470,824,3.0
32473,650,5.0
32475,673,2.0
32479,1171,5.0
32480,748,4.0
32481,841,5.0
32482,640,1.0
32483,640,5.0
32484,748,4.0
32484,841,5.0
32486,748,4.0
32486,824,4.0
32489,640,5.0
32490,640,5.0
32490,841,4.0
32492,640,4.0
32492,737,4.0
32493,748,5.0
32496,481,4.0
32496,640,3.0
32496,824,5.0
32496,841,4.0
32497,841,4.0
32499,1171,4.0
32500,640,5.0
32500,824,4.0
32501,841,5.0
32502,1297,2.0
32513,369,4.0
32521,369,1.0
32522,737,4.0
32523,640,4.0
32523,748,5.0
32526,841,5.0
32529,841,5.0
32533,640,5.0
32540,841,5.0
32543,650,4.0
32544,749,4.0
32544,824,4.0
32549,824,4.0
32550,1238,4.0
32551,1238,5.0
32552,737,4.0
32555,888,5.0
32555,1297,3.0
32563,650,5.0
32571,640,5.0
32572,640,4.0
32573,640,3.0
32577,1225,4.0
32579,888,5.0
32581,1171,5.0
32586,673,4.0
32586,748,3.0
32586,824,5.0
32590,640,4.0
32592,1297,2.5
32594,913,4.0
32596,1220,5.0
32599,650,5.0
32603,748,5.0
32604,1297,5.0
32605,1166,5.0
32606,673,3.0
32607,640,4.0
32607,737,5.0
32607,748,3.0
32611,640,3.0
32612,1220,4.0
32618,841,5.0
32620,650,4.0
32626,824,3.0
32628,640,3.0
32633,640,5.0
32633,673,5.0
32634,481,4.0
32635,640,5.0
32639,748,5.0
32642,748,5.0
32644,640,5.0
32649,841,4.0
32650,640,5.0
32652,841,4.0
32653,640,4.0
32661,824,5.0
32665,1171,3.8333333333333335
32666,673,4.0
32666,748,4.0
32668,673,5.0
32670,640,4.0
32670,737,3.0
32672,1278,3.0
32674,481,4.0
32674,1166,4.0
32675,1171,5.0
32677,1278,5.0
32678,824,5.0
32679,920,5.0
32679,1278,4.5
32683,737,4.0
32684,824,4.0
32685,640,4.0
32686,640,5.0
32690,640,4.0
32690,748,4.0
32693,640,5.0
32694,640,5.0
32694,748,5.0
32695,841,5.0
32696,737,5.0
32696,841,5.0
32697,1171,3.0
32699,369,3.0
32700,640,5.0
32704,748,4.0
32711,888,5.0
32711,1225,3.3333333333333335
32712,369,4.0
32713,640,5.0
32713,673,4.0
32714,640,5.0
32714,737,5.0
32717,369,1.0
32720,841,4.0
32724,640,4.0
32724,737,5.0
32724,748,5.0
32724,824,5.0
32726,1280,4.5
32735,888,5.0
32738,640,5.0
32741,824,5.0
32745,640,5.0
32746,673,4.0
32746,1166,3.0
32747,673,5.0
32748,640,5.0
32748,748,4.0
32751,640,5.0
32754,369,5.0
32755,1171,5.0
32756,673,5.0
32756,748,5.0
32759,640,4.0
32761,824,3.0
32765,737,3.0
32767,369,2.0
32767,749,5.0
32770,1278,5.0
32772,841,4.0
32781,748,4.0
32782,737,1.0
32786,640,5.0
32789,640,5.0
32789,748,3.0
32792,673,5.0
32794,481,3.0
32796,650,3.0
32797,650,1.0
32804,640,5.0
32804,748,5.0
32806,640,5.0
32809,640,4.0
32809,748,5.0
32809,824,2.0
32813,369,2.0
32813,640,4.0
32815,1171,4.0
32819,737,4.0
32821,640,3.0
32824,1280,4.0
32830,1166,5.0
32831,673,4.0
32836,841,5.0
32837,369,3.0
32844,749,3.0
32846,749,5.0
32847,481,5.0
32851,748,5.0
32851,841,5.0
32854,640,5.0
32856,748,4.0
32857,640,5.0
32859,650,4.0
32859,841,3.0
32860,737,4.0
32860,748,5.0
32860,841,5.0
32862,937,3.0
32862,949,4.0
32863,650,3.0
32864,841,4.0
32866,920,4.0
32867,673,2.0
32868,481,4.0
32868,640,4.0
32874,640,5.0
32874,824,5.0
32875,640,5.0
32875,737,4.0
32878,737,5.0
32881,640,4.0
32884,650,4.0
32892,737,2.0
32892,888,4.0
32892,920,3.0
32892,1280,2.0
32894,673,5.0
32900,369,1.0
32901,841,5.0
32902,1166,4.0
32907,650,3.0
32908,841,5.0
32909,748,3.0
32911,640,5.0
32911,748,3.0
32911,841,5.0
32913,640,5.0
32915,640,4.0
32915,737,4.0
32916,640,5.0
32917,748,4.0
32918,841,5.0
32919,737,4.0
32919,748,4.0
32920,640,3.0
32920,748,5.0
32923,640,4.0
32926,369,2.0
32928,673,4.0
32929,1171,4.5
32931,748,4.0
32931,824,4.0
32932,748,4.0
32936,640,4.0
32937,1278,4.0
32943,369,4.0
32943,748,5.0
32944,650,4.0
32945,640,4.0
32945,650,4.0
32948,650,4.5
32948,737,3.0
32948,748,4.0
32950,640,4.0
32950,749,1.0
32951,841,5.0
32953,640,4.0
32954,824,5.0
32956,640,5.0
32956,748,5.0
32956,749,4.0
32960,650,3.0
32965,1225,5.0
32968,1171,5.0
32970,369,4.0
32973,841,4.0
32974,640,4.0
32975,369,1.0
32976,749,3.0
32978,1171,4.0
32979,841,5.0
32981,640,4.0
32983,673,3.0
32984,481,4.0
32985,481,5.0
32987,1171,4.4
32989,369,4.0
32992,824,4.0
32995,481,5.0
32998,824,5.0
33000,824,5.0
33004,749,3.0
33007,640,5.0
33010,748,1.0
33012,650,4.0
33012,748,5.0
33015,673,5.0
33017,369,1.0
33019,640,5.0
33022,640,4.0
33024,640,5.0
33026,369,2.0
33026,1238,3.8
33027,481,4.0
33029,737,5.0
33030,650,3.0
33032,673,5.0
33034,841,5.0
33035,481,4.0
33036,824,2.0
33038,640,5.0
33038,737,3.0
33041,640,5.0
33041,748,5.0
33047,640,5.0
33047,841,5.0
33051,673,3.5
33054,640,5.0
33054,673,5.0
33054,748,5.0
33055,640,5.0
33055,841,4.0
33059,748,4.0
33061,748,5.0
33063,1280,3.0
33064,650,3.0
33065,640,5.0
33070,640,5.0
33070,748,5.0
33070,749,4.0
33073,841,5.0
33080,748,5.0
33081,640,4.0
33081,737,5.0
33081,748,4.0
33081,824,5.0
33085,841,5.0
33086,888,5.0
33086,1171,5.0
33087,673,4.0
33090,748,5.0
33091,640,5.0
33093,650,4.0
33095,673,3.0
33095,737,3.0
33097,737,5.0
33097,748,4.0
33098,640,3.0
33099,748,5.0
33099,824,4.0
33100,748,2.0
33103,673,5.0
33104,841,5.0
33105,749,2.0
33108,841,5.0
33109,841,4.0
33117,640,4.0
33117,748,4.0
33119,1280,3.25
33125,1220,5.0
33126,650,5.0
33126,749,4.0
33128,748,4.0
33130,673,5.0
33131,824,4.0
33136,640,2.0
33136,748,4.0
33137,737,4.0
33140,824,2.0
33144,748,4.0
33149,650,4.0
33150,673,4.0
33150,737,4.0
33155,640,4.0
33155,1171,5.0
33159,824,5.0
33170,737,5.0
33174,640,5.0
33176,841,5.0
33183,650,5.0
33183,888,4.0
33191,640,4.0
33192,640,4.0
33192,824,4.0
33194,650,4.0
33195,737,3.0
33196,369,3.0
33202,748,4.0
33204,748,5.0
33205,737,5.0
33207,1171,5.0
33210,1171,5.0
33213,1166,5.0
33215,640,5.0
33215,650,5.0
33217,640,5.0
33217,748,4.0
33221,841,5.0
33222,841,5.0
33224,673,4.0
33226,650,4.0
33228,1278,4.0
33229,369,3.0
33232,824,4.0
33232,1297,4.0
33233,640,5.0
33234,650,2.0
33234,737,4.0
33235,369,2.0
33235,640,4.0
33236,640,5.0
33236,737,5.0
33236,749,2.0
33236,824,5.0
33237,1278,4.0
33238,737,5.0
33240,640,5.0
33240,841,5.0
33243,673,5.0
33243,737,4.0
33245,748,3.0
33251,369,2.0
33253,673,4.0
33254,640,5.0
33254,749,4.0
33255,748,5.0
33256,369,4.0
33256,748,4.0
33261,748,5.0
33263,650,5.0
33264,640,4.0
33265,888,5.0
33269,640,5.0
33269,673,1.0
33270,748,4.0
33271,888,5.0
33271,1225,5.0
33273,1278,4.0
33274,1280,2.5
33275,1171,5.0
33276,920,5.0
33278,369,4.0
33280,650,5.0
33281,841,5.0
33282,640,4.0
33284,481,1.0
33287,640,4.0
33288,748,5.0
33290,640,4.0
33291,640,3.0
33291,1238,5.0
33292,640,5.0
33293,640,4.0
33293,749,4.0
33298,640,4.0
33298,650,3.0
33298,673,5.0
33301,749,4.0
33307,737,4.0
33310,640,4.0
33311,1166,3.0
33315,737,4.0
33315,1220,4.0
33318,748,1.0
33319,640,4.0
33322,1297,5.0
33326,673,5.0
33327,640,3.0
33331,640,5.0
33332,640,3.0
33332,748,4.0
33332,749,3.0
33340,737,5.0
33340,748,4.0
33341,673,4.0
33344,749,3.0
33347,748,5.0
33348,640,5.0
33348,748,3.0
33351,748,5.0
33351,749,3.0
33353,748,3.0
33354,841,5.0
33355,748,4.0
33356,640,5.0
33358,673,5.0
33358,737,5.0
33359,748,4.0
33362,748,3.0
33363,841,4.0
33366,640,5.0
33366,749,5.0
33369,1171,3.0
33370,737,5.0
33371,748,5.0
33374,841,5.0
33376,650,5.0
33377,841,5.0
33378,369,4.0
33379,1297,3.6666666666666665
33381,841,5.0
33385,640,5.0
33386,640,3.0
33388,369,2.0
33392,640,5.0
33397,841,5.0
33398,1238,5.0
33399,640,5.0
33399,749,3.0
33406,640,5.0
33406,749,4.0
33414,841,4.0
33419,748,5.0
33421,1238,5.0
33423,748,5.0
33424,1166,4.5
33425,369,2.0
33425,841,5.0
33426,640,3.0
33426,1171,4.0
33428,640,2.0
33429,673,4.0
33431,650,4.0
33433,640,3.0
33438,737,4.0
33440,841,5.0
33447,1225,4.0
33448,1297,4.0
33449,748,4.0
33452,640,4.0
33453,369,4.0
33453,650,4.0
33465,824,5.0
33466,640,3.0
33467,640,3.0
33468,748,4.0
33474,841,5.0
33475,640,5.0
33477,640,5.0
33479,640,1.0
33479,673,4.0
33481,748,3.0
33481,749,5.0
33488,369,3.0
33493,749,5.0
33499,1297,3.0
33503,1171,4.333333333333333
33504,841,5.0
33505,748,3.0
33514,369,5.0
33515,841,5.0
33517,737,5.0
33517,1280,3.0
33521,640,4.0
33522,748,3.0
33525,369,3.0
33527,640,5.0
33527,841,5.0
33529,841,5.0
33532,640,5.0
33532,1171,3.5
33533,481,5.0
33534,650,5.0
33534,673,4.0
33535,481,3.0
33537,481,4.0
33539,748,5.0
33543,640,4.0
33545,748,5.0
33545,841,5.0
33547,1166,4.0
33552,748,5.0
33554,640,4.0
33557,748,5.0
33559,640,4.0
33568,1297,3.0
33571,640,5.0
33571,748,5.0
33571,824,5.0
33576,369,2.0
33576,640,3.0
33577,640,5.0
33585,1297,4.5
33586,640,4.0
33588,673,4.0
33590,481,4.0
33592,1280,3.0
33596,1278,4.0
33597,841,3.0
33601,640,4.0
33602,640,5.0
33603,481,5.0
33605,1280,4.0
33606,748,4.0
33606,888,5.0
33607,1297,4.5
33614,748,5.0
33619,640,3.0
33622,975,5.0
33623,1278,4.25
33627,748,5.0
33630,824,4.0
33632,748,3.0
33639,640,5.0
33641,640,4.0
33641,841,5.0
33645,824,1.0
33646,841,5.0
33647,841,4.0
33648,748,4.0
33649,1166,4.0
33650,673,5.0
33651,650,4.0
33655,640,5.0
33655,877,5.0
33657,673,4.0
33659,640,5.0
33663,481,4.0
33666,369,4.0
33671,640,5.0
33679,1166,1.0
33680,748,2.0
33682,841,5.0
33685,640,4.0
33686,640,4.0
33689,841,5.0
33690,640,1.0
33691,640,4.0
33692,841,5.0
33694,650,4.0
33699,640,4.0
33699,748,3.0
33700,369,1.0
33702,748,2.0
33704,640,5.0
33709,640,5.0
33713,737,4.0
33715,650,4.0
33716,640,5.0
33716,737,5.0
33719,748,4.0
33720,640,5.0
33721,640,5.0
33728,673,5.0
33729,673,5.0
33731,1171,5.0
33732,841,5.0
33734,640,4.0
33735,748,4.0
33737,748,5.0
33738,841,5.0
33741,640,4.0
33744,640,5.0
33745,748,5.0
33747,737,5.0
33747,824,5.0
33749,640,3.0
33752,481,2.0
33753,640,4.0
33753,748,4.0
33754,640,5.0
33759,749,4.0
33761,841,5.0
33763,640,4.0
33764,640,3.0
33772,640,4.0
33776,1166,3.3333333333333335
33783,650,2.0
33785,1278,5.0
33786,841,5.0
33794,1297,2.0
33795,369,3.0
33797,640,5.0
33797,748,5.0
33800,841,5.0
33801,841,5.0
33802,640,4.0
33803,824,4.0
33805,841,4.0
33806,737,4.0
33807,640,5.0
33811,640,5.0
33811,748,3.0
33811,749,4.0
33815,1297,2.5
33816,673,3.0
33817,737,4.0
33821,640,4.0
33823,1297,2.0
33826,841,5.0
33833,737,4.0
33835,748,4.0
33838,673,4.0
33838,749,4.0
33842,640,5.0
33844,640,1.0
33844,650,3.0
33844,748,4.0
33852,650,4.0
33852,841,4.0
33855,673,4.0
33856,640,4.0
33859,748,4.0
33861,640,5.0
33862,749,3.0
33869,640,4.0
33870,640,5.0
33871,947,5.0
33879,841,5.0
33881,1280,5.0
33886,640,4.0
33886,748,3.0
33887,481,5.0
33890,1238,4.0
33895,1171,5.0
33896,481,5.0
33902,640,5.0
33905,748,5.0
33908,640,2.0
33909,640,5.0
33914,369,4.0
33921,749,4.0
33923,824,5.0
33924,824,5.0
33926,640,4.0
33928,640,5.0
33930,841,5.0
33933,841,5.0
33934,749,5.0
33936,737,4.0
33937,673,2.0
33942,650,4.0
33942,824,5.0
33943,481,2.0
33947,640,4.0
33948,640,4.0
33948,673,5.0
33948,748,5.0
33950,748,4.0
33955,1278,4.5
33956,1280,1.0
33957,841,5.0
33959,640,4.0
33962,640,1.0
33962,673,1.0
33962,748,4.0
33963,824,5.0
33966,650,4.0
33966,673,5.0
33966,737,4.0
33966,749,2.0
33971,640,5.0
33976,640,4.0
33978,748,5.0
33980,737,5.0
33980,824,4.0
33986,481,4.0
33988,640,5.0
33989,841,2.0
33994,640,3.0
33996,640,5.0
33996,748,5.0
33997,640,4.0
33997,749,4.0
34002,673,3.0
34002,824,5.0
34003,897,4.0
34004,748,4.0
34006,640,3.0
34006,737,5.0
34008,640,4.0
34008,737,3.0
34009,1297,3.0
34010,640,4.0
34014,369,4.0
34014,640,5.0
34014,748,5.0
34015,640,5.0
34018,650,4.0
34021,749,5.0
34025,640,5.0
34027,824,4.0
34029,841,5.0
34031,369,2.0
34033,1166,4.0
34039,841,5.0
34042,640,4.5
34042,650,4.0
34042,748,5.0
34042,824,5.0
34045,369,2.5
34045,640,3.0
34045,650,2.0
34045,748,4.0
34045,841,5.0
34046,640,3.0
34046,748,4.0
34046,841,4.0
34047,481,5.0
34049,640,4.0
34049,673,3.0
34049,748,4.0
34049,841,4.25
34050,650,3.0
34050,748,5.0
34050,877,5.0
34050,1166,3.5
34051,640,5.0
34053,481,4.0
34053,640,4.6
34053,650,3.5
34053,673,1.0
34053,748,4.0
34053,841,4.333333333333333
34054,749,4.0
34054,841,4.0
34060,640,5.0
34060,824,5.0
34062,640,5.0
34063,369,3.0
34063,640,4.0
34064,640,4.0
34064,841,5.0
34067,640,3.0
34069,640,1.0
34069,841,5.0
34071,640,5.0
34071,650,2.0
34075,640,5.0
34075,650,4.0
34075,748,3.0
34075,824,5.0
34076,1220,1.0
34079,640,4.0
34079,673,3.0
34080,673,2.0
34081,650,3.0
34084,640,3.0
34084,748,5.0
34087,673,4.0
34087,824,4.0
34088,640,4.0
34099,640,1.0
34104,640,5.0
34105,673,3.0
34113,748,5.0
34115,640,4.0
34116,748,4.0
34120,824,4.0
34125,737,5.0
34126,673,3.0
34131,1238,4.0
34132,650,5.0
34142,640,5.0
34142,748,4.0
34147,640,3.0
34152,841,4.0
34159,640,5.0
34161,841,5.0
34162,824,5.0
34162,841,5.0
34166,824,5.0
34170,640,5.0
34170,749,3.0
34171,1166,4.25
34172,481,5.0
34172,673,2.0
34174,737,3.0
34182,640,2.0
34182,748,5.0
34184,888,5.0
34187,737,2.0
34192,1225,5.0
34195,737,5.0
34195,824,4.0
34199,369,5.0
34201,640,4.0
34207,650,3.0
34208,841,5.0
34209,673,5.0
34213,640,3.0
34214,640,5.0
34215,650,4.0
34215,748,5.0
34218,748,4.0
34220,1225,4.0
34222,369,3.0
34223,824,3.0
34225,748,4.0
34227,640,5.0
34230,640,4.0
34230,748,5.0
34231,481,3.0
34231,824,4.0
34234,841,4.0
34237,640,5.0
34237,673,5.0
34238,1166,3.0
34239,1278,5.0
34241,737,5.0
34243,841,5.0
34244,369,3.0
34248,640,4.0
34255,1171,4.333333333333333
34258,1278,4.0
34260,1166,4.0
34262,841,5.0
34269,673,5.0
34273,1171,4.666666666666667
34275,824,5.0
34276,824,3.0
34282,841,5.0
34283,1171,5.0
34285,824,4.0
34288,1278,2.6666666666666665
34289,650,5.0
34291,824,4.0
34298,748,5.0
34300,650,2.0
34302,841,5.0
34304,640,5.0
34305,481,4.0
34305,949,5.0
34306,841,5.0
34309,640,4.0
34313,640,5.0
34313,650,4.0
34313,748,4.0
34313,749,3.0
34314,640,5.0
34315,640,4.0
34317,369,5.0
34317,640,5.0
34317,841,5.0
34321,748,5.0
34322,749,5.0
34323,1171,4.0
34324,650,4.0
34328,650,2.0
34338,737,5.0
34339,640,5.0
34344,640,5.0
34344,841,5.0
34348,1171,3.6666666666666665
34350,369,4.0
34353,673,3.0
34354,640,4.0
34358,650,4.0
34359,841,5.0
34360,640,4.0
34360,748,3.0
34360,841,5.0
34363,640,4.0
34363,749,5.0
34365,369,5.0
34365,737,5.0
34369,481,5.0
34369,640,4.0
34369,650,4.0
34369,673,4.5
34370,824,4.0
34371,824,4.0
34372,640,5.0
34375,824,5.0
34378,650,3.0
34378,841,4.0
34383,824,4.0
34385,481,4.0
34385,748,4.0
34388,481,5.0
34388,640,4.0
34388,737,4.0
34390,369,3.0
34390,748,5.0
34396,650,4.0
34396,673,4.0
34398,640,4.0
34399,824,3.0
34403,481,5.0
34405,640,4.0
34405,737,5.0
34408,640,3.0
34409,673,2.0
34412,1171,4.5
34415,824,5.0
34416,369,3.0
34417,673,4.0
34422,481,5.0
34425,640,3.0
34425,749,4.0
34429,481,2.0
34433,650,2.0
34434,640,5.0
34434,749,4.0
34435,673,4.0
34436,640,5.0
34436,748,2.0
34436,749,3.0
34436,841,5.0
34439,369,4.0
34439,673,2.0
34443,673,3.0
34444,481,5.0
34445,640,4.0
34445,748,3.0
34447,640,2.0
34449,640,1.0
34452,841,5.0
34454,888,5.0
34455,369,5.0
34455,841,5.0
34456,1171,1.0
34457,1278,4.5
34459,650,5.0
34461,1238,4.0
34463,737,5.0
34463,824,5.0
34464,369,5.0
34464,640,1.0
34466,748,5.0
34470,481,5.0
34473,748,5.0
34474,640,5.0
34475,640,5.0
34478,748,5.0
34480,640,4.0
34480,748,2.0
34480,1166,4.0
34481,737,4.0
34482,369,5.0
34482,640,4.0
34482,673,5.0
34484,640,4.0
34486,737,3.0
34486,748,4.0
34486,824,5.0
34488,481,5.0
34490,369,1.0
34490,481,5.0
34492,841,5.0
34496,369,1.0
34496,737,3.0
34497,369,4.666666666666667
34498,1133,4.0
34501,841,4.0
34502,841,4.0
34505,640,5.0
34505,748,5.0
34505,749,3.0
34507,640,1.0
34509,369,3.0
34511,650,5.0
34511,748,5.0
34514,650,5.0
34518,841,5.0
34522,369,3.0
34522,481,4.0
34522,640,4.0
34522,737,5.0
34526,369,4.0
34528,1171,5.0
34529,650,5.0
34531,640,5.0
34532,640,5.0
34535,673,5.0
34536,673,2.0
34544,841,5.0
34545,640,4.0
34545,748,3.0
34547,748,3.0
34556,640,3.0
34560,640,5.0
34562,640,4.0
34566,640,5.0
34567,369,4.0
34570,369,3.0
34577,369,3.0
34580,650,4.0
34580,748,4.0
34582,650,4.0
34582,841,4.0
34585,640,4.0
34586,1166,4.5
34587,481,5.0
34591,841,5.0
34594,650,4.0
34594,749,4.0
34598,841,4.0
34599,824,4.0
34601,749,5.0
34608,640,5.0
34610,640,5.0
34611,640,3.0
34611,748,4.0
34615,748,5.0
34618,748,4.0
34621,673,3.0
34621,748,5.0
34621,749,3.0
34621,824,4.0
34623,640,4.0
34625,673,5.0
34626,640,5.0
34627,640,5.0
34629,650,5.0
34630,1171,4.0
34632,369,4.0
34634,640,4.0
34634,650,5.0
34634,841,4.0
34636,1278,3.5
34637,673,4.0
34637,737,3.0
34637,824,5.0
34638,748,3.0
34639,737,3.0
34640,673,5.0
34643,640,4.0
34644,841,4.0
34647,888,5.0
34648,841,1.0
34649,640,5.0
34652,640,3.0
34654,841,4.0
34657,640,4.0
34657,748,5.0
34658,369,2.0
34658,640,5.0
34659,841,5.0
34660,737,4.0
34663,748,5.0
34666,949,4.0
34666,1278,3.6666666666666665
34667,841,5.0
34669,369,5.0
34670,640,2.0
34673,369,2.0
34674,640,4.0
34674,748,2.0
34675,640,5.0
34680,369,4.0
34680,737,5.0
34683,841,5.0
34684,841,5.0
34685,640,4.0
34686,841,4.0
34687,369,2.0
34689,841,5.0
34691,640,3.0
34691,737,3.0
34692,640,3.0
34692,748,4.0
34693,369,2.0
34700,640,4.0
34700,737,5.0
34700,824,5.0
34701,640,5.0
34704,640,5.0
34704,748,4.0
34704,841,5.0
34706,748,5.0
34707,640,2.0
34711,975,4.0
34718,640,4.0
34722,673,4.0
34727,749,4.0
34730,640,5.0
34730,748,4.0
34733,1297,5.0
34734,369,5.0
34736,640,5.0
34739,841,5.0
34740,640,5.0
34741,673,3.0
34742,841,5.0
34746,1171,3.0
34747,640,4.0
34747,650,5.0
34748,650,4.0
34755,650,3.0
34755,673,3.0
34756,824,4.0
34758,937,3.0
34758,1278,4.75
34760,824,4.0
34762,841,5.0
34766,369,3.0
34766,640,3.0
34766,673,4.0
34766,749,4.0
34767,1171,5.0
34770,369,4.0
34773,841,5.0
34777,481,5.0
34777,640,2.0
34777,841,4.0
34778,640,5.0
34778,748,3.0
34780,640,5.0
34781,640,5.0
34783,640,4.0
34783,673,3.0
34785,640,5.0
34785,673,4.0
34785,748,2.0
34788,481,5.0
34788,640,5.0
34788,748,4.0
34788,841,4.0
34789,841,5.0
34790,841,2.0
34793,1297,3.0
34794,369,5.0
34797,824,5.0
34797,841,5.0
34800,841,5.0
34802,640,5.0
34805,841,5.0
34810,841,5.0
34813,640,5.0
34813,748,3.0
34814,640,5.0
34815,749,2.0
34816,640,3.0
34818,640,5.0
34818,841,5.0
34819,640,5.0
34824,749,3.0
34825,640,5.0
34830,640,5.0
34831,737,5.0
34834,737,5.0
34836,650,5.0
34842,640,5.0
34844,1297,5.0
34847,748,4.0
34850,824,5.0
34852,841,5.0
34858,369,5.0
34859,749,4.0
34860,640,4.0
34860,737,4.0
34861,748,3.0
34862,640,5.0
34864,748,4.0
34866,824,4.0
34872,673,3.0
34872,737,5.0
34873,975,1.0
34876,673,1.0
34888,640,3.0
34889,640,4.0
34889,748,5.0
34894,640,2.0
34896,1238,4.0
34903,640,3.0
34907,737,4.0
34907,824,4.0
34909,650,5.0
34910,650,1.0
34910,1171,4.0
34912,640,3.0
34913,640,5.0
34916,369,3.0
34920,748,4.0
34930,1297,4.0
34932,650,4.0
34933,369,1.0
34939,841,5.0
34940,824,1.0
34942,369,5.0
34942,748,5.0
34942,749,5.0
34942,824,5.0
34945,640,5.0
34945,737,5.0
34947,737,5.0
34948,841,5.0
34953,369,2.0
34953,481,4.0
34953,640,5.0
34953,748,4.0
34953,749,3.0
34954,673,3.0
34956,737,4.0
34957,1171,4.0
34958,369,5.0
34963,673,1.0
34965,841,5.0
34969,748,3.0
34970,748,3.0
34970,749,5.0
34972,673,4.0
34973,481,3.0
34975,841,5.0
34980,640,4.0
34982,640,4.0
34983,673,4.0
34991,640,4.0
34992,841,4.0
34994,640,5.0
34995,640,5.0
34995,748,5.0
34995,749,4.0
34997,748,4.0
35000,824,5.0
35001,673,5.0
35003,841,4.0
35005,824,5.0
35008,1166,3.5
35014,640,5.0
35014,737,5.0
35014,749,4.0
35017,673,4.0
35020,737,5.0
35020,748,5.0
35020,824,4.0
35021,737,4.0
35021,824,4.0
35022,481,4.0
35022,640,3.0
35027,650,4.0
35028,640,5.0
35028,673,4.0
35029,640,5.0
35031,1280,2.0
35032,1280,4.0
35035,481,5.0
35035,640,5.0
35035,737,5.0
35036,640,3.0
35038,650,4.0
35039,749,2.0
35041,841,5.0
35043,640,3.0
35043,737,4.0
35043,748,4.0
35043,824,4.0
35044,841,5.0
35045,640,5.0
35049,640,4.0
35049,841,4.0
35050,673,4.0
35052,640,5.0
35056,748,4.0
35056,841,5.0
35057,650,3.0
35057,673,2.0
35062,1297,4.5
35063,1278,2.5
35064,640,3.0
35065,640,5.0
35067,640,3.0
35069,650,4.0
35069,737,5.0
35070,748,3.0
35073,737,3.0
35076,1137,5.0
35077,888,4.0
35077,949,5.0
35077,1278,3.0
35079,650,5.0
35079,888,4.0
35091,824,5.0
35091,841,5.0
35092,1171,4.266666666666667
35094,640,5.0
35094,650,3.0
35094,824,4.0
35099,841,4.0
35100,640,5.0
35100,748,4.0
35101,640,4.0
35103,1220,5.0
35104,841,5.0
35105,841,5.0
35106,640,5.0
35107,841,2.0
35108,481,5.0
35115,673,4.0
35118,640,5.0
35119,640,2.0
35120,640,5.0
35123,481,5.0
35124,841,5.0
35129,640,5.0
35130,650,4.0
35130,1171,4.0
35131,748,5.0
35132,650,4.0
35133,650,4.0
35134,841,5.0
35140,841,5.0
35142,748,5.0
35145,640,5.0
35146,1278,4.0
35147,749,5.0
35148,481,5.0
35153,650,5.0
35156,824,3.0
35158,640,4.0
35159,640,3.0
35163,481,5.0
35163,650,3.0
35166,975,4.0
35168,748,4.0
35172,841,5.0
35174,748,5.0
35176,1220,5.0
35177,640,4.0
35177,824,5.0
35178,888,2.0
35178,1166,4.0
35179,640,4.0
35179,824,3.0
35181,640,2.0
35182,650,4.0
35185,748,3.0
35186,640,5.0
35186,1278,5.0
35187,481,4.0
35188,824,4.0
35192,673,5.0
35194,841,5.0
35195,369,4.0
35196,841,5.0
35197,640,5.0
35200,640,5.0
35201,481,3.0
35204,1171,3.0
35207,1171,5.0
35208,650,5.0
35209,640,3.0
35209,748,4.0
35209,841,5.0
35211,748,5.0
35215,481,4.0
35216,640,4.0
35217,1280,5.0
35218,640,5.0
35219,841,5.0
35220,1171,5.0
35221,737,5.0
35224,1280,3.0
35227,640,5.0
35227,650,3.0
35227,748,5.0
35228,737,5.0
35233,640,3.0
35233,673,5.0
35236,481,5.0
35241,640,4.0
35241,748,4.0
35245,369,1.0
35245,481,3.0
35245,673,1.0
35248,749,3.0
35249,481,3.0
35249,640,4.0
35258,650,4.0
35259,369,3.0
35259,737,4.0
35259,748,4.0
35259,824,4.0
35262,369,4.0
35262,737,4.0
35262,824,3.0
35263,1220,3.25
35269,748,4.0
35272,749,5.0
35274,640,5.0
35275,841,4.0
35277,737,4.0
35279,481,5.0
35279,650,4.0
35281,947,4.0
35282,748,4.0
35283,1171,5.0
35285,640,4.0
35286,841,5.0
35289,1297,3.6666666666666665
35290,369,4.0
35291,975,4.0
35292,640,4.0
35292,824,4.0
35293,841,4.0
35295,640,2.0
35297,1297,3.5
35300,841,5.0
35302,841,3.0
35305,640,5.0
35307,640,4.0
35307,749,4.0
35311,841,3.0
35312,673,5.0
35313,841,5.0
35314,640,5.0
35314,673,5.0
35314,737,5.0
35314,824,4.0
35319,841,5.0
35320,650,4.0
35329,673,5.0
35329,748,5.0
35329,824,5.0
35331,1280,5.0
35332,841,5.0
35335,749,4.0
35337,748,4.0
35337,749,3.0
35338,640,4.0
35340,640,5.0
35340,748,3.0
35342,640,4.0
35343,650,4.0
35344,640,4.0
35344,650,3.5
35344,737,4.0
35344,749,4.0
35344,841,5.0
35345,640,5.0
35347,640,5.0
35350,640,4.0
35351,841,5.0
35356,673,4.0
35364,748,4.0
35367,673,4.0
35371,841,5.0
35374,640,5.0
35375,640,4.0
35378,481,5.0
35383,824,4.0
35385,640,5.0
35387,824,4.0
35392,737,5.0
35392,748,5.0
35393,841,5.0
35395,481,5.0
35399,888,5.0
35400,650,4.0
35403,640,5.0
35404,841,4.0
35407,1238,5.0
35410,481,4.0
35412,673,3.0
35412,737,5.0
35413,481,4.5
35413,824,4.0
35413,1297,3.3333333333333335
35415,841,5.0
35417,673,4.0
35417,749,5.0
35419,650,4.0
35419,841,4.0
35421,673,5.0
35421,737,4.0
35421,749,5.0
35426,650,5.0
35427,748,3.0
35428,673,3.0
35429,640,5.0
35429,748,4.0
35429,824,5.0
35430,841,5.0
35432,673,4.0
35433,841,5.0
35436,640,4.0
35436,673,4.0
35438,1297,3.3333333333333335
35439,640,5.0
35442,640,3.0
35444,1171,5.0
35449,481,1.0
35458,748,5.0
35459,650,4.0
35461,824,4.0
35462,369,2.0
35463,369,4.0
35463,841,5.0
35466,650,5.0
35466,1166,4.333333333333333
35467,737,1.0
35468,640,4.0
35470,640,5.0
35474,748,4.0
35477,640,4.0
35480,369,4.0
35480,481,4.0
35480,824,4.0
35481,481,5.0
35482,737,4.0
35483,640,4.0
35485,824,1.0
35485,841,5.0
35486,1171,4.333333333333333
35487,841,5.0
35488,640,4.0
35490,481,4.0
35491,650,4.0
35491,749,3.0
35492,369,3.0
35494,369,1.0
35495,748,4.0
35496,737,4.0
35496,824,3.0
35502,369,4.0
35502,481,4.0
35503,640,3.0
35503,737,4.0
35503,748,4.0
35503,824,4.0
35504,673,3.0
35504,749,4.0
35505,640,3.0
35510,640,5.0
35511,481,5.0
35511,673,4.0
35515,673,5.0
35521,650,4.0
35523,640,4.0
35525,737,3.0
35527,1171,4.0
35531,841,4.0
35534,640,4.0
35535,913,3.0
35546,1171,5.0
35550,748,4.0
35550,749,4.0
35552,673,2.0
35553,369,4.0
35553,748,4.0
35553,749,5.0
35553,841,5.0
35555,481,4.0
35555,737,4.0
35560,749,4.0
35563,640,5.0
35567,748,5.0
35569,650,2.0
35571,640,5.0
35579,841,5.0
35586,897,3.0
35587,841,5.0
35589,640,5.0
35593,640,5.0
35594,640,1.0
35595,369,5.0
35598,481,5.0
35600,640,5.0
35601,841,5.0
35601,1171,5.0
35603,640,5.0
35608,640,5.0
35611,481,5.0
35611,640,5.0
35617,888,5.0
35620,1238,4.0
35621,640,5.0
35631,748,3.0
35632,640,5.0
35632,673,4.0
35632,737,4.0
35635,650,3.0
35637,640,5.0
35638,481,4.0
35638,748,3.0
35645,841,5.0
35647,369,1.0
35650,369,4.0
35650,841,5.0
35651,640,5.0
35655,737,3.0
35655,824,3.0
35655,937,2.0
35656,640,5.0
35659,749,4.0
35662,640,4.5
35662,748,5.0
35665,1171,3.5
35670,640,1.0
35671,841,5.0
35675,640,4.0
35675,737,5.0
35675,748,3.0
35675,749,5.0
35677,1297,1.0
35678,824,3.0
35679,650,5.0
35684,748,2.0
35685,640,5.0
35687,650,3.0
35690,824,5.0
35691,369,5.0
35692,1220,5.0
35693,841,5.0
35700,1166,5.0
35702,640,4.0
35702,748,5.0
35702,749,4.0
35702,824,2.0
35706,640,4.0
35707,481,4.0
35707,640,3.0
35707,748,4.0
35707,1166,2.3333333333333335
35711,640,4.0
35715,369,4.0
35718,824,4.0
35721,749,5.0
35723,640,4.0
35729,1280,3.0
35737,1297,3.0
35739,824,5.0
35740,650,5.0
35744,481,4.0
35745,841,4.0
35747,748,4.0
35751,640,4.0
35755,650,4.0
35755,824,4.0
35758,640,3.0
35760,748,4.0
35763,640,4.0
35764,369,4.0
35766,841,4.0
35768,841,5.0
35773,481,4.0
35774,1171,4.0
35778,841,4.0
35781,1133,1.0
35782,841,5.0
35783,640,5.0
35790,640,3.0
35793,640,4.0
35793,748,5.0
35793,749,4.0
35795,369,4.0
35797,841,5.0
35798,841,4.0
35799,369,4.0
35806,369,4.0
35806,841,5.0
35807,1225,4.0
35809,640,5.0
35810,824,4.0
35812,737,4.0
35813,1171,3.5
35818,841,5.0
35820,748,2.0
35823,369,2.0
35824,1171,4.0
35826,1220,4.0
35827,748,1.0
35828,748,5.0
35831,481,5.0
35834,748,2.0
35839,650,4.0
35846,640,5.0
35847,640,4.0
35847,748,5.0
35848,748,3.0
35849,737,4.0
35850,737,5.0
35850,824,5.0
35851,640,5.0
35852,1171,5.0
35854,748,5.0
35855,640,5.0
35856,640,5.0
35856,841,5.0
35858,1225,5.0
35860,737,2.0
35861,1171,4.0
35862,1166,4.0
35864,640,4.0
35864,748,4.0
35866,888,4.0
35867,640,2.0
35871,749,4.0
35873,640,5.0
35874,737,5.0
35874,824,5.0
35877,640,3.0
35880,841,4.0
35882,1278,4.333333333333333
35883,369,5.0
35885,1166,3.75
35886,748,5.0
35891,1220,5.0
35894,841,5.0
35897,841,5.0
35898,369,2.0
35898,748,4.0
35899,737,4.0
35901,841,5.0
35903,749,5.0
35903,824,4.0
35908,841,4.0
35912,481,4.0
35916,673,3.0
35920,481,5.0
35922,673,5.0
35923,640,4.0
35924,640,3.0
35926,749,1.0
35927,824,5.0
35928,737,5.0
35929,673,5.0
35930,824,3.0
35931,749,4.0
35931,841,5.0
35937,481,3.0
35937,640,4.0
35938,481,4.0
35939,640,5.0
35940,673,5.0
35943,481,5.0
35944,650,4.0
35945,640,5.0
35945,737,4.0
35946,640,5.0
35946,748,4.0
35946,749,3.5
35947,640,3.0
35947,748,3.0
35947,749,4.0
35949,640,5.0
35949,748,4.0
35949,749,3.0
35951,673,5.0
35953,640,4.5
35953,748,5.0
35954,824,5.0
35954,841,5.0
35955,1171,5.0
35957,650,4.0
35959,640,5.0
35962,640,5.0
35962,749,3.0
35966,640,4.0
35966,748,4.0
35970,749,5.0
35974,673,2.0
35975,841,5.0
35991,841,4.0
35992,640,4.0
35995,673,4.0
35995,748,3.0
35996,650,5.0
35996,824,4.0
35998,640,5.0
35999,640,5.0
35999,737,5.0
35999,841,4.0
36002,673,5.0
36002,841,4.0
36005,369,4.0
36006,673,3.0
36006,737,5.0
36006,748,5.0
36006,749,5.0
36006,1166,3.25
36007,673,4.0
36007,749,4.0
36008,824,5.0
36009,841,5.0
36011,737,4.0
36019,640,5.0
36027,640,5.0
36029,481,1.0
36038,824,3.0
36039,640,5.0
36039,748,4.0
36042,841,5.0
36045,841,5.0
36046,841,4.0
36050,640,5.0
36052,481,4.0
36052,748,5.0
36054,640,5.0
36054,748,5.0
36055,640,5.0
36055,748,5.0
36057,640,5.0
36062,650,4.0
36062,841,5.0
36072,640,5.0
36073,640,4.0
36074,640,5.0
36075,749,4.0
36076,824,4.0
36076,1171,4.0
36078,640,2.0
36078,748,2.0
36080,841,4.0
36082,1297,2.0
36087,640,5.0
36088,673,3.0
36089,640,3.0
36090,369,1.0
36090,650,4.0
36094,841,3.0
36100,841,4.0
36102,481,4.0
36102,841,5.0
36103,369,4.0
36105,841,5.0
36107,650,1.0
36108,640,1.0
36108,749,5.0
36112,640,4.0
36112,673,5.0
36114,650,4.0
36115,737,5.0
36116,640,5.0
36116,673,3.0
36116,749,5.0
36116,824,4.0
36116,841,4.0
36118,640,4.0
36118,650,5.0
36118,841,5.0
36120,737,5.0
36121,640,5.0
36122,748,1.0
36125,640,5.0
36125,748,5.0
36132,640,3.0
36137,841,4.0
36138,673,4.0
36138,748,2.0
36139,841,5.0
36140,640,5.0
36140,841,5.0
36141,749,4.0
36142,640,2.0
36146,640,5.0
36147,650,4.0
36148,841,4.0
36151,737,4.0
36152,369,4.0
36155,1238,5.0
36156,640,5.0
36161,824,5.0
36163,640,4.0
36165,640,4.0
36166,1297,5.0
36167,673,1.0
36168,673,1.0
36171,369,5.0
36172,673,2.0
36174,1171,3.75
36175,737,3.0
36176,841,4.0
36177,841,3.0
36179,1171,4.666666666666667
36182,640,4.0
36184,640,5.0
36185,824,4.0
36186,824,5.0
36186,1280,5.0
36187,369,4.0
36188,748,5.0
36193,640,5.0
36193,748,5.0
36196,748,5.0
36197,748,5.0
36198,640,4.0
36199,481,5.0
36203,640,5.0
36203,1278,4.0
36205,841,5.0
36210,640,5.0
36210,748,4.0
36210,824,3.0
36210,841,5.0
36213,650,3.0
36213,737,3.0
36214,650,3.0
36215,650,5.0
36216,640,4.0
36218,1297,3.5
36219,640,5.0
36222,650,5.0
36225,640,5.0
36228,841,5.0
36229,640,4.0
36229,748,4.0
36230,369,4.0
36230,749,4.0
36233,640,5.0
36234,640,3.0
36235,640,5.0
36236,748,4.0
36239,481,4.0
36240,1171,4.0
36241,748,4.0
36245,640,4.0
36252,640,5.0
36255,841,4.0
36256,824,4.0
36260,1171,3.0
36264,737,3.0
36265,640,5.0
36265,650,3.0
36265,841,5.0
36266,369,3.0
36266,481,5.0
36266,749,5.0
36267,748,2.0
36269,369,5.0
36269,673,5.0
36271,640,4.0
36276,841,5.0
36279,650,5.0
36280,640,4.0
36286,897,4.0
36286,920,3.0
36286,1171,3.3333333333333335
36287,673,4.0
36289,737,5.0
36290,650,5.0
36292,1278,5.0
36294,748,5.0
36295,748,4.0
36296,1278,5.0
36297,369,5.0
36306,640,5.0
36306,748,5.0
36306,749,5.0
36311,737,3.0
36311,841,5.0
36313,650,4.0
36319,481,5.0
36319,737,2.0
36319,824,2.0
36320,1171,5.0
36321,748,4.0
36325,640,5.0
36326,640,4.0
36328,369,5.0
36328,673,5.0
36335,748,5.0
36337,369,1.0
36337,650,1.0
36338,640,4.0
36339,369,4.0
36340,673,3.0
36340,748,4.0
36341,640,3.0
36342,824,5.0
36343,748,3.0
36344,369,5.0
36347,824,5.0
36349,888,4.0
36356,369,2.0
36361,640,5.0
36361,650,5.0
36361,737,3.0
36362,748,3.0
36363,877,3.0
36367,369,5.0
36369,369,5.0
36369,748,5.0
36369,749,5.0
36369,1166,4.125
36370,841,4.0
36375,841,5.0
36376,640,4.0
36377,748,4.0
36378,369,4.0
36379,640,4.0
36380,673,4.0
36381,841,5.0
36382,369,2.0
36382,640,5.0
36382,748,5.0
36383,1166,4.0
36385,737,4.0
36388,824,2.0
36392,650,5.0
36400,737,5.0
36401,369,4.0
36402,673,4.0
36403,673,4.0
36404,369,3.0
36405,824,5.0
36407,481,5.0
36407,650,2.0
36409,369,5.0
36410,673,4.0
36413,481,5.0
36419,1238,3.0
36421,640,5.0
36421,841,5.0
36422,748,3.0
36438,737,5.0
36438,841,5.0
36441,640,4.0
36441,824,5.0
36443,650,5.0
36445,737,5.0
36446,749,4.0
36448,640,5.0
36449,920,4.0
36452,650,3.0
36454,673,5.0
36455,650,4.0
36456,749,3.0
36457,841,5.0
36459,640,5.0
36462,640,5.0
36462,748,3.0
36463,369,4.0
36467,673,5.0
36469,841,5.0
36470,737,5.0
36472,841,5.0
36477,640,5.0
36478,888,5.0
36478,1166,2.0
36480,640,4.0
36480,1238,3.6666666666666665
36482,749,5.0
36483,640,4.0
36483,673,5.0
36483,749,3.0
36484,748,4.0
36486,640,4.0
36487,640,5.0
36488,640,5.0
36488,841,5.0
36489,640,5.0
36490,481,5.0
36491,650,5.0
36499,748,5.0
36503,748,4.0
36504,640,4.0
36504,749,4.0
36506,1297,3.0
36507,640,3.0
36508,650,4.0
36508,1225,5.0
36511,748,2.0
36518,640,5.0
36521,737,3.0
36521,841,5.0
36522,640,5.0
36523,640,3.0
36524,1166,5.0
36525,640,3.0
36527,369,1.0
36527,737,5.0
36528,650,4.0
36528,673,5.0
36533,1280,3.0
36534,650,5.0
36537,841,4.0
36538,650,4.0
36538,841,5.0
36542,640,3.0
36543,748,5.0
36545,481,3.0
36546,1171,4.0
36547,737,5.0
36551,748,4.0
36554,824,3.0
36556,481,4.0
36557,748,4.0
36557,841,5.0
36559,841,4.0
36560,640,5.0
36563,640,5.0
36564,737,4.0
36564,748,4.0
36564,824,4.0
36567,650,3.0
36567,737,5.0
36567,748,4.333333333333333
36567,824,2.0
36567,1166,3.2
36569,481,5.0
36570,481,4.0
36576,748,4.0
36577,1220,5.0
36579,737,5.0
36580,748,5.0
36580,749,4.0
36582,737,5.0
36585,640,5.0
36585,673,5.0
36585,737,3.0
36585,748,5.0
36585,841,5.0
36588,824,4.0
36590,737,5.0
36590,1166,5.0
36593,1297,5.0
36594,1280,4.0
36596,640,4.0
36596,748,4.0
36597,369,3.0
36599,1280,5.0
36600,640,5.0
36601,640,5.0
36603,650,3.0
36604,1238,4.0
36607,369,4.0
36607,640,5.0
36615,673,2.0
36615,749,3.0
36619,640,3.0
36620,640,4.25
36620,749,4.0
36622,650,5.0
36625,640,3.0
36625,748,4.0
36625,841,5.0
36630,640,4.333333333333333
36630,748,5.0
36630,841,5.0
36632,369,3.0
36636,920,4.0
36637,640,5.0
36642,369,4.0
36644,748,4.0
36646,369,3.0
36653,841,5.0
36655,748,5.0
36657,640,4.0
36660,841,5.0
36661,1297,2.5
36664,1171,5.0
36667,824,5.0
36673,673,5.0
36675,1137,5.0
36680,1297,3.0
36681,640,5.0
36681,824,5.0
36686,737,5.0
36691,1133,4.5
36697,824,1.0
36699,640,5.0
36701,748,5.0
36704,640,4.0
36710,737,4.0
36715,841,5.0
36716,673,4.0
36719,749,2.0
36723,824,4.0
36724,640,4.0
36728,1171,3.4
36729,369,4.0
36729,737,3.0
36735,650,4.0
36737,841,5.0
36740,369,3.0
36745,841,5.0
36746,640,5.0
36752,1220,4.75
36758,640,5.0
36760,841,5.0
36761,737,5.0
36764,640,5.0
36767,737,4.0
36767,824,4.0
36772,640,5.0
36773,749,1.0
36776,1171,5.0
36780,640,5.0
36783,640,5.0
36790,640,4.0
36790,748,5.0
36802,737,4.0
36804,841,5.0
36806,673,4.0
36808,673,2.0
36810,824,5.0
36811,1171,4.0
36813,748,5.0
36814,369,3.0
36818,640,4.0
36818,748,3.0
36818,749,1.0
36819,481,4.0
36820,920,5.0
36821,841,5.0
36823,640,4.0
36823,650,4.0
36826,640,4.0
36830,737,4.0
36836,481,5.0
36836,673,4.0
36839,748,5.0
36841,748,5.0
36843,640,5.0
36851,640,5.0
36851,748,4.0
36851,749,3.0
36851,841,4.0
36856,640,5.0
36856,748,4.0
36859,481,5.0
36860,749,3.0
36862,650,3.0
36862,673,4.0
36862,888,4.0
36868,841,3.0
36872,824,5.0
36873,748,4.0
36873,824,4.0
36873,841,3.0
36874,841,5.0
36878,737,4.0
36881,650,5.0
36884,749,3.0
36884,1225,3.0
36888,749,4.0
36891,824,4.0
36893,748,3.0
36894,748,2.0
36896,1297,3.0
36906,640,5.0
36906,748,5.0
36907,640,4.0
36909,748,5.0
36911,749,4.0
36917,640,5.0
36917,673,4.0
36918,841,5.0
36920,640,3.0
36922,640,5.0
36923,841,5.0
36924,640,3.0
36925,748,3.0
36926,640,5.0
36926,748,3.0
36926,749,3.0
36927,640,3.5
36929,1171,4.0
36930,640,4.0
36931,841,5.0
36933,824,4.0
36935,650,5.0
36938,640,5.0
36939,748,4.0
36940,640,4.0
36941,640,5.0
36942,640,1.0
36947,1220,4.0
36949,640,5.0
36954,640,3.0
36954,673,4.0
36958,1297,3.3333333333333335
36960,640,5.0
36961,640,5.0
36962,640,5.0
36969,1297,3.5
36972,841,4.0
36973,640,4.0
36973,748,3.0
36975,1171,3.5
36976,824,4.0
36978,1297,5.0
36980,640,4.0
36984,640,1.5
36985,1225,5.0
36987,640,4.0
36989,1171,5.0
36990,841,5.0
36994,369,5.0
36994,748,5.0
36994,841,5.0
36994,1278,5.0
36997,481,3.0
36998,640,5.0
37002,737,5.0
37002,748,5.0
37002,824,5.0
37004,640,4.0
37006,650,4.0
37006,737,5.0
37007,481,5.0
37009,749,4.0
37010,369,3.0
37010,640,5.0
37016,640,5.0
37018,737,5.0
37018,841,5.0
37018,1171,4.333333333333333
37020,481,4.0
37020,650,5.0
37020,673,4.5
37024,824,4.0
37026,650,4.0
37028,640,5.0
37028,737,5.0
37028,841,5.0
37031,650,3.0
37032,1297,5.0
37035,650,3.0
37036,640,5.0
37040,481,5.0
37045,369,3.0
37052,737,4.0
37052,824,4.0
37053,737,5.0
37054,748,2.0
37057,748,5.0
37059,650,5.0
37061,737,4.0
37062,748,1.0
37063,650,5.0
37068,748,4.0
37069,673,5.0
37074,369,1.0
37075,640,5.0
37077,749,3.0
37078,748,4.0
37078,749,5.0
37079,673,2.0
37082,640,3.0
37086,650,4.0
37087,640,4.0
37089,640,5.0
37092,369,4.0
37092,673,2.0
37099,737,3.0
37100,841,5.0
37103,640,5.0
37105,640,3.3333333333333335
37105,841,5.0
37108,640,2.0
37112,481,4.0
37115,748,3.0
37117,841,5.0
37118,481,4.0
37119,650,4.0
37119,897,5.0
37121,841,5.0
37124,640,4.0
37126,640,4.0
37127,673,2.0
37132,650,4.0
37134,748,4.0
37135,1278,4.0
37138,673,4.0
37139,650,4.0
37139,673,3.0
37139,737,2.0
37142,640,4.0
37144,640,5.0
37146,640,5.0
37146,824,5.0
37148,841,5.0
37151,841,5.0
37152,1171,4.5
37154,1166,2.0
37155,748,4.0
37158,841,5.0
37159,640,3.0
37159,749,3.0
37160,737,4.0
37161,841,5.0
37162,737,5.0
37167,841,5.0
37169,369,2.0
37169,640,3.0
37169,737,5.0
37169,748,4.0
37169,824,5.0
37171,369,3.0
37172,369,2.0
37172,841,4.0
37173,1220,4.0
37176,1171,5.0
37179,748,4.0
37184,1297,3.5
37185,737,5.0
37186,824,5.0
37187,369,4.0
37187,481,5.0
37188,369,2.0
37189,369,5.0
37190,1137,4.0
37195,640,4.0
37195,749,5.0
37196,673,4.0
37197,640,4.0
37198,841,2.0
37202,650,4.0
37202,749,5.0
37205,748,5.0
37206,640,5.0
37207,748,1.0
37211,640,3.0
37211,748,4.0
37213,737,4.0
37213,824,4.0
37214,737,1.0
37214,749,4.0
37217,841,5.0
37220,369,3.0
37220,650,5.0
37223,737,4.0
37223,824,4.0
37230,749,5.0
37236,640,5.0
37237,841,5.0
37238,748,5.0
37244,640,5.0
37247,369,4.0
37249,1278,4.666666666666667
37250,841,4.0
37251,640,5.0
37251,650,5.0
37251,673,5.0
37251,737,5.0
37251,824,4.0
37253,640,4.0
37255,640,4.0
37257,748,5.0
37259,749,3.0
37263,841,5.0
37266,369,5.0
37267,737,4.0
37267,748,4.0
37269,640,5.0
37270,369,2.0
37278,640,4.0
37282,650,4.0
37283,824,5.0
37285,481,5.0
37286,640,5.0
37289,888,5.0
37290,673,5.0
37291,640,5.0
37291,748,5.0
37295,673,4.0
37299,640,5.0
37299,650,5.0
37299,748,3.0
37299,749,4.0
37303,737,5.0
37303,824,4.0
37305,737,4.0
37308,369,5.0
37309,737,4.0
37311,640,4.0
37312,369,4.0
37312,481,5.0
37312,737,5.0
37312,841,5.0
37314,650,3.0
37315,1238,4.0
37320,481,5.0
37323,640,4.0
37326,481,4.0
37326,748,4.0
37327,748,5.0
37328,650,3.0
37331,737,4.0
37331,824,4.0
37332,640,3.0
37334,748,5.0
37335,841,5.0
37336,1297,4.0
37338,640,5.0
37339,650,5.0
37340,481,4.0
37344,737,2.0
37344,748,2.0
37347,824,5.0
37348,481,5.0
37353,640,4.0
37357,748,1.0
37359,841,5.0
37363,841,5.0
37365,481,5.0
37365,673,3.0
37365,748,5.0
37366,650,5.0
37367,369,4.0
37371,1171,3.75
37372,824,5.0
37374,824,4.0
37376,1171,5.0
37379,481,5.0
37380,841,5.0
37381,640,4.0
37382,640,4.0
37382,673,4.0
37383,1238,3.6666666666666665
37384,748,4.0
37386,640,4.0
37390,650,3.0
37393,748,5.0
37394,1166,4.0
37397,640,4.0
37403,1278,4.0
37409,737,3.0
37410,841,5.0
37411,640,5.0
37417,1166,3.5
37418,841,5.0
37423,640,4.0
37425,640,5.0
37425,1166,3.3333333333333335
37429,888,4.0
37434,841,4.0
37435,824,4.0
37438,640,5.0
37438,748,5.0
37439,640,5.0
37440,748,5.0
37440,749,4.0
37442,640,5.0
37442,748,4.0
37447,640,5.0
37451,650,2.0
37451,748,4.0
37451,749,4.0
37451,841,5.0
37453,841,4.0
37454,640,5.0
37455,640,4.0
37455,748,2.0
37460,748,3.0
37465,841,5.0
37467,640,4.0
37467,748,5.0
37467,749,5.0
37467,841,5.0
37469,640,4.0
37469,650,5.0
37469,824,4.5
37469,841,5.0
37472,749,3.0
37473,737,5.0
37474,481,2.0
37476,841,5.0
37477,369,3.0
37479,748,5.0
37483,640,5.0
37483,673,3.0
37483,749,4.0
37486,841,5.0
37488,369,2.0
37489,640,4.0
37490,841,5.0
37493,673,5.0
37495,640,4.0
37496,673,4.0
37497,841,5.0
37506,748,5.0
37508,748,3.0
37508,824,5.0
37510,650,4.0
37512,841,5.0
37517,650,5.0
37520,640,5.0
37520,748,5.0
37523,749,2.0
37525,640,3.0
37529,749,5.0
37532,640,4.0
37533,841,5.0
37535,1297,2.0
37536,1133,5.0
37539,737,4.0
37542,650,4.0
37545,748,1.0
37545,824,5.0
37547,737,5.0
37547,748,4.0
37547,749,4.0
37547,824,5.0
37549,640,5.0
37550,748,5.0
37551,748,4.0
37552,640,5.0
37553,748,4.0
37554,748,4.0
37555,481,5.0
37558,841,5.0
37564,749,3.0
37565,841,5.0
37566,1280,5.0
37567,673,3.0
37568,749,3.0
37568,824,5.0
37570,841,5.0
37571,1166,4.0
37573,748,5.0
37574,841,5.0
37575,369,3.0
37578,737,4.0
37585,748,5.0
37585,841,4.0
37587,841,4.0
37591,1133,4.0
37592,824,5.0
37593,481,4.0
37593,824,4.0
37593,841,4.0
37594,841,5.0
37595,841,4.0
37596,650,4.0
37598,481,5.0
37600,640,5.0
37600,650,4.0
37600,748,4.0
37600,824,2.0
37601,640,4.5
37601,748,4.0
37604,673,4.0
37604,748,3.0
37608,640,4.0
37611,824,5.0
37620,640,5.0
37621,640,5.0
37621,737,4.0
37628,481,5.0
37630,748,5.0
37632,640,4.0
37633,640,3.0
37635,1220,5.0
37638,737,4.0
37642,737,5.0
37644,841,5.0
37645,1171,3.5
37646,748,4.0
37646,749,4.0
37649,841,5.0
37652,1171,4.0
37653,673,4.0
37658,640,4.0
37661,748,4.0
37667,841,4.0
37668,841,4.0
37668,1278,4.0
37671,841,5.0
37673,640,4.0
37674,640,5.0
37675,673,1.0
37676,748,5.0
37679,640,4.333333333333333
37679,748,4.0
37685,640,2.0
37695,640,5.0
37695,748,5.0
37697,1166,1.0
37698,737,5.0
37703,640,4.0
37706,749,4.0
37707,737,5.0
37708,1225,4.0
37709,640,3.0
37711,640,4.0
37713,673,3.0
37713,737,3.0
37714,737,3.0
37717,650,5.0
37718,749,1.0
37719,749,4.0
37726,369,5.0
37727,640,4.0
37731,748,5.0
37732,640,5.0
37736,824,5.0
37737,640,2.0
37738,748,3.0
37740,640,5.0
37741,673,4.0
37743,369,1.0
37743,673,1.0
37745,737,4.0
37745,748,2.0
37753,737,3.0
37753,841,4.0
37762,640,4.0
37762,748,5.0
37763,640,5.0
37764,673,3.0
37765,640,3.0
37768,748,4.0
37769,737,4.0
37772,748,5.0
37773,650,5.0
37774,749,3.0
37775,369,3.0
37776,369,5.0
37776,841,5.0
37779,640,5.0
37779,673,5.0
37780,640,5.0
37782,748,5.0
37782,749,4.0
37785,640,4.666666666666667
37785,748,5.0
37785,841,4.0
37786,1171,5.0
37787,640,4.0
37787,650,4.0
37789,640,4.0
37790,1238,5.0
37793,824,4.0
37800,640,5.0
37800,737,4.0
37802,640,5.0
37802,737,5.0
37802,749,4.0
37803,737,4.0
37804,1171,4.0
37806,650,5.0
37808,640,4.0
37809,824,1.0
37814,650,5.0
37816,640,4.0
37819,737,4.0
37819,748,2.0
37820,1133,5.0
37823,650,5.0
37824,369,3.0
37826,650,5.0
37828,748,5.0
37836,1278,4.5
37839,737,3.0
37839,1220,4.0
37840,749,4.0
37841,481,4.0
37842,1220,5.0
37843,1133,5.0
37844,640,4.0
37852,748,4.0
37853,1278,4.0
37854,737,4.0
37856,369,4.0
37857,673,5.0
37858,673,4.0
37860,369,5.0
37863,824,5.0
37868,650,4.0
37871,841,5.0
37873,650,5.0
37877,1225,4.0
37879,640,5.0
37879,737,5.0
37879,824,4.0
37879,1171,5.0
37880,748,3.0
37880,749,4.0
37881,369,3.0
37882,824,3.0
37883,888,5.0
37884,841,5.0
37885,1238,4.5
37886,737,4.0
37888,1171,4.666666666666667
37890,640,4.0
37890,749,4.0
37891,824,5.0
37892,1280,4.0
37893,1278,5.0
37894,841,5.0
37895,748,5.0
37895,1171,4.0
37900,640,5.0
37902,1166,4.0
37906,841,4.5
37906,1137,4.0
37908,841,5.0
37909,1278,4.0
37911,640,4.0
37912,975,5.0
37914,888,4.0
37917,640,4.0
37917,748,5.0
37919,650,5.0
37920,640,5.0
37920,748,3.0
37922,888,5.0
37926,640,1.0
37926,650,3.0
37931,841,2.0
37932,1278,5.0
37933,640,5.0
37933,748,5.0
37935,673,3.0
37936,824,5.0
37938,369,4.0
37939,1220,5.0
37943,975,3.0
37948,1171,5.0
37950,640,5.0
37953,640,3.0
37955,640,4.0
37955,748,4.0
37960,673,4.0
37965,1225,3.0
37966,481,4.0
37968,640,5.0
37969,1280,4.0
37970,737,4.0
37973,369,4.0
37975,369,4.0
37980,673,3.0
37987,640,3.0
37989,640,5.0
37990,737,4.0
37990,748,4.0
37992,640,3.0
37992,841,3.0
37994,481,4.0
37995,841,5.0
38001,650,5.0
38002,748,3.0
38003,673,4.0
38006,748,4.0
38008,824,5.0
38009,737,3.0
38011,1166,5.0
38012,1220,5.0
38015,888,5.0
38016,650,4.0
38016,673,5.0
38017,737,4.0
38017,824,4.0
38018,640,4.0
38021,841,5.0
38029,640,4.0
38030,888,5.0
38030,1171,4.6
38036,1225,4.0
38044,1171,4.0
38046,640,4.0
38046,748,4.0
38048,1297,3.0
38049,841,5.0
38051,1280,5.0
38055,841,4.0
38059,841,5.0
38061,640,5.0
38061,737,4.0
38061,748,3.0
38062,824,5.0
38065,1238,4.5
38067,650,4.0
38068,737,4.0
38069,640,4.0
38071,841,5.0
38072,640,3.0
38072,748,5.0
38073,737,5.0
38074,1171,4.2
38084,369,2.0
38086,640,5.0
38087,640,5.0
38088,481,4.0
38092,824,5.0
38093,824,5.0
38095,481,4.0
38101,824,5.0
38102,748,4.0
38106,369,2.0
38106,737,2.0
38108,748,5.0
38110,640,5.0
38110,748,3.0
38112,1166,3.0
38113,824,5.0
38116,1225,4.0
38117,1297,5.0
38120,841,5.0
38121,650,4.0
38122,369,2.0
38123,369,5.0
38123,1166,4.0
38124,640,5.0
38126,673,4.0
38126,749,4.0
38129,481,4.0
38129,748,4.0
38129,824,4.0
38131,640,5.0
38132,640,4.0
38134,748,4.0
38136,673,5.0
38138,640,5.0
38141,369,4.0
38143,640,3.0
38143,749,3.0
38146,841,5.0
38147,749,5.0
38154,369,5.0
38154,640,5.0
38154,749,5.0
38157,640,4.0
38157,748,5.0
38157,749,5.0
38159,1297,3.0
38160,640,4.0
38161,673,5.0
38163,640,4.0
38163,748,5.0
38164,640,4.0
38164,737,2.0
38167,673,4.0
38170,841,5.0
38171,841,5.0
38174,369,2.0
38174,824,3.0
38174,1171,3.6666666666666665
38179,824,5.0
38182,640,5.0
38182,748,5.0
38184,640,4.0
38185,1297,3.0
38186,1278,5.0
38188,640,4.0
38189,1278,4.0
38190,640,5.0
38192,640,5.0
38193,673,3.0
38194,1238,5.0
38196,650,5.0
38197,748,5.0
38199,1280,3.0
38200,650,4.0
38200,841,5.0
38201,748,4.0
38203,841,4.0
38205,841,5.0
38209,1137,3.0
38210,1278,4.0
38211,1166,4.5
38212,1171,4.6
38214,737,5.0
38217,640,5.0
38217,748,5.0
38221,481,5.0
38221,737,5.0
38221,748,3.0
38224,640,5.0
38224,749,4.0
38226,481,4.0
38226,748,3.0
38226,749,3.0
38226,888,5.0
38226,1278,4.666666666666667
38227,737,5.0
38229,640,3.0
38236,841,5.0
38239,1278,5.0
38240,749,5.0
38241,841,5.0
38244,640,4.0
38249,841,5.0
38250,640,5.0
38250,748,4.0
38262,650,4.0
38265,737,3.0
38267,481,5.0
38268,1297,3.0
38270,481,4.0
38270,748,4.0
38272,748,3.0
38273,1171,5.0
38274,640,5.0
38275,824,5.0
38276,841,5.0
38279,841,5.0
38280,748,4.0
38281,481,4.0
38283,749,5.0
38285,673,1.0
38287,737,3.0
38288,749,5.0
38297,737,4.0
38301,1171,5.0
38306,640,5.0
38308,737,4.0
38310,640,5.0
38311,737,5.0
38314,640,3.0
38318,1171,5.0
38320,640,1.0
38324,737,5.0
38327,369,4.0
38327,640,3.0
38328,640,3.0
38330,824,5.0
38331,748,4.0
38333,824,5.0
38337,481,3.0
38340,640,5.0
38344,1171,5.0
38346,841,5.0
38349,369,5.0
38350,748,3.0
38354,640,4.0
38354,1297,3.0
38355,841,5.0
38362,748,5.0
38365,1225,5.0
38368,748,4.0
38371,841,4.0
38372,737,1.0
38374,841,4.0
38379,640,4.0
38380,640,4.0
38380,1238,2.0
38382,748,4.0
38384,737,4.0
38384,841,5.0
38385,640,4.0
38385,673,3.0
38385,841,5.0
38389,748,1.0
38394,748,5.0
38394,749,4.0
38399,824,4.0
38401,640,1.0
38402,748,4.0
38403,673,4.0
38404,650,4.0
38404,1238,3.6666666666666665
38406,824,2.0
38407,673,2.0
38409,650,4.0
38411,737,5.0
38412,748,4.0
38414,650,3.0
38415,673,5.0
38418,841,5.0
38422,640,5.0
38422,748,5.0
38425,673,4.0
38425,748,4.0
38425,749,5.0
38426,640,5.0
38429,737,4.0
38429,749,4.0
38431,640,5.0
38431,748,4.0
38435,640,5.0
38436,748,3.0
38439,841,5.0
38441,673,5.0
38441,737,5.0
38441,824,5.0
38446,640,4.0
38450,841,4.0
38451,841,4.0
38460,650,2.0
38464,640,5.0
38466,841,3.0
38469,369,5.0
38469,640,5.0
38469,737,5.0
38469,824,5.0
38470,1220,5.0
38471,824,5.0
38472,369,1.0
38473,640,4.0
38477,673,4.0
38480,640,5.0
38482,841,5.0
38486,650,5.0
38487,640,4.0
38489,640,4.0
38492,640,5.0
38493,640,4.0
38496,640,4.0
38498,640,5.0
38498,748,5.0
38498,841,5.0
38499,369,4.0
38499,748,5.0
38500,737,5.0
38501,640,4.0
38504,748,5.0
38505,841,5.0
38507,841,4.0
38508,841,4.0
38509,737,4.0
38509,824,3.0
38510,640,5.0
38513,640,5.0
38514,673,3.0
38518,841,5.0
38524,481,5.0
38530,748,4.0
38532,640,5.0
38533,640,5.0
38535,673,5.0
38536,640,5.0
38537,841,5.0
38540,640,4.0
38540,841,4.0
38541,841,5.0
38545,369,4.0
38545,640,5.0
38546,640,4.0
38546,748,5.0
38549,640,5.0
38552,1171,4.2
38554,481,5.0
38555,640,3.0
38555,748,3.0
38556,737,5.0
38558,640,5.0
38561,640,4.0
38565,640,5.0
38566,841,5.0
38567,748,5.0
38569,748,4.0
38571,640,3.0
38571,1166,3.6666666666666665
38573,841,5.0
38578,650,2.0
38578,841,5.0
38588,737,4.0
38588,824,4.0
38591,841,3.0
38592,737,4.0
38592,824,4.0
38593,673,1.0
38596,824,5.0
38600,749,5.0
38600,824,5.0
38601,1137,4.0
38603,673,5.0
38605,640,5.0
38605,650,4.0
38606,841,4.0
38609,1225,1.0
38611,748,3.0
38612,841,4.0
38613,640,5.0
38614,650,4.0
38618,640,4.0
38618,749,5.0
38620,640,5.0
38620,673,4.0
38623,673,5.0
38624,481,4.0
38626,650,5.0
38635,824,4.0
38637,841,5.0
38638,650,4.0
38640,841,4.0
38643,748,5.0
38648,1220,4.333333333333333
38650,640,3.0
38651,369,1.0
38651,640,5.0
38651,748,5.0
38655,481,5.0
38660,737,5.0
38663,1171,5.0
38664,640,3.0
38666,369,4.0
38666,640,5.0
38666,748,5.0
38666,841,5.0
38667,640,5.0
38667,737,5.0
38669,640,5.0
38674,640,4.0
38675,737,4.0
38677,640,5.0
38677,748,5.0
38678,640,3.0
38683,824,5.0
38687,640,5.0
38687,737,5.0
38687,748,4.0
38689,1166,4.0
38693,650,5.0
38693,748,4.0
38697,481,3.0
38697,640,3.0
38697,841,5.0
38699,640,4.0
38702,650,4.0
38702,749,4.0
38705,824,5.0
38710,841,4.0
38714,640,5.0
38716,673,4.0
38726,640,3.5
38726,748,5.0
38726,749,3.0
38730,640,5.0
38732,640,5.0
38732,749,5.0
38733,640,4.0
38735,928,4.0
38737,824,4.0
38738,1297,4.0
38742,481,5.0
38744,640,5.0
38744,737,5.0
38744,748,4.0
38748,748,5.0
38749,748,4.0
38752,640,3.0
38753,824,5.0
38756,841,5.0
38759,824,4.0
38760,650,4.0
38762,640,5.0
38763,748,4.0
38765,1137,4.5
38767,1171,3.5
38771,640,4.0
38772,673,3.0
38773,1280,3.0
38777,673,1.0
38781,748,4.0
38788,824,4.0
38789,841,5.0
38790,369,3.0
38794,650,4.0
38796,640,4.0
38797,481,5.0
38797,640,5.0
38797,650,5.0
38797,737,4.0
38799,640,4.0
38800,841,5.0
38803,650,4.0
38806,1278,5.0
38807,369,5.0
38807,1171,4.8
38809,650,5.0
38816,650,3.0
38816,748,4.0
38818,824,4.0
38819,481,5.0
38819,748,4.0
38821,640,4.0
38825,749,4.0
38825,824,4.0
38826,673,4.0
38827,640,4.5
38827,673,4.0
38827,748,4.0
38828,640,5.0
38830,481,5.0
38830,640,4.0
38830,748,4.0
38832,369,1.0
38833,640,5.0
38834,673,3.0
38835,841,5.0
38836,640,4.0
38836,748,4.0
38838,369,4.0
38839,1225,2.5
38841,640,5.0
38841,824,3.0
38844,841,4.0
38846,841,5.0
38852,841,5.0
38853,640,4.0
38855,640,4.0
38856,748,4.0
38857,841,4.0
38861,824,2.0
38863,481,4.0
38863,888,4.0
38864,640,4.0
38870,841,4.0
38873,481,5.0
38877,640,4.0
38878,824,5.0
38878,1171,4.5
38880,369,3.0
38882,481,4.0
38883,640,5.0
38883,650,4.0
38885,841,5.0
38886,640,4.333333333333333
38886,673,5.0
38886,737,4.0
38886,841,4.666666666666667
38888,841,4.0
38889,640,4.0
38890,888,3.0
38894,650,5.0
38895,673,4.0
38899,888,5.0
38901,841,4.0
38904,640,3.0
38906,640,4.0
38906,650,4.0
38906,824,4.0
38909,824,4.0
38911,640,4.0
38914,824,3.0
38917,650,4.0
38918,749,4.0
38923,640,4.0
38923,748,4.0
38923,749,4.0
38925,640,3.0
38927,928,5.0
38929,841,5.0
38932,824,5.0
38934,369,1.0
38936,640,5.0
38938,1171,3.5
38939,841,5.0
38942,640,4.0
38946,481,5.0
38948,369,5.0
38948,640,5.0
38949,824,4.0
38950,673,5.0
38951,748,4.0
38951,749,4.0
38951,1166,3.75
38952,1137,4.0
38953,640,5.0
38953,737,4.0
38953,824,4.0
38953,841,4.0
38954,888,5.0
38954,1166,5.0
38957,673,5.0
38957,748,2.0
38958,650,3.0
38958,841,5.0
38959,481,3.0
38959,841,5.0
38965,640,4.0
38972,1166,5.0
38974,640,3.0
38980,650,4.0
38982,369,5.0
38982,640,4.5
38982,673,5.0
38982,748,3.0
38982,824,3.0
38983,841,5.0
38989,640,4.0
38992,737,4.0
38993,640,5.0
38993,748,2.0
38999,640,5.0
38999,841,4.0
39000,748,4.0
39007,748,2.0
39007,1171,5.0
39008,737,3.0
39009,481,5.0
39010,369,4.0
39010,737,4.0
39012,841,4.0
39013,1166,5.0
39015,748,3.0
39016,640,4.0
39017,640,5.0
39017,650,4.0
39017,673,2.0
39017,748,5.0
39018,1280,4.0
39019,748,2.0
39020,1133,4.0
39021,1297,2.3333333333333335
39025,1278,4.0
39026,640,4.0
39026,748,4.5
39028,640,5.0
39030,640,3.0
39034,640,4.0
39034,824,4.0
39037,640,5.0
39038,824,4.0
39039,737,4.0
39039,824,5.0
39040,369,5.0
39041,650,3.0
39044,841,5.0
39045,749,5.0
39046,673,4.0
39046,749,2.0
39046,824,4.0
39051,1171,5.0
39052,640,4.0
39053,1171,4.333333333333333
39058,841,5.0
39059,650,4.0
39061,737,5.0
39061,749,5.0
39061,824,5.0
39064,640,5.0
39067,737,5.0
39068,640,4.0
39068,749,3.0
39070,673,5.0
39071,640,5.0
39074,1171,5.0
39075,841,5.0
39079,481,4.0
39079,748,4.0
39079,841,5.0
39081,640,5.0
39081,748,5.0
39082,748,4.0
39084,748,5.0
39088,640,5.0
39089,673,3.0
39091,369,4.0
39092,640,4.0
39092,748,4.666666666666667
39093,673,4.0
39096,748,5.0
39097,650,1.0
39098,737,4.0
39098,748,4.0
39098,824,5.0
39101,650,3.0
39103,640,4.0
39104,824,4.0
39105,673,2.0
39107,640,4.0
39107,748,5.0
39108,650,5.0
39108,749,4.0
39110,369,4.0
39111,1166,5.0
39112,824,4.0
39112,841,4.0
39113,640,4.0
39113,737,4.0
39113,749,3.0
39113,824,2.0
39119,481,5.0
39119,640,4.0
39119,650,4.0
39119,673,4.0
39119,748,4.0
39119,824,4.0
39123,1278,5.0
39129,640,4.0
39130,673,5.0
39130,824,4.0
39133,1171,4.0
39136,1297,4.666666666666667
39137,640,5.0
39138,841,5.0
39139,640,4.0
39140,640,3.0
39140,748,4.0
39140,749,3.0
39143,640,4.0
39144,737,5.0
39149,748,4.0
39158,640,4.0
39158,748,3.0
39159,1171,5.0
39161,1133,5.0
39163,748,2.0
39164,640,4.0
39164,1171,4.0
39165,737,4.0
39166,841,4.0
39169,640,4.0
39171,650,5.0
39172,841,4.0
39173,369,5.0
39175,748,3.0
39178,1166,5.0
39181,1278,5.0
39184,748,4.0
39185,748,4.0
39188,737,4.0
39192,1278,3.5
39195,841,4.0
39197,1171,3.5
39198,640,5.0
39198,841,5.0
39202,640,2.0
39207,640,2.0
39208,748,4.0
39212,748,5.0
39214,640,3.0
39215,640,4.0
39218,640,4.0
39218,824,2.0
39220,369,4.0
39222,1133,5.0
39226,748,5.0
39228,841,3.0
39233,640,4.0
39233,748,4.0
39233,749,5.0
39234,748,3.0
39237,841,4.0
39241,640,4.0
39242,481,5.0
39243,1171,5.0
39244,369,3.0
39244,640,3.0
39244,737,3.0
39244,841,3.0
39246,1166,5.0
39247,640,5.0
39248,640,4.0
39249,1171,4.666666666666667
39251,640,3.0
39253,369,2.0
39253,841,5.0
39257,640,5.0
39257,748,4.0
39258,841,3.0
39259,1280,4.0
39260,913,3.0
39264,640,5.0
39269,640,5.0
39270,748,5.0
39279,640,3.0
39281,640,4.0
39281,1220,5.0
39282,640,1.0
39283,369,3.0
39290,748,4.0
39293,481,4.0
39295,841,5.0
39296,481,5.0
39300,1171,5.0
39303,1297,3.0
39306,640,4.0
39306,749,3.0
39311,913,4.0
39315,824,5.0
39319,481,5.0
39320,640,2.0
39326,824,4.0
39329,640,5.0
39329,748,3.0
39330,841,5.0
39332,888,5.0
39334,748,4.0
39335,748,3.0
39335,749,3.0
39336,737,4.0
39336,824,4.0
39339,640,5.0
39339,673,5.0
39339,748,5.0
39340,888,5.0
39347,1280,5.0
39349,369,5.0
39351,1171,3.0
39352,640,4.0
39353,1137,1.0
39354,640,4.0
39361,673,5.0
39369,640,5.0
39370,824,3.0
39371,640,3.0
39371,824,4.0
39372,650,5.0
39377,824,4.0
39380,640,5.0
39386,841,5.0
39388,824,1.0
39389,748,5.0
39390,640,5.0
39391,369,1.0
39391,640,1.0
39391,748,5.0
39391,841,4.0
39393,640,5.0
39395,737,1.0
39396,1280,4.111111111111111
39397,640,4.0
39398,1278,5.0
39399,841,4.0
39401,841,5.0
39403,640,5.0
39404,1278,4.0
39406,737,5.0
39406,749,4.0
39406,1238,5.0
39407,640,4.0
39410,748,4.0
39412,640,5.0
39413,640,5.0
39421,640,2.0
39422,748,4.0
39422,749,4.0
39423,640,5.0
39424,640,4.0
39424,748,5.0
39425,1225,4.0
39426,369,4.0
39427,640,5.0
39429,748,5.0
39429,824,4.0
39434,640,5.0
39434,748,4.0
39436,369,1.0
39436,640,4.0
39439,640,5.0
39439,650,3.0
39439,749,5.0
39443,369,1.0
39445,841,5.0
39454,640,5.0
39454,749,5.0
39455,824,5.0
39455,841,5.0
39456,748,4.0
39457,841,5.0
39458,481,5.0
39458,640,4.0
39458,749,4.0
39459,1225,4.666666666666667
39460,888,4.0
39461,640,5.0
39463,737,5.0
39464,640,5.0
39464,737,5.0
39466,650,3.0
39474,640,5.0
39477,369,3.0
39479,1297,3.0
39481,1171,4.125
39483,1297,4.0
39485,1278,4.0
39488,824,5.0
39491,1133,5.0
39493,650,4.0
39494,1278,5.0
39497,640,1.0
39498,650,4.0
39498,749,5.0
39504,369,2.0
39504,640,5.0
39505,1278,4.666666666666667
39508,824,4.0
39515,481,5.0
39516,673,4.0
39524,737,3.0
39526,913,5.0
39529,640,5.0
39530,749,2.0
39532,824,3.0
39532,1171,3.857142857142857
39536,673,5.0
39538,640,1.0
39538,748,5.0
39542,640,4.0
39544,748,4.0
39545,737,4.0
39546,640,5.0
39546,748,5.0
39551,749,4.0
39552,748,5.0
39553,748,4.0
39555,481,5.0
39556,650,5.0
39556,841,5.0
39561,1133,5.0
39563,640,5.0
39565,737,4.0
39568,640,5.0
39568,748,5.0
39574,841,5.0
39576,1133,4.0
39577,650,4.0
39584,748,3.0
39584,824,5.0
39586,841,5.0
39588,481,4.0
39588,824,4.0
39589,1297,4.0
39593,1137,4.0
39594,1166,4.0
39601,1297,5.0
39602,748,5.0
39603,650,5.0
39604,640,5.0
39607,1171,4.0
39608,1280,4.0
39611,640,5.0
39615,650,5.0
39615,824,5.0
39616,369,4.0
39616,640,4.0
39616,650,4.0
39616,748,5.0
39618,640,4.0
39619,737,3.0
39621,369,1.0
39623,737,4.0
39623,824,4.0
39624,737,5.0
39624,1220,5.0
39631,640,4.0
39634,1166,5.0
39637,640,5.0
39638,640,5.0
39639,1171,4.0
39641,748,4.0
39646,748,4.0
39650,824,4.0
39665,824,5.0
39668,650,5.0
39670,640,5.0
39671,1278,4.0
39672,369,5.0
39672,640,5.0
39672,650,3.0
39675,1280,3.0
39679,1278,5.0
39682,748,3.0
39686,369,3.0
39688,920,3.0
39688,1220,4.5
39689,369,4.0
39692,640,4.0
39694,1297,2.0
39695,640,5.0
39697,369,4.0
39699,749,4.0
39701,640,4.0
39709,1166,3.5
39711,737,5.0
39711,824,5.0
39717,737,4.0
39719,640,5.0
39721,640,3.0
39723,640,5.0
39724,1225,4.0
39725,841,4.0
39726,640,5.0
39727,650,4.0
39728,650,3.0
39733,673,4.0
39737,1166,4.0
39738,640,5.0
39744,640,4.0
39744,748,5.0
39746,1297,5.0
39749,1297,5.0
39750,369,3.0
39750,640,4.0
39755,841,5.0
39758,748,5.0
39760,650,5.0
39760,1280,3.0
39765,737,5.0
39769,1297,3.0
39772,369,4.0
39772,737,4.0
39775,673,4.0
39775,737,5.0
39775,1297,3.5
39777,737,5.0
39779,650,4.0
39783,481,3.0
39785,640,4.0
39786,640,3.0
39789,737,5.0
39790,888,4.0
39790,913,3.0
39790,949,5.0
39800,640,5.0
39803,673,5.0
39812,841,5.0
39814,369,2.0
39814,640,4.0
39814,824,2.0
39814,1225,5.0
39817,1278,4.0
39819,640,5.0
39821,369,1.0
39823,640,5.0
39827,737,4.0
39839,650,5.0
39846,481,5.0
39847,841,5.0
39849,369,4.0
39849,481,5.0
39850,888,5.0
39854,1278,5.0
39856,369,5.0
39856,640,5.0
39858,841,4.0
39861,748,5.0
39863,640,4.0
39864,640,4.0
39864,650,5.0
39864,737,4.0
39865,640,5.0
39865,650,4.0
39866,650,4.0
39868,737,2.0
39870,737,3.0
39871,1171,5.0
39874,673,4.0
39875,650,4.0
39875,1166,4.0
39876,737,5.0
39877,650,5.0
39877,748,4.0
39877,841,5.0
39879,481,5.0
39880,877,4.0
39883,673,4.0
39885,737,5.0
39886,673,5.0
39891,748,3.0
39891,841,5.0
39892,737,4.0
39892,749,4.0
39893,748,5.0
39893,749,5.0
39903,640,3.0
39903,748,3.0
39910,824,1.0
39911,640,5.0
39911,737,5.0
39912,841,4.0
39913,640,5.0
39913,737,4.0
39913,749,3.0
39916,640,5.0
39916,824,5.0
39917,748,5.0
39922,673,5.0
39923,1278,3.0
39924,640,5.0
39924,748,5.0
39925,737,5.0
39927,841,5.0
39929,737,5.0
39933,1278,5.0
39937,369,4.0
39937,640,4.0
39937,748,5.0
39941,737,5.0
39941,748,5.0
39942,1280,4.0
39946,1297,3.0
39947,640,5.0
39953,1278,4.0
39956,1171,4.5
39959,369,3.0
39960,841,5.0
39962,1297,1.0
39963,841,5.0
39964,673,4.0
39965,369,3.0
39966,841,5.0
39968,947,5.0
39978,673,3.0
39980,369,3.0
39982,369,4.0
39982,673,5.0
39985,748,4.0
39988,640,5.0
39988,748,4.5
39989,1278,5.0
39990,1278,4.0
39993,841,5.0
39996,824,4.0
39997,824,5.0
39999,640,5.0
40000,640,5.0
40000,748,4.0
40004,640,5.0
40005,640,4.0
40006,640,5.0
40010,640,5.0
40010,748,5.0
40013,749,4.0
40015,640,3.0
40017,737,4.0
40018,824,2.0
40020,640,4.333333333333333
40020,673,3.0
40021,640,5.0
40021,650,4.0
40023,841,5.0
40024,841,5.0
40029,640,4.0
40031,1171,5.0
40032,748,4.0
40035,369,5.0
40035,737,5.0
40037,841,4.0
40040,640,4.0
40040,824,3.0
40041,650,3.0
40043,640,4.0
40048,841,3.0
40050,481,5.0
40052,1137,4.5
40061,640,5.0
40062,369,4.0
40062,841,5.0
40063,640,4.0
40063,748,5.0
40064,841,4.0
40066,748,5.0
40076,640,4.0
40078,737,3.0
40078,824,4.0
40079,640,4.0
40079,748,4.0
40085,1278,4.5
40095,748,5.0
40096,673,3.5
40096,748,3.0
40097,640,3.0
40102,1171,5.0
40108,640,5.0
40116,640,5.0
40119,640,5.0
40121,737,5.0
40121,748,5.0
40121,824,5.0
40125,1297,3.0
40131,481,4.0
40133,640,5.0
40133,748,3.0
40133,824,4.0
40134,749,3.0
40136,369,5.0
40136,640,3.0
40139,640,5.0
40142,748,4.0
40148,640,2.0
40153,1297,5.0
40158,640,3.0
40158,748,5.0
40160,749,4.0
40165,748,3.0
40167,673,3.0
40167,824,4.0
40168,650,5.0
40169,824,5.0
40171,640,5.0
40174,841,4.0
40175,640,5.0
40175,748,5.0
40175,749,4.0
40176,640,4.0
40176,748,3.0
40177,748,5.0
40177,824,5.0
40179,737,1.0
40180,481,3.0
40180,640,4.0
40180,748,3.0
40181,640,4.0
40182,737,4.0
40182,824,4.0
40184,748,5.0
40187,640,3.0
40187,737,4.0
40187,748,4.0
40189,749,2.0
40190,824,4.0
40191,1280,4.0
40196,369,3.0
40197,640,4.0
40197,748,5.0
40199,841,5.0
40201,824,4.0
40204,841,5.0
40207,749,3.0
40208,481,4.0
40208,749,5.0
40212,640,4.0
40213,841,5.0
40215,369,5.0
40216,749,5.0
40217,1225,5.0
40218,841,4.0
40223,888,5.0
40226,748,5.0
40233,1220,4.0
40240,640,4.0
40240,673,4.0
40242,947,5.0
40242,1278,4.25
40243,1278,5.0
40245,640,3.0
40247,640,5.0
40249,748,5.0
40251,640,5.0
40252,640,4.0
40253,640,3.0
40253,841,5.0
40255,673,5.0
40256,841,5.0
40257,824,5.0
40260,824,5.0
40264,737,4.0
40264,824,4.0
40267,640,5.0
40268,841,5.0
40273,481,4.0
40273,673,5.0
40273,748,1.0
40274,369,3.0
40275,640,5.0
40275,748,4.0
40276,737,5.0
40281,640,5.0
40283,737,3.0
40284,640,5.0
40284,748,5.0
40284,749,5.0
40287,1278,5.0
40288,640,5.0
40295,640,4.0
40296,640,4.0
40296,841,5.0
40302,640,5.0
40305,369,2.0
40305,650,5.0
40306,369,3.0
40306,737,5.0
40306,824,5.0
40317,481,5.0
40319,841,4.0
40320,824,5.0
40324,369,3.0
40325,1278,5.0
40327,369,4.0
40329,1278,4.5
40330,481,5.0
40334,673,5.0
40336,841,5.0
40337,640,5.0
40338,841,5.0
40343,841,5.0
40344,1171,4.0
40345,1166,3.0
40347,1297,4.6
40348,1297,5.0
40351,824,3.0
40353,1171,5.0
40361,841,5.0
40362,369,4.0
40363,824,3.0
40366,640,5.0
40366,841,5.0
40369,748,5.0
40370,824,4.0
40370,1238,5.0
40371,640,5.0
40371,749,4.0
40377,481,4.0
40378,650,4.0
40383,888,5.0
40385,913,5.0
40386,748,5.0
40389,748,5.0
40391,841,5.0
40398,737,5.0
40403,640,5.0
40406,1220,3.0
40407,1166,4.0
40409,920,4.0
40409,1297,4.0
40411,748,4.0
40412,640,5.0
40416,824,5.0
40417,748,3.0
40417,749,4.0
40420,1133,5.0
40423,369,5.0
40426,947,5.0
40427,640,3.0
40434,841,5.0
40435,640,4.0
40436,640,5.0
40445,897,4.0
40445,937,4.0
40447,1297,3.5
40451,748,3.0
40454,640,4.0
40456,481,3.0
40459,888,5.0
40461,1166,4.666666666666667
40462,369,5.0
40468,748,4.0
40469,650,4.0
40471,650,5.0
40471,1278,5.0
40473,640,3.0
40474,737,4.0
40477,1166,4.4
40479,824,5.0
40480,841,4.0
40482,824,4.0
40484,1171,5.0
40488,737,5.0
40491,824,3.0
40492,640,5.0
40497,640,4.666666666666667
40497,673,5.0
40499,737,5.0
40500,737,3.0
40503,640,4.0
40505,640,3.0
40509,748,5.0
40511,650,3.0
40512,369,4.0
40516,481,2.0
40516,640,5.0
40516,673,2.0
40518,650,5.0
40520,737,2.0
40526,841,4.0
40530,824,4.0
40531,369,3.0
40531,640,3.0
40531,748,4.0
40531,749,5.0
40532,481,2.0
40536,737,4.0
40536,824,5.0
40537,841,5.0
40539,640,3.0
40540,737,3.0
40545,824,2.0
40546,824,5.0
40549,673,5.0
40550,748,5.0
40551,640,5.0
40551,748,4.0
40555,1171,3.0
40562,640,5.0
40562,841,5.0
40563,1133,5.0
40566,650,3.0
40566,841,5.0
40567,640,4.0
40567,841,5.0
40568,1171,3.0
40571,975,5.0
40578,640,4.0
40579,748,5.0
40582,640,5.0
40582,748,3.0
40586,1278,5.0
40592,650,5.0
40592,737,5.0
40593,640,4.0
40593,673,2.0
40593,749,3.0
40593,841,5.0
40594,1171,4.0
40596,369,3.0
40596,481,4.0
40596,640,5.0
40596,673,5.0
40596,737,5.0
40596,748,4.0
40596,841,5.0
40597,673,5.0
40598,640,2.0
40601,841,5.0
40607,481,5.0
40607,737,3.0
40610,841,4.5
40613,640,4.0
40615,369,4.0
40617,737,5.0
40619,640,4.0
40619,737,4.0
40629,1171,4.0
40635,673,4.0
40638,640,4.0
40640,640,5.0
40640,748,3.0
40645,749,4.0
40646,824,4.0
40651,841,5.0
40654,640,3.0
40654,748,3.0
40655,673,4.0
40655,737,3.0
40661,841,5.0
40669,640,4.0
40670,841,5.0
40671,481,4.0
40680,640,5.0
40680,749,5.0
40680,824,5.0
40682,650,3.0
40682,748,4.0
40683,1171,4.5
40684,749,3.0
40686,841,5.0
40687,824,4.0
40688,640,5.0
40691,673,5.0
40692,640,5.0
40694,841,5.0
40695,650,4.0
40695,737,4.0
40695,748,4.0
40696,1171,4.0
40697,481,5.0
40698,1278,5.0
40699,824,5.0
40700,737,5.0
40702,640,5.0
40703,841,5.0
40704,737,4.0
40705,369,5.0
40706,640,5.0
40707,673,5.0
40708,1133,5.0
40709,640,4.0
40710,841,5.0
40712,640,3.0
40714,640,4.0
40717,650,5.0
40717,673,5.0
40718,369,3.0
40719,640,5.0
40720,640,5.0
40720,673,4.0
40722,841,5.0
40724,640,5.0
40724,748,5.0
40725,737,5.0
40725,748,5.0
40726,640,5.0
40727,824,5.0
40732,748,2.0
40735,640,5.0
40735,673,3.0
40738,673,5.0
40739,749,4.0
40740,841,5.0
40741,841,5.0
40748,650,5.0
40748,1166,4.0
40749,640,4.0
40751,640,1.0
40753,640,4.0
40753,1297,3.0
40755,748,4.0
40755,1166,4.0
40756,673,5.0
40758,650,4.0
40760,369,3.0
40761,640,4.0
40761,749,3.0
40764,640,4.0
40765,841,5.0
40766,640,4.5
40766,650,4.0
40766,737,5.0
40769,841,5.0
40780,841,5.0
40785,748,4.0
40786,640,5.0
40786,748,5.0
40787,650,4.0
40788,824,4.0
40789,650,4.0
40790,748,4.0
40791,650,5.0
40795,369,3.0
40796,841,5.0
40797,369,5.0
40797,673,3.0
40797,841,5.0
40804,1297,4.0
40805,1297,3.0
40806,640,4.0
40806,841,5.0
40810,640,5.0
40814,841,5.0
40816,748,4.0
40817,841,5.0
40818,640,3.0
40820,748,4.0
40820,841,4.0
40821,748,4.0
40822,640,5.0
40824,673,4.0
40824,841,5.0
40829,481,5.0
40830,650,4.0
40831,749,5.0
40831,824,4.0
40833,640,5.0
40833,748,4.0
40833,749,3.0
40833,841,3.0
40834,650,5.0
40835,1278,5.0
40838,650,3.0
40839,737,4.0
40843,673,5.0
40849,640,5.0
40851,841,5.0
40855,841,5.0
40856,841,5.0
40857,841,4.0
40859,650,5.0
40862,841,5.0
40863,841,4.0
40865,650,4.0
40868,640,5.0
40869,841,5.0
40871,824,5.0
40872,481,4.0
40874,1297,4.0
40876,640,2.0
40877,1220,5.0
40880,841,4.5
40881,640,5.0
40882,640,5.0
40884,640,4.0
40885,673,3.0
40887,824,4.0
40889,748,5.0
40890,841,5.0
40892,841,5.0
40893,673,2.0
40894,369,5.0
40894,841,5.0
40895,640,5.0
40896,640,4.0
40898,640,5.0
40898,824,5.0
40900,640,5.0
40900,737,4.0
40906,640,5.0
40909,481,5.0
40911,640,3.0
40912,640,4.666666666666667
40912,748,4.0
40912,749,5.0
40912,841,5.0
40914,841,5.0
40918,640,5.0
40918,748,5.0
40923,650,2.0
40924,640,5.0
40924,650,5.0
40924,673,3.0
40924,748,5.0
40926,748,3.0
40928,640,5.0
40928,749,5.0
40929,841,5.0
40936,748,5.0
40937,369,1.0
40939,640,3.0
40939,737,4.0
40942,650,5.0
40945,737,5.0
40945,824,5.0
40946,481,5.0
40949,749,5.0
40954,640,2.0
40954,673,2.0
40954,748,4.0
40954,749,4.0
40963,748,5.0
40969,481,5.0
40975,1171,4.222222222222222
40976,640,5.0
40976,748,5.0
40986,841,5.0
40987,481,4.0
40988,748,5.0
40991,737,4.0
40991,748,4.0
40991,824,5.0
40992,369,4.0
40992,824,5.0
40994,369,1.0
40997,748,4.0
41000,888,5.0
41001,481,4.0
41001,640,5.0
41002,650,5.0
41002,737,5.0
41002,824,4.0
41003,481,4.0
41003,737,4.0
41003,748,3.0
41012,640,4.5
41012,748,5.0
41014,650,4.0
41017,369,5.0
41017,841,5.0
41018,824,5.0
41024,841,5.0
41025,841,5.0
41026,369,3.0
41030,640,5.0
41032,369,2.0
41040,748,5.0
41040,824,2.0
41046,481,4.0
41046,841,4.0
41048,650,2.0
41048,1166,2.5
41049,748,5.0
41049,897,5.0
41050,640,3.0
41050,748,4.0
41050,824,4.0
41054,737,4.0
41060,650,2.0
41063,640,5.0
41065,824,3.0
41067,748,4.0
41068,737,5.0
41071,640,5.0
41074,748,4.0
41074,749,4.0
41075,1171,3.5
41077,640,4.0
41079,640,5.0
41079,748,4.0
41084,824,5.0
41086,841,5.0
41087,640,4.0
41089,841,5.0
41091,640,4.0
41095,650,4.0
41104,749,5.0
41105,673,5.0
41105,824,4.0
41105,841,4.0
41106,841,5.0
41107,748,3.0
41109,481,3.0
41110,369,4.0
41110,481,3.0
41111,673,4.0
41111,824,4.0
41118,640,5.0
41118,737,4.0
41119,824,5.0
41119,841,5.0
41121,1166,4.0
41122,673,5.0
41124,748,4.0
41126,640,4.0
41126,748,2.0
41128,640,5.0
41129,640,4.0
41129,748,5.0
41131,369,5.0
41132,640,5.0
41134,640,4.0
41134,748,4.0
41134,749,4.0
41135,640,4.0
41136,640,5.0
41139,369,4.0
41139,640,5.0
41139,749,4.0
41142,748,5.0
41144,640,5.0
41151,841,5.0
41155,640,5.0
41157,640,5.0
41157,748,5.0
41157,749,5.0
41159,947,4.0
41165,1171,4.666666666666667
41166,748,5.0
41170,748,4.0
41171,1166,3.0
41172,841,5.0
41176,841,5.0
41177,640,4.0
41177,650,4.0
41178,640,3.0
41180,748,5.0
41183,369,3.0
41183,640,5.0
41183,673,4.0
41183,748,5.0
41183,749,5.0
41190,640,5.0
41190,748,3.5
41190,841,5.0
41197,1225,5.0
41198,749,5.0
41200,841,4.0
41203,640,5.0
41212,369,1.0
41212,824,4.0
41213,369,4.0
41213,650,5.0
41215,748,4.0
41218,640,5.0
41218,748,5.0
41218,749,5.0
41220,1166,3.3333333333333335
41221,1297,5.0
41222,824,5.0
41222,841,5.0
41223,640,1.0
41224,640,5.0
41225,640,5.0
41225,824,3.0
41226,640,4.0
41230,748,3.0
41236,841,5.0
41239,640,5.0
41242,650,4.5
41244,841,4.0
41245,640,3.0
41246,673,2.0
41247,640,4.0
41251,748,1.0
41252,841,5.0
41253,640,5.0
41254,650,5.0
41254,841,4.0
41255,841,5.0
41256,640,5.0
41257,640,5.0
41257,737,5.0
41258,369,1.0
41258,640,5.0
41258,673,1.0
41258,748,4.0
41260,640,4.5
41260,748,2.0
41262,673,4.0
41262,737,2.0
41264,1171,4.0
41268,640,5.0
41269,1238,3.6666666666666665
41273,749,5.0
41274,841,5.0
41277,650,3.0
41279,640,4.0
41287,640,4.0
41287,748,5.0
41291,841,5.0
41292,748,5.0
41293,748,4.0
41297,650,4.0
41298,640,4.0
41306,650,5.0
41309,481,4.0
41310,1171,4.333333333333333
41311,650,5.0
41316,640,5.0
41316,824,5.0
41316,841,3.0
41318,369,2.0
41318,481,3.0
41318,640,4.0
41319,673,5.0
41320,841,5.0
41323,640,5.0
41323,737,5.0
41323,749,5.0
41326,481,4.0
41328,841,5.0
41332,748,3.0
41333,481,5.0
41333,824,4.0
41335,1171,5.0
41336,1278,3.5
41343,640,4.0
41343,748,5.0
41343,841,4.0
41345,673,4.0
41350,673,1.0
41352,640,5.0
41352,841,5.0
41356,841,5.0
41358,640,5.0
41359,640,4.0
41359,673,5.0
41359,824,4.0
41360,841,5.0
41362,841,5.0
41363,841,4.0
41367,824,3.0
41369,640,3.0
41369,737,1.0
41369,748,4.0
41370,640,4.0
41374,1166,3.5
41376,640,3.0
41376,841,5.0
41378,640,5.0
41378,749,5.0
41379,650,5.0
41380,673,5.0
41382,640,4.0
41382,841,5.0
41385,640,5.0
41389,640,4.0
41389,749,4.0
41390,481,4.0
41390,841,5.0
41392,748,4.0
41394,1171,5.0
41396,650,4.0
41398,841,5.0
41400,640,4.0
41401,673,4.0
41403,640,5.0
41403,748,4.0
41406,650,5.0
41409,749,3.0
41410,1225,4.0
41413,481,4.0
41414,650,5.0
41422,640,4.0
41427,640,5.0
41427,673,5.0
41432,640,5.0
41442,640,4.0
41442,673,4.0
41442,748,4.0
41442,749,4.0
41442,824,4.0
41443,481,4.0
41445,640,4.0
41445,749,5.0
41446,481,4.0
41448,650,3.0
41450,673,5.0
41456,737,4.0
41457,640,4.0
41458,748,5.0
41458,749,4.0
41464,640,3.0
41464,841,5.0
41465,824,3.0
41466,1297,3.0
41467,481,4.0
41470,749,4.0
41470,1171,4.0
41473,481,5.0
41474,824,4.0
41475,640,3.0
41475,673,5.0
41476,640,3.0
41479,650,3.0
41480,640,3.0
41480,650,4.0
41487,640,4.0
41487,737,3.0
41494,748,4.0
41494,1297,3.0
41497,481,5.0
41497,748,5.0
41497,1166,5.0
41498,369,4.0
41498,841,5.0
41502,673,4.0
41508,640,5.0
41509,748,4.0
41510,841,5.0
41511,640,4.0
41516,481,5.0
41518,640,4.0
41524,640,4.333333333333333
41525,748,4.0
41528,737,5.0
41529,369,2.0
41530,841,5.0
41531,640,4.0
41532,673,3.0
41537,650,5.0
41539,748,5.0
41543,748,4.0
41549,640,5.0
41549,824,5.0
41551,481,5.0
41554,673,5.0
41557,640,4.0
41558,841,5.0
41559,640,4.0
41562,824,4.0
41562,841,5.0
41564,1278,3.0
41565,640,4.0
41565,824,4.0
41569,841,5.0
41570,841,4.0
41571,640,4.0
41572,841,5.0
41573,841,5.0
41574,841,5.0
41575,640,4.0
41575,748,3.0
41576,748,3.0
41579,369,5.0
41580,640,5.0
41580,748,5.0
41587,640,5.0
41588,640,3.0
41589,640,2.0
41589,650,5.0
41589,824,3.0
41590,841,5.0
41592,640,4.0
41593,841,5.0
41594,650,3.0
41598,1297,3.0
41599,841,5.0
41600,369,1.0
41602,1280,3.3333333333333335
41603,841,5.0
41605,640,5.0
41607,481,4.0
41612,1238,5.0
41614,841,5.0
41617,737,4.0
41620,824,5.0
41620,841,4.0
41624,640,5.0
41625,640,3.0
41625,748,4.0
41627,481,4.0
41627,640,5.0
41629,640,5.0
41631,748,5.0
41631,749,5.0
41637,1171,4.0
41638,737,5.0
41640,920,3.0
41641,650,5.0
41643,841,1.0
41644,369,2.0
41645,650,3.0
41646,369,4.0
41650,841,5.0
41652,369,1.0
41653,841,5.0
41654,841,4.0
41657,481,4.0
41657,640,5.0
41657,841,4.666666666666667
41659,640,5.0
41659,650,2.0
41661,673,1.0
41661,749,1.0
41663,640,4.0
41663,748,4.0
41665,640,4.0
41665,841,5.0
41667,640,5.0
41667,824,5.0
41667,841,4.0
41670,481,5.0
41671,640,4.0
41675,1166,3.5
41678,748,2.0
41679,877,5.0
41682,640,5.0
41684,1171,4.0
41686,640,5.0
41686,650,5.0
41687,640,4.0
41687,748,5.0
41687,841,5.0
41693,841,5.0
41695,640,3.0
41697,640,4.0
41697,650,3.0
41697,748,4.0
41700,640,5.0
41701,640,5.0
41703,640,4.0
41707,640,4.5
41711,369,2.0
41712,673,2.0
41714,640,5.0
41717,749,4.0
41719,673,4.0
41720,640,3.0
41720,737,4.0
41723,748,5.0
41725,841,3.0
41727,369,3.0
41729,650,1.0
41729,673,4.0
41734,888,5.0
41734,947,5.0
41736,1171,5.0
41737,1297,5.0
41738,1278,4.8
41739,1133,5.0
41742,748,1.0
41743,888,5.0
41749,640,5.0
41754,824,3.0
41757,1171,4.0
41758,640,3.0
41759,650,4.0
41763,640,3.0
41763,673,1.0
41763,749,3.0
41775,640,5.0
41776,748,5.0
41777,369,4.0
41777,640,5.0
41783,640,4.0
41783,737,5.0
41785,1278,1.0
41789,640,4.0
41791,737,4.0
41794,841,4.0
41796,1278,5.0
41797,481,5.0
41797,737,5.0
41798,673,4.0
41803,841,4.0
41804,640,5.0
41804,748,5.0
41807,1171,3.0
41808,824,5.0
41810,737,4.0
41813,481,5.0
41816,737,5.0
41816,841,5.0
41818,650,5.0
41819,640,5.0
41819,841,5.0
41820,749,4.0
41832,841,5.0
41834,749,4.0
41837,640,5.0
41838,749,3.0
41839,640,4.0
41839,748,5.0
41842,841,4.0
41844,650,4.0
41846,481,5.0
41847,640,4.0
41848,841,4.0
41853,824,5.0
41853,841,5.0
41856,1238,3.0
41857,1297,3.0
41862,369,2.0
41869,841,5.0
41873,369,5.0
41880,369,3.0
41882,640,5.0
41884,640,4.0
41886,640,4.0
41888,673,4.0
41890,737,4.0
41890,748,4.0
41895,824,5.0
41895,1166,3.857142857142857
41896,640,1.0
41902,673,3.0
41905,1297,4.0
41907,640,5.0
41908,640,4.0
41908,748,5.0
41909,481,5.0
41912,841,5.0
41915,673,2.0
41919,481,5.0
41920,737,4.0
41920,748,5.0
41920,749,4.0
41922,640,5.0
41923,748,2.0
41924,737,5.0
41926,673,2.0
41927,749,5.0
41927,824,5.0
41929,640,4.0
41929,650,5.0
41929,824,5.0
41932,650,4.0
41933,841,5.0
41939,481,5.0
41940,673,5.0
41943,640,3.0
41946,650,2.0
41948,640,5.0
41949,841,5.0
41953,673,4.0
41953,824,4.0
41958,737,5.0
41964,841,4.0
41966,1220,4.5
41969,673,3.0
41972,650,5.0
41973,640,4.0
41978,841,4.0
41979,640,5.0
41980,640,5.0
41983,640,4.0
41983,737,4.0
41983,749,4.0
41983,824,5.0
41984,369,4.0
41984,640,5.0
41990,748,4.0
41990,749,2.0
41994,640,5.0
41994,841,4.0
41997,481,3.0
41998,640,5.0
42006,640,4.0
42006,748,5.0
42011,640,5.0
42011,673,3.0
42016,841,5.0
42019,824,1.0
42026,1297,1.0
42027,640,5.0
42032,1166,1.0
42037,640,4.0
42038,640,4.0
42040,650,4.0
42043,640,5.0
42044,824,4.0
42044,841,4.0
42047,640,5.0
42048,481,5.0
42050,673,3.5
42050,748,5.0
42050,841,5.0
42052,369,2.0
42054,650,1.0
42057,640,5.0
42057,748,5.0
42057,888,5.0
42059,673,5.0
42060,673,5.0
42063,824,5.0
42064,841,4.0
42065,1166,3.0
42066,1280,5.0
42068,737,3.0
42068,824,4.0
42072,841,5.0
42074,841,4.5
42076,640,4.0
42076,673,4.0
42076,737,5.0
42076,748,3.0
42076,824,4.0
42078,748,5.0
42079,650,2.0
42079,737,3.0
42080,737,5.0
42080,748,5.0
42080,824,2.0
42083,737,4.0
42083,824,5.0
42087,748,3.0
42089,640,5.0
42092,369,5.0
42092,640,5.0
42094,640,5.0
42106,640,4.0
42109,749,3.0
42111,673,4.0
42112,748,4.0
42113,841,5.0
42115,369,3.0
42115,481,4.0
42116,481,5.0
42122,824,4.0
42124,673,4.0
42126,824,4.0
42128,824,5.0
42130,841,4.0
42131,1278,3.6666666666666665
42134,841,5.0
42139,640,3.0
42139,650,3.0
42140,640,5.0
42141,369,5.0
42141,650,4.0
42141,673,3.0
42144,877,3.0
42144,888,5.0
42146,673,5.0
42147,481,5.0
42152,737,5.0
42153,888,5.0
42154,640,4.0
42154,650,5.0
42154,749,5.0
42156,737,5.0
42159,369,2.0
42159,640,4.0
42159,737,5.0
42159,824,4.0
42161,650,4.0
42161,748,1.0
42167,650,5.0
42169,748,5.0
42173,748,5.0
42176,650,5.0
42177,481,5.0
42178,824,5.0
42181,640,5.0
42181,749,4.0
42184,640,4.0
42189,841,5.0
42191,841,4.5
42192,841,4.0
42197,841,5.0
42200,673,3.0
42201,1278,5.0
42205,640,4.0
42206,737,3.0
42210,841,4.0
42214,824,4.0
42217,824,5.0
42218,824,4.0
42221,673,5.0
42222,1171,4.333333333333333
42223,1166,3.772727272727273
42226,841,4.0
42227,824,5.0
42228,640,4.0
42232,640,3.0
42234,650,4.0
42234,749,2.0
42234,841,5.0
42236,640,5.0
42236,749,4.0
42237,749,2.0
42238,650,2.0
42244,640,4.0
42246,640,4.5
42247,650,5.0
42248,640,4.0
42249,749,5.0
42251,640,5.0
42254,640,1.0
42255,481,5.0
42256,640,5.0
42259,640,4.0
42259,748,5.0
42262,841,5.0
42265,737,5.0
42266,1278,5.0
42271,369,3.0
42271,673,3.0
42272,640,4.0
42273,640,5.0
42273,650,1.0
42275,1166,2.0
42276,748,3.0
42276,749,3.0
42277,650,4.0
42278,640,5.0
42279,841,5.0
42281,841,5.0
42282,650,4.0
42282,748,4.0
42283,640,5.0
42284,640,4.0
42285,824,4.0
42290,1280,4.0
42293,640,4.0
42297,640,5.0
42301,748,4.0
42305,841,5.0
42307,650,3.0
42307,673,3.0
42307,737,3.0
42307,824,4.0
42309,888,5.0
42310,748,4.0
42311,640,5.0
42313,640,5.0
42315,640,3.0
42315,737,3.0
42317,841,5.0
42318,841,5.0
42319,841,5.0
42320,824,4.0
42328,841,5.0
42329,640,4.0
42331,369,4.0
42331,640,3.5
42331,737,4.0
42331,748,4.5
42331,824,5.0
42333,481,4.0
42334,841,1.0
42336,1220,5.0
42339,640,5.0
42342,650,4.0
42343,748,5.0
42344,841,5.0
42347,369,4.0
42348,640,5.0
42349,640,5.0
42349,748,5.0
42350,640,5.0
42351,1166,5.0
42355,369,2.0
42355,640,4.0
42356,748,5.0
42363,369,4.0
42367,1297,4.0
42369,824,4.0
42377,841,5.0
42378,748,3.0
42379,640,5.0
42379,748,5.0
42383,673,3.0
42385,748,5.0
42386,640,4.0
42386,748,5.0
42386,824,5.0
42387,640,3.0
42388,737,4.0
42390,640,5.0
42390,748,4.0
42399,841,5.0
42401,481,3.0
42403,640,4.0
42403,824,5.0
42405,640,3.0
42409,841,5.0
42411,640,3.0
42414,824,3.0
42416,841,4.0
42417,640,5.0
42417,841,5.0
42419,824,5.0
42424,841,4.0
42427,650,4.0
42428,369,4.0
42430,650,5.0
42430,673,5.0
42430,748,5.0
42430,749,5.0
42433,1280,5.0
42436,748,5.0
42442,841,5.0
42443,673,5.0
42445,737,5.0
42449,640,5.0
42449,650,4.0
42449,841,4.0
42451,841,5.0
42458,640,5.0
42462,640,4.0
42462,737,2.0
42464,749,5.0
42465,1166,2.0
42466,640,2.0
42466,673,4.0
42467,640,5.0
42473,640,4.0
42476,369,5.0
42476,737,4.0
42477,640,4.0
42478,640,5.0
42479,673,2.0
42479,749,3.0
42479,841,4.0
42481,640,5.0
42486,640,4.0
42487,841,5.0
42492,673,5.0
42493,640,3.0
42493,841,4.0
42494,673,4.0
42498,737,3.0
42498,841,5.0
42500,640,4.0
42502,748,5.0
42505,1297,3.5
42509,841,5.0
42510,481,5.0
42510,650,5.0
42510,737,5.0
42510,841,5.0
42512,737,4.0
42514,640,5.0
42514,841,5.0
42518,737,4.0
42520,369,5.0
42521,640,4.0
42522,650,2.0
42526,650,5.0
42528,673,5.0
42529,841,5.0
42531,1297,4.0
42533,640,4.0
42535,640,4.0
42537,640,3.0
42538,1220,2.0
42540,748,4.0
42540,1171,3.75
42541,640,4.0
42541,824,5.0
42542,841,5.0
42544,640,4.0
42544,673,4.5
42544,748,4.0
42546,737,5.0
42548,650,5.0
42550,841,4.0
42552,369,5.0
42552,737,5.0
42554,640,3.0
42557,841,5.0
42558,369,4.0
42559,640,5.0
42560,841,5.0
42563,640,5.0
42564,481,2.0
42567,841,4.0
42572,640,5.0
42573,673,4.0
42573,737,5.0
42573,748,5.0
42573,749,3.0
42576,1171,5.0
42577,673,3.0
42578,737,4.0
42584,841,5.0
42585,640,5.0
42586,748,1.0
42588,737,3.0
42590,841,5.0
42591,640,5.0
42598,841,5.0
42600,1171,4.5
42604,737,5.0
42610,640,3.0
42612,481,4.0
42612,640,5.0
42612,737,3.0
42615,640,5.0
42618,748,3.0
42619,748,5.0
42626,841,5.0
42628,841,5.0
42629,673,3.0
42629,748,4.0
42631,640,3.0
42631,748,2.0
42633,737,4.0
42633,824,4.0
42635,1171,3.0
42636,369,4.0
42637,369,1.0
42641,841,5.0
42643,737,4.0
42646,824,4.0
42648,824,3.0
42651,640,4.0
42654,1238,5.0
42656,737,5.0
42656,749,5.0
42662,640,3.0
42662,650,3.0
42663,640,5.0
42664,640,5.0
42667,640,5.0
42669,824,5.0
42672,640,4.0
42673,369,5.0
42673,650,5.0
42673,748,5.0
42673,824,5.0
42673,841,5.0
42676,824,5.0
42680,640,5.0
42682,673,4.0
42692,650,4.0
42697,640,5.0
42698,640,5.0
42698,748,4.0
42698,749,5.0
42699,640,3.0
42699,748,3.0
42704,369,1.0
42705,640,5.0
42705,748,4.0
42707,640,4.0
42709,748,5.0
42711,650,3.0
42711,748,5.0
42711,824,5.0
42712,841,5.0
42713,640,4.0
42714,640,5.0
42717,824,4.0
42723,640,4.0
42733,824,4.0
42735,369,2.0
42735,737,2.0
42736,824,3.0
42740,640,4.0
42746,640,5.0
42746,673,2.0
42747,369,5.0
42747,673,5.0
42747,841,5.0
42752,640,4.0
42755,640,5.0
42756,640,5.0
42757,841,5.0
42761,640,4.0
42765,640,4.0
42765,841,5.0
42767,640,5.0
42768,748,3.0
42772,673,3.0
42773,640,5.0
42773,748,3.0
42773,841,5.0
42774,824,4.0
42776,841,5.0
42777,640,4.0
42778,650,3.0
42788,640,4.0
42790,640,5.0
42793,640,4.0
42795,640,4.0
42795,824,5.0
42799,640,5.0
42801,369,2.0
42801,481,3.0
42801,640,5.0
42801,748,5.0
42802,640,5.0
42803,640,5.0
42806,841,4.0
42808,841,5.0
42810,640,5.0
42812,640,5.0
42813,481,5.0
42815,737,4.0
42817,748,5.0
42817,749,5.0
42817,841,4.0
42825,640,3.0
42828,481,4.0
42830,640,1.0
42830,673,3.0
42830,749,2.0
42831,737,4.0
42832,841,4.0
42833,369,4.0
42833,841,5.0
42834,640,4.0
42834,749,3.0
42836,640,4.0
42838,737,5.0
42839,640,5.0
42839,748,5.0
42839,824,1.0
42842,640,4.0
42846,1297,4.0
42847,640,4.333333333333333
42847,748,4.666666666666667
42850,640,5.0
42852,640,4.0
42852,650,1.0
42854,841,5.0
42858,640,4.0
42860,748,4.0
42862,650,4.0
42864,640,4.0
42865,650,4.0
42866,640,3.0
42868,650,4.0
42874,1171,3.5
42877,841,5.0
42880,640,4.0
42882,673,1.0
42883,369,4.0
42883,737,4.0
42890,369,4.0
42890,640,4.0
42890,749,2.0
42891,748,1.0
42892,650,3.0
42892,841,5.0
42895,369,5.0
42897,841,5.0
42907,748,4.0
42908,824,4.0
42908,841,5.0
42909,640,4.0
42913,640,5.0
42914,824,4.0
42917,737,5.0
42917,749,4.0
42918,673,5.0
42921,640,4.0
42929,1166,4.0
42934,748,4.0
42941,640,1.0
42942,650,5.0
42944,841,5.0
42945,369,3.0
42945,841,5.0
42947,640,5.0
42947,749,3.0
42950,1297,4.5
42952,841,4.0
42955,650,5.0
42956,748,4.0
42958,841,5.0
42961,824,2.0
42965,481,4.0
42968,737,5.0
42970,640,4.0
42974,640,2.0
42977,824,5.0
42979,1278,4.0
42985,481,5.0
42986,640,5.0
42986,650,5.0
42986,673,5.0
42986,737,5.0
42986,748,4.0
42986,749,5.0
42986,1297,3.0
42992,748,5.0
42994,748,4.0
42996,1225,4.0
43004,1133,4.0
43005,748,5.0
43005,841,5.0
43007,737,5.0
43007,824,5.0
43010,748,5.0
43010,749,5.0
43011,640,5.0
43013,369,5.0
43013,824,5.0
43016,841,5.0
43024,737,5.0
43028,841,5.0
43032,640,4.0
43032,749,4.0
43033,737,5.0
43039,1280,4.0
43044,673,5.0
43050,748,3.0
43050,824,5.0
43051,824,5.0
43055,841,5.0
43057,640,5.0
43057,748,3.0
43057,749,3.0
43058,640,5.0
43061,673,5.0
43062,481,5.0
43062,640,5.0
43062,748,4.0
43063,748,2.0
43063,749,2.0
43065,841,5.0
43067,748,5.0
43070,1171,5.0
43072,640,4.0
43072,749,3.0
43076,481,5.0
43079,888,5.0
43082,748,4.0
43082,824,4.0
43084,650,5.0
43085,640,5.0
43085,748,5.0
43089,640,5.0
43090,481,5.0
43093,640,4.0
43094,640,5.0
43094,748,5.0
43095,737,2.0
43100,673,2.0
43103,640,4.0
43104,369,5.0
43104,841,5.0
43107,640,5.0
43109,824,5.0
43111,737,4.0
43111,748,2.0
43111,824,3.0
43121,650,4.5
43123,640,4.0
43123,737,4.0
43123,748,4.0
43127,650,4.5
43130,841,5.0
43131,640,5.0
43132,640,5.0
43133,640,4.0
43133,650,4.0
43133,748,4.0
43133,824,5.0
43136,640,5.0
43138,640,5.0
43139,650,3.0
43139,749,5.0
43140,640,5.0
43142,640,4.0
43145,841,5.0
43147,640,5.0
43147,748,5.0
43152,640,4.0
43153,1297,2.0
43155,640,5.0
43155,748,5.0
43156,481,5.0
43156,673,3.0
43161,369,3.0
43164,673,5.0
43167,1278,4.666666666666667
43168,737,3.0
43168,748,4.0
43171,369,1.0
43172,737,5.0
43173,369,5.0
43176,1238,4.5
43177,841,5.0
43179,841,5.0
43180,824,4.0
43180,841,5.0
43182,1280,5.0
43183,640,5.0
43187,481,5.0
43187,824,4.0
43195,1225,4.0
43197,369,4.0
43199,640,5.0
43200,1220,4.0
43203,1171,4.0
43206,481,5.0
43209,640,4.0
43210,748,4.0
43212,1278,5.0
43213,640,1.0
43214,841,4.0
43220,640,4.0
43223,369,2.0
43224,737,3.0
43225,640,4.0
43228,640,3.0
43230,640,5.0
43230,748,5.0
43231,737,4.0
43233,640,4.0
43233,748,3.0
43233,749,4.0
43237,841,5.0
43242,824,5.0
43242,841,5.0
43244,640,2.0
43245,824,5.0
43247,673,5.0
43249,640,4.0
43249,737,5.0
43249,824,5.0
43251,1171,4.333333333333333
43253,640,4.0
43253,748,3.0
43254,650,4.0
43256,640,5.0
43262,824,3.0
43264,640,5.0
43269,650,3.0
43270,369,3.0
43270,673,3.0
43273,748,1.0
43273,749,2.0
43274,640,4.0
43274,748,5.0
43274,749,2.0
43277,640,5.0
43278,640,5.0
43280,640,3.0
43282,748,5.0
43286,748,3.0
43288,1171,4.0
43290,824,3.0
43295,481,4.0
43297,841,5.0
43298,481,5.0
43298,673,4.0
43300,673,3.0
43303,640,4.0
43304,640,4.0
43304,673,3.0
43304,749,3.0
43305,640,4.0
43305,748,5.0
43306,481,4.0
43306,640,5.0
43307,1297,5.0
43308,841,4.0
43309,640,4.0
43311,640,4.0
43320,748,4.0
43321,640,4.0
43323,841,5.0
43328,640,5.0
43331,748,4.0
43333,737,3.0
43334,748,4.0
43335,640,4.0
43335,841,5.0
43336,737,5.0
43337,640,4.0
43338,748,5.0
43338,749,5.0
43341,640,3.0
43342,1166,4.0
43343,640,5.0
43343,650,5.0
43343,824,5.0
43345,824,4.0
43346,369,4.0
43347,640,5.0
43349,640,5.0
43349,749,3.0
43350,749,4.0
43351,640,4.0
43351,749,3.0
43352,841,4.0
43355,737,5.0
43356,824,4.0
43358,640,5.0
43358,737,5.0
43358,748,5.0
43360,748,4.0
43362,841,5.0
43363,888,5.0
43364,737,4.0
43364,841,5.0
43368,640,5.0
43368,748,4.0
43370,650,4.0
43377,369,1.0
43378,640,5.0
43378,748,5.0
43378,841,5.0
43379,650,5.0
43382,841,5.0
43383,640,5.0
43386,640,3.0
43390,748,5.0
43391,640,5.0
43391,673,2.0
43395,748,5.0
43397,640,4.0
43399,640,4.0
43399,748,4.0
43403,748,5.0
43403,749,3.0
43407,481,5.0
43407,640,4.0
43407,650,4.0
43407,737,5.0
43409,640,5.0
43410,673,5.0
43412,841,5.0
43414,481,4.0
43416,640,5.0
43418,650,4.0
43424,650,5.0
43425,640,5.0
43428,824,5.0
43430,640,5.0
43431,841,4.0
43433,640,5.0
43433,824,5.0
43433,841,5.0
43434,650,4.0
43435,640,4.0
43439,640,4.0
43441,640,1.0
43441,737,1.0
43442,841,5.0
43444,640,3.0
43444,650,3.0
43444,737,5.0
43444,748,4.0
43447,841,5.0
43448,749,4.0
43452,640,5.0
43453,841,5.0
43454,640,5.0
43456,640,4.333333333333333
43456,749,3.0
43458,748,4.0
43461,640,5.0
43465,640,4.0
43467,749,4.0
43469,640,4.0
43470,640,4.0
43471,640,5.0
43478,1166,4.666666666666667
43487,640,5.0
43488,841,5.0
43490,841,5.0
43494,640,5.0
43495,737,4.0
43499,369,3.0
43501,640,5.0
43501,748,3.0
43504,640,5.0
43505,841,5.0
43509,640,4.0
43510,748,4.0
43510,824,3.0
43513,481,5.0
43515,640,4.0
43515,748,5.0
43516,640,5.0
43518,640,4.0
43529,640,5.0
43529,841,4.0
43536,640,4.0
43539,640,4.0
43539,748,4.0
43540,640,4.0
43540,673,3.0
43543,1171,3.5
43544,640,5.0
43545,737,4.0
43549,737,3.0
43549,748,3.0
43554,673,5.0
43559,841,4.0
43563,369,5.0
43563,841,5.0
43564,841,5.0
43569,841,5.0
43571,640,5.0
43571,748,3.0
43572,369,5.0
43572,749,5.0
43580,737,5.0
43580,824,5.0
43582,841,4.0
43585,650,5.0
43586,748,5.0
43586,749,3.0
43590,640,4.0
43592,673,5.0
43593,481,4.0
43594,824,5.0
43596,369,3.0
43599,913,1.0
43599,949,1.0
43601,369,1.0
43602,640,4.0
43603,650,4.0
43608,650,3.0
43611,640,3.0
43611,748,2.0
43611,749,4.0
43618,841,5.0
43619,650,5.0
43623,673,5.0
43624,640,3.0
43625,737,5.0
43629,481,4.0
43630,640,4.0
43632,748,5.0
43636,650,4.0
43636,824,3.0
43641,749,5.0
43642,888,5.0
43643,640,5.0
43652,737,5.0
43652,841,5.0
43653,640,5.0
43654,673,5.0
43655,1166,3.857142857142857
43658,737,3.0
43660,640,4.0
43662,841,5.0
43663,841,5.0
43665,824,4.0
43665,841,5.0
43667,841,4.0
43668,640,5.0
43668,673,3.0
43668,737,5.0
43670,640,5.0
43670,650,4.0
43670,737,5.0
43670,748,5.0
43670,749,5.0
43672,748,3.0
43673,650,4.0
43674,1171,5.0
43675,369,5.0
43675,737,4.0
43676,369,5.0
43677,650,4.0
43677,748,5.0
43680,841,5.0
43682,640,4.0
43683,841,5.0
43684,841,5.0
43686,841,5.0
43688,640,5.0
43690,640,4.0
43690,841,5.0
43694,841,3.0
43695,640,5.0
43695,748,2.0
43698,737,5.0
43698,748,3.0
43699,640,5.0
43699,737,4.0
43700,824,3.0
43700,841,4.0
43701,640,5.0
43706,841,5.0
43707,673,4.0
43709,640,5.0
43713,640,5.0
43713,737,5.0
43714,737,5.0
43714,824,5.0
43715,841,5.0
43716,841,5.0
43717,749,5.0
43720,640,5.0
43722,369,4.0
43722,749,4.0
43722,824,4.0
43722,841,4.0
43724,841,4.0
43730,841,5.0
43731,650,4.0
43732,748,4.0
43733,481,5.0
43733,673,3.5
43733,737,4.0
43733,748,3.0
43734,1166,4.0
43742,640,4.0
43742,650,4.5
43742,748,4.0
43742,841,5.0
43744,369,3.0
43746,650,4.0
43748,841,5.0
43749,640,4.0
43750,640,5.0
43750,748,5.0
43752,640,4.0
43753,841,5.0
43755,749,3.0
43758,1278,2.5
43763,481,5.0
43763,824,4.0
43765,369,2.0
43765,841,5.0
43769,1220,3.0
43770,673,3.0
43770,737,2.0
43771,841,5.0
43773,737,5.0
43773,928,5.0
43774,1171,3.5714285714285716
43776,640,5.0
43778,1133,5.0
43782,640,4.0
43783,640,4.0
43785,640,3.0
43787,824,5.0
43789,673,3.0
43791,975,3.0
43794,369,3.0
43808,640,4.0
43809,1238,5.0
43812,640,4.0
43812,748,5.0
43814,841,5.0
43817,640,5.0
43817,748,5.0
43818,640,5.0
43818,748,4.0
43819,481,3.0
43819,640,5.0
43819,650,5.0
43819,748,5.0
43819,749,4.0
43821,640,5.0
43823,1171,4.333333333333333
43824,841,5.0
43829,640,4.0
43829,749,4.0
43830,824,4.0
43833,640,4.0
43834,640,4.0
43836,640,5.0
43836,650,5.0
43846,673,3.0
43848,640,5.0
43851,640,5.0
43851,673,4.0
43852,640,3.0
43852,749,4.0
43852,824,4.0
43855,481,5.0
43856,640,1.0
43861,1171,5.0
43864,824,4.0
43865,369,4.0
43865,640,4.0
43867,640,5.0
43870,640,4.0
43872,650,2.0
43877,481,1.0
43877,640,5.0
43877,748,5.0
43878,640,4.0
43878,748,4.0
43881,1297,4.0
43882,369,4.0
43882,749,5.0
43882,888,5.0
43882,1166,5.0
43883,748,4.0
43885,640,5.0
43885,650,5.0
43887,640,3.0
43888,650,5.0
43891,640,5.0
43896,640,4.0
43903,481,4.0
43908,748,4.0
43918,748,4.0
43919,841,5.0
43920,748,4.0
43925,640,3.0
43927,481,3.0
43928,841,4.0
43933,841,4.0
43936,737,3.0
43937,1171,4.5
43938,737,4.0
43940,640,5.0
43940,673,3.0
43940,841,5.0
43941,640,5.0
43942,824,3.0
43945,640,4.0
43945,841,5.0
43946,749,3.0
43947,650,5.0
43949,748,5.0
43951,824,3.0
43952,640,3.0
43953,640,4.0
43954,481,3.0
43954,640,3.0
43954,748,3.0
43954,749,4.0
43955,640,4.0
43955,748,4.0
43958,1278,4.0
43959,1278,4.0
43961,888,5.0
43963,640,5.0
43966,640,4.0
43966,673,4.0
43975,640,5.0
43975,748,4.0
43975,749,4.0
43980,737,4.0
43986,748,3.0
43987,673,5.0
43989,640,5.0
43991,481,4.0
43991,640,4.5
43991,737,4.0
43991,748,4.5
43991,824,5.0
43991,841,5.0
43992,481,5.0
43992,650,5.0
43992,841,5.0
43993,640,4.0
43993,824,4.0
43995,841,5.0
43996,841,4.0
43999,650,1.0
43999,748,5.0
44001,640,5.0
44007,640,2.0
44007,650,4.0
44007,749,2.0
44008,640,4.0
44008,841,5.0
44013,650,5.0
44014,640,4.222222222222222
44014,737,4.0
44014,749,4.333333333333333
44014,841,5.0
44015,369,5.0
44015,481,3.0
44015,640,4.0
44015,650,5.0
44015,673,3.0
44015,737,3.5
44015,748,4.5
44015,749,4.0
44015,824,3.0
44015,841,4.6
44016,650,3.0
44017,824,5.0
44019,640,4.0
44019,650,1.0
44019,748,5.0
44019,841,4.0
44019,1238,3.75
44021,824,4.0
44028,640,5.0
44028,748,5.0
44031,369,5.0
44031,737,5.0
44031,748,5.0
44031,824,5.0
44033,1280,4.5
44034,650,4.0
44035,749,4.0
44042,1171,4.0
44043,640,2.0
44045,369,3.0
44045,841,4.0
44052,673,4.0
44052,748,4.0
44055,369,4.0
44055,650,4.0
44055,841,4.0
44058,640,3.2
44058,650,5.0
44058,737,5.0
44058,748,5.0
44058,841,5.0
44060,369,1.0
44062,640,4.0
44062,650,3.0
44063,369,3.0
44064,650,5.0
44064,749,5.0
44065,748,3.0
44071,640,5.0
44075,841,5.0
44076,673,4.0
44078,737,4.0
44079,640,5.0
44084,841,4.0
44085,481,4.0
44085,640,3.3333333333333335
44085,673,1.0
44085,841,4.5
44086,673,2.0
44087,369,5.0
44088,673,3.0
44092,841,4.0
44094,824,5.0
44095,640,4.0
44095,673,3.0
44095,737,4.666666666666667
44095,748,3.0
44095,749,3.5
44095,824,4.0
44095,841,5.0
44098,481,5.0
44099,640,2.0
44099,824,2.0
44106,640,3.0
44108,369,5.0
44108,640,5.0
44108,748,2.0
44108,841,5.0
44109,640,5.0
44114,640,4.0
44116,640,4.0
44116,841,5.0
44121,1166,4.0
44122,640,5.0
44123,841,5.0
44125,650,3.0
44126,650,5.0
44127,737,4.0
44127,824,4.0
44131,650,3.0
44132,369,1.0
44134,650,5.0
44135,640,3.0
44138,650,3.0
44138,673,4.0
44138,748,4.0
44141,640,5.0
44146,888,5.0
44147,673,3.0
44147,841,5.0
44153,841,3.0
44154,369,5.0
44164,1297,3.5
44165,748,1.0
44167,640,3.0
44167,650,5.0
44167,748,5.0
44168,640,5.0
44168,748,5.0
44169,650,4.0
44170,369,2.0
44170,481,4.0
44172,369,4.0
44174,481,4.0
44176,824,4.0
44177,841,5.0
44182,841,5.0
44184,640,5.0
44189,841,5.0
44190,650,4.0
44193,640,4.0
44193,748,5.0
44193,888,5.0
44194,748,3.0
44194,749,3.0
44194,1171,2.8
44195,640,5.0
44195,1171,5.0
44199,1133,4.0
44203,673,5.0
44204,640,5.0
44204,748,5.0
44204,749,4.0
44213,748,5.0
44215,640,4.0
44215,1297,3.3333333333333335
44216,1166,3.0
44222,1171,4.8
44223,650,5.0
44224,640,5.0
44224,748,4.0
44226,841,5.0
44229,824,4.0
44230,640,4.0
44231,640,5.0
44234,640,5.0
44235,1297,1.0
44237,824,3.0
44238,749,2.0
44243,481,5.0
44244,640,5.0
44247,640,4.0
44247,748,4.0
44248,640,3.0
44248,650,4.0
44248,841,5.0
44249,640,4.0
44249,928,5.0
44252,673,2.0
44255,1278,5.0
44260,640,4.0
44260,748,4.0
44260,841,5.0
44263,1166,5.0
44265,640,5.0
44265,748,3.5
44270,737,5.0
44270,824,4.0
44270,841,5.0
44273,1238,5.0
44275,481,5.0
44275,640,4.5
44276,369,3.0
44279,748,5.0
44282,640,5.0
44282,748,4.0
44289,640,5.0
44292,640,3.0
44292,749,4.0
44294,640,4.0
44294,748,5.0
44300,369,5.0
44303,650,3.0
44305,1171,5.0
44311,650,5.0
44312,824,5.0
44314,824,5.0
44314,1280,5.0
44318,640,3.0
44321,640,5.0
44321,737,3.5
44322,369,2.0
44323,640,5.0
44324,369,2.0
44324,673,4.5
44324,841,4.0
44327,841,5.0
44331,640,4.0
44334,640,4.0
44339,640,3.0
44339,748,4.0
44343,673,3.0
44344,841,5.0
44348,640,3.0
44350,841,3.0
44352,841,3.0
44354,1238,5.0
44357,640,5.0
44357,748,2.0
44358,1171,3.75
44363,650,5.0
44366,748,4.0
44372,640,4.0
44374,673,3.0
44375,1297,3.4
44378,481,4.0
44378,737,5.0
44378,749,4.0
44378,824,4.0
44381,1225,3.0
44383,1238,3.0
44384,748,4.0
44385,640,5.0
44388,481,4.0
44388,1238,4.4
44392,841,5.0
44396,640,5.0
44398,947,5.0
44403,1280,3.6666666666666665
44409,749,4.0
44410,640,4.0
44414,888,5.0
44418,737,5.0
44419,640,3.6666666666666665
44419,748,4.0
44419,749,5.0
44421,748,5.0
44424,748,4.0
44426,841,5.0
44428,841,5.0
44428,1297,3.0
44429,369,3.0
44429,841,5.0
44431,737,5.0
44431,748,5.0
44434,640,3.0
44434,749,4.0
44437,748,2.0
44445,841,5.0
44449,640,5.0
44450,841,3.0
44453,650,4.0
44456,841,5.0
44458,748,4.0
44460,1297,2.0
44467,748,4.0
44468,640,5.0
44470,841,5.0
44472,640,5.0
44473,1278,4.0
44475,841,5.0
44484,1297,1.0
44485,640,4.0
44500,650,5.0
44501,640,4.0
44503,481,5.0
44503,673,1.0
44503,737,3.0
44507,748,5.0
44508,369,3.0
44508,737,5.0
44508,1280,5.0
44509,640,4.0
44510,640,4.0
44510,748,4.0
44513,841,4.0
44514,640,3.0
44529,824,4.0
44530,640,4.0
44534,640,4.0
44535,640,5.0
44535,1166,3.3333333333333335
44536,824,2.0
44537,737,3.0
44537,748,5.0
44537,824,3.0
44539,640,4.0
44539,748,4.0
44541,737,5.0
44541,824,4.0
44544,640,5.0
44544,737,5.0
44544,749,4.0
44544,824,5.0
44545,640,4.0
44545,841,5.0
44546,737,4.0
44546,749,3.0
44548,650,2.0
44552,737,3.0
44557,640,4.0
44557,737,2.0
44557,748,4.0
44557,824,4.0
44557,841,4.0
44558,748,4.0
44561,824,4.0
44562,640,4.0
44562,673,4.0
44565,841,5.0
44569,824,3.0
44569,841,4.0
44571,640,4.0
44572,640,3.0
44573,748,5.0
44574,1278,4.2272727272727275
44575,1171,5.0
44576,1297,2.0
44578,640,5.0
44583,640,5.0
44584,748,3.0
44585,640,3.5
44586,640,5.0
44587,841,5.0
44588,1278,5.0
44590,369,1.0
44592,640,5.0
44603,640,5.0
44603,737,3.0
44603,841,5.0
44609,748,5.0
44610,737,4.0
44611,640,3.0
44611,737,4.0
44615,673,3.0
44616,640,5.0
44616,737,5.0
44616,841,5.0
44632,640,4.0
44634,673,2.0
44636,640,5.0
44637,640,5.0
44640,640,4.0
44640,673,4.0
44643,369,3.0
44645,748,5.0
44650,748,5.0
44651,1280,5.0
44656,640,4.0
44656,650,5.0
44656,749,4.0
44657,673,3.0
44661,640,5.0
44661,841,5.0
44665,640,4.0
44665,650,4.0
44670,640,5.0
44673,640,4.0
44674,737,5.0
44674,824,4.0
44675,841,4.0
44680,650,4.0
44680,737,2.0
44683,650,4.0
44684,369,4.0
44684,640,5.0
44684,650,4.0
44684,749,5.0
44690,650,5.0
44691,640,4.0
44691,824,4.0
44694,748,5.0
44696,481,5.0
44698,1297,3.0
44699,841,5.0
44701,640,5.0
44702,650,4.0
44702,673,5.0
44703,673,3.0
44704,640,4.0
44705,737,3.0
44705,824,5.0
44705,841,5.0
44707,640,4.0
44709,1137,5.0
44712,1171,5.0
44716,640,5.0
44718,673,5.0
44719,1278,4.5
44720,748,5.0
44721,824,5.0
44722,824,4.0
44726,650,4.0
44729,748,4.0
44729,749,4.0
44731,737,4.0
44734,640,5.0
44737,481,4.0
44745,841,3.0
44746,1278,5.0
44747,369,3.0
44748,640,5.0
44752,824,4.0
44755,1297,3.6666666666666665
44756,640,4.0
44759,481,1.0
44762,640,5.0
44764,640,5.0
44767,1171,2.3333333333333335
44769,640,4.0
44770,640,5.0
44771,640,5.0
44773,640,5.0
44775,737,4.0
44775,824,4.0
44777,1171,5.0
44778,640,5.0
44779,650,4.0
44783,640,3.0
44783,841,5.0
44784,748,1.0
44785,748,3.0
44787,673,3.0
44787,748,5.0
44787,824,3.0
44790,841,5.0
44791,737,4.0
44791,824,5.0
44797,841,2.0
44800,748,4.0
44802,640,5.0
44803,640,5.0
44803,737,2.0
44803,841,5.0
44804,369,5.0
44807,640,5.0
44807,748,5.0
44809,673,3.0
44809,748,4.0
44810,640,4.0
44811,369,1.0
44811,640,3.0
44811,737,4.0
44811,824,4.0
44811,1166,3.0
44813,824,3.0
44814,1278,4.0
44815,841,5.0
44817,640,5.0
44819,640,5.0
44821,640,5.0
44824,1225,1.0
44828,640,4.0
44833,749,5.0
44834,737,5.0
44835,841,3.0
44836,673,4.0
44845,673,4.0
44848,640,4.0
44848,748,5.0
44848,749,5.0
44849,650,4.0
44849,937,3.0
44849,947,4.0
44850,748,5.0
44851,640,4.0
44853,640,5.0
44854,640,5.0
44854,749,3.0
44868,748,5.0
44871,748,3.0
44873,640,4.0
44874,640,5.0
44875,369,4.0
44875,841,4.0
44876,673,4.0
44879,640,3.0
44882,640,5.0
44885,640,5.0
44887,673,3.0
44891,841,4.0
44892,640,5.0
44895,650,5.0
44900,640,4.0
44903,748,5.0
44903,749,3.0
44909,841,4.0
44910,640,4.0
44910,673,4.0
44910,749,3.0
44912,640,5.0
44915,640,5.0
44917,841,5.0
44919,640,3.0
44920,640,4.0
44923,749,4.0
44925,748,4.0
44929,841,4.0
44930,481,5.0
44932,481,4.0
44935,640,4.0
44937,749,4.0
44938,748,4.0
44939,640,5.0
44941,737,3.0
44942,737,4.0
44942,841,4.5
44943,949,5.0
44948,640,4.0
44948,748,4.0
44948,1297,1.0
44949,640,5.0
44951,824,5.0
44952,369,5.0
44956,650,5.0
44957,841,5.0
44958,640,4.0
44958,748,5.0
44959,650,2.5
44962,824,5.0
44963,640,5.0
44966,640,5.0
44972,481,5.0
44973,841,5.0
44975,841,5.0
44976,650,3.0
44978,369,5.0
44979,1297,4.0
44980,640,2.0
44984,640,4.0
44987,640,5.0
44988,640,4.0
44989,1297,4.0
44991,640,3.0
44992,640,5.0
44992,748,5.0
44992,824,5.0
44993,640,5.0
44993,748,2.0
44993,1166,3.6666666666666665
44995,748,5.0
44997,673,5.0
45002,749,5.0
45005,650,5.0
45006,673,3.0
45015,640,4.0
45015,748,4.0
45019,824,4.0
45020,841,5.0
45021,640,4.0
45024,1297,4.0
45026,369,4.0
45026,640,4.0
45030,640,5.0
45031,650,4.0
45031,673,3.0
45031,737,4.0
45032,748,4.0
45032,749,5.0
45034,640,3.0
45044,640,3.5
45046,1220,5.0
45048,673,4.0
45056,640,5.0
45058,888,5.0
45059,748,4.0
45065,640,5.0
45068,841,5.0
45069,481,3.0
45071,841,5.0
45079,737,3.0
45084,640,1.0
45085,841,5.0
45086,640,4.0
45086,737,3.0
45086,749,2.0
45088,640,3.0
45089,841,5.0
45091,369,5.0
45091,673,2.0
45091,748,5.0
45091,749,5.0
45092,841,3.0
45095,640,4.0
45096,481,4.0
45099,841,5.0
45102,640,5.0
45103,640,5.0
45113,841,4.0
45114,673,3.0
45115,737,5.0
45116,673,4.0
45120,737,4.0
45120,748,4.0
45120,749,4.0
45121,640,5.0
45125,841,5.0
45126,640,4.0
45127,640,4.5
45128,748,4.0
45129,824,5.0
45130,650,4.0
45133,640,5.0
45135,673,2.0
45135,748,4.0
45136,1171,3.5
45138,1297,4.0
45149,369,4.0
45149,841,5.0
45157,640,5.0
45157,824,5.0
45160,1171,5.0
45164,841,5.0
45166,1297,3.0
45171,824,5.0
45172,1220,3.0
45173,650,5.0
45178,824,5.0
45182,640,5.0
45182,748,3.0
45185,640,5.0
45191,640,5.0
45191,841,4.0
45192,650,3.0
45192,737,4.0
45193,640,5.0
45194,369,4.0
45195,481,2.0
45197,748,5.0
45197,841,5.0
45200,650,5.0
45201,640,4.333333333333333
45201,737,4.0
45201,841,4.0
45202,650,4.0
45203,640,1.0
45207,748,5.0
45208,748,5.0
45209,673,5.0
45210,640,5.0
45210,650,3.0
45210,748,4.0
45211,673,3.0
45213,640,3.0
45213,650,3.0
45213,737,3.0
45213,824,5.0
45216,640,4.0
45217,481,5.0
45218,737,5.0
45219,640,5.0
45219,673,3.0
45219,824,5.0
45219,841,5.0
45221,640,3.0
45223,640,3.0
45226,640,4.0
45229,369,5.0
45229,841,5.0
45230,640,4.0
45232,640,5.0
45232,824,5.0
45234,369,3.0
45234,640,4.0
45234,841,5.0
45234,1280,4.0
45235,824,5.0
45235,841,5.0
45236,1280,5.0
45237,369,2.0
45237,640,4.5
45237,737,4.0
45237,748,3.0
45237,749,3.0
45237,841,4.666666666666667
45240,640,3.0
45246,369,5.0
45249,1171,5.0
45250,841,5.0
45252,640,5.0
45253,640,5.0
45262,841,5.0
45263,841,5.0
45267,749,5.0
45274,481,3.0
45276,369,4.0
45293,1171,5.0
45296,841,5.0
45298,748,5.0
45300,481,3.0
45300,737,5.0
45304,841,5.0
45310,1171,4.0
45313,1171,3.0
45315,640,3.0
45319,369,3.0
45321,1166,5.0
45322,1278,3.5
45323,824,4.0
45324,1278,5.0
45325,824,5.0
45329,640,4.0
45331,640,5.0
45331,748,4.0
45333,650,3.0
45339,1171,3.5
45346,640,5.0
45348,1220,4.0
45355,640,3.0
45355,749,2.0
45356,1171,4.0
45358,841,5.0
45359,481,4.0
45359,841,4.0
45363,841,5.0
45364,749,3.0
45368,841,5.0
45370,824,4.0
45371,748,3.0
45372,1297,3.0
45373,841,3.0
45374,650,3.0
45378,673,3.0
45378,737,4.0
45378,824,5.0
45380,673,3.0
45381,1133,5.0
45382,481,5.0
45383,737,5.0
45383,841,5.0
45383,1171,4.666666666666667
45384,888,5.0
45389,481,3.0
45391,737,5.0
45391,748,5.0
45391,1238,3.888888888888889
45397,748,5.0
45399,640,5.0
45400,640,5.0
45401,640,5.0
45401,841,5.0
45404,737,2.0
45405,1166,3.0
45407,640,5.0
45407,748,5.0
45408,369,4.0
45410,737,5.0
45415,640,4.0
45415,650,5.0
45415,737,5.0
45415,841,3.0
45420,748,4.0
45422,640,3.0
45423,748,3.0
45423,749,4.0
45424,650,5.0
45425,650,5.0
45428,640,5.0
45429,640,5.0
45432,640,5.0
45432,841,4.0
45436,841,5.0
45437,481,5.0
45442,640,5.0
45445,640,4.0
45446,481,4.0
45446,749,3.0
45447,748,3.0
45450,640,4.0
45452,640,5.0
45452,673,5.0
45457,737,5.0
45458,1297,5.0
45461,640,4.0
45462,640,5.0
45462,748,5.0
45463,841,5.0
45465,640,3.0
45465,748,4.0
45480,640,5.0
45483,749,3.0
45484,841,5.0
45490,841,5.0
45492,640,4.0
45492,737,4.0
45492,748,5.0
45494,824,3.0
45494,1171,4.666666666666667
45495,1280,4.0
45496,673,1.0
45498,1133,5.0
45501,650,5.0
45502,640,4.0
45510,1238,4.0
45511,749,3.0
45512,841,5.0
45517,369,3.0
45517,673,5.0
45521,640,3.0
45521,1166,4.0
45522,640,4.0
45525,673,5.0
45526,640,5.0
45528,673,4.0
45531,650,3.0
45532,369,5.0
45533,748,3.0
45534,841,4.0
45539,1166,3.0
45540,748,5.0
45542,640,3.0
45545,841,5.0
45548,650,4.0
45549,640,4.0
45549,748,3.0
45553,640,5.0
45553,841,5.0
45556,748,4.0
45557,748,3.0
45561,640,4.0
45564,369,5.0
45564,640,4.0
45567,1171,5.0
45570,640,3.0
45570,748,3.0
45571,841,5.0
45573,737,3.0
45573,824,2.0
45574,640,3.0
45575,640,5.0
45575,748,5.0
45580,640,3.0
45580,749,3.0
45582,640,4.0
45583,640,5.0
45586,841,1.0
45587,824,5.0
45592,749,5.0
45593,369,4.0
45594,640,4.0
45597,1171,4.0
45599,841,5.0
45601,841,5.0
45602,841,4.0
45603,841,4.0
45607,748,4.0
45610,640,3.5
45610,748,2.0
45610,841,5.0
45611,673,3.5
45612,369,1.0
45612,650,5.0
45612,748,4.0
45614,640,4.333333333333333
45614,748,5.0
45616,841,5.0
45620,640,5.0
45625,369,4.0
45625,481,5.0
45625,640,5.0
45625,650,4.0
45625,748,3.75
45625,824,5.0
45625,841,5.0
45626,481,3.0
45626,640,5.0
45626,650,4.0
45626,841,4.0
45629,841,5.0
45630,640,3.5
45630,650,3.5
45630,673,4.0
45630,737,2.5
45630,748,4.333333333333333
45630,749,4.0
45630,841,4.0
45633,640,3.0
45633,824,3.0
45634,824,4.0
45636,640,3.0
45637,673,2.0
45639,824,4.0
45640,640,4.0
45640,737,5.0
45643,640,2.5
45643,673,4.0
45643,737,5.0
45643,748,4.5
45644,369,4.0
45644,841,5.0
45645,640,4.0
45648,737,5.0
45649,748,5.0
45650,640,4.0
45652,640,4.0
45653,640,5.0
45659,737,5.0
45660,640,4.0
45667,640,4.0
45667,748,4.0
45667,824,4.0
45668,640,4.0
45669,1297,4.0
45671,369,5.0
45672,1171,4.0
45683,640,2.0
45691,640,5.0
45693,640,4.0
45693,737,4.0
45693,748,3.0
45707,640,5.0
45707,748,4.5
45707,749,3.0
45707,841,4.0
45708,737,5.0
45709,640,4.0
45710,640,5.0
45711,748,3.0
45714,824,5.0
45718,841,5.0
45725,650,3.0
45728,737,3.0
45732,640,4.0
45732,748,5.0
45734,824,1.0
45735,1166,3.6666666666666665
45739,369,4.0
45740,673,5.0
45750,369,3.0
45750,841,5.0
45751,673,4.0
45753,369,5.0
45757,841,4.0
45758,640,4.0
45758,748,5.0
45760,1133,4.5
45767,1133,3.0
45768,1220,3.0
45769,673,3.0
45769,748,5.0
45769,1238,4.0
45770,640,4.5
45770,673,4.0
45770,748,5.0
45774,737,4.0
45778,640,5.0
45781,1278,2.0
45783,640,5.0
45785,369,4.0
45786,640,5.0
45789,673,4.0
45790,640,4.0
45791,640,5.0
45792,1280,3.0
45794,481,4.0
45794,640,4.0
45794,737,3.0
45794,748,3.0
45798,640,4.0
45798,748,4.0
45800,1171,4.5
45804,1171,5.0
45809,640,2.0
45817,824,5.0
45817,841,4.0
45818,841,5.0
45820,640,5.0
45823,748,5.0
45828,1171,4.0
45830,897,5.0
45832,369,3.0
45833,749,1.0
45834,1171,3.0
45841,673,5.0
45843,748,5.0
45845,673,5.0
45853,748,4.0
45854,640,3.0
45855,824,4.0
45856,1171,4.0
45857,748,2.0
45858,481,4.0
45858,824,4.0
45859,1171,4.0
45860,673,5.0
45861,1133,5.0
45866,640,5.0
45868,841,5.0
45869,673,4.0
45869,737,4.0
45871,824,5.0
45872,748,3.0
45873,481,4.0
45877,824,4.0
45878,369,3.0
45883,369,3.0
45886,748,4.0
45891,749,5.0
45894,640,5.0
45896,737,5.0
45896,824,5.0
45899,737,5.0
45900,673,4.0
45900,737,5.0
45900,749,1.0
45901,640,2.0
45902,841,5.0
45906,841,4.0
45907,749,4.0
45909,841,5.0
45912,841,3.0
45913,481,4.0
45914,640,5.0
45915,640,4.0
45921,1133,4.0
45922,749,4.0
45924,640,5.0
45926,737,4.0
45929,1171,1.0
45930,673,3.0
45932,748,5.0
45934,640,5.0
45937,841,4.0
45942,1171,3.5
45944,640,5.0
45944,824,2.0
45947,824,5.0
45948,824,3.0
45950,749,3.0
45954,481,4.0
45954,640,4.0
45954,748,4.0
45957,640,2.0
45958,640,5.0
45958,748,5.0
45966,1225,5.0
45968,640,5.0
45972,737,5.0
45973,824,5.0
45974,640,5.0
45974,737,5.0
45974,824,3.0
45975,841,4.0
45976,841,5.0
45977,640,5.0
45978,640,5.0
45979,673,5.0
45980,369,4.0
45980,737,5.0
45981,640,5.0
45982,748,5.0
45984,841,5.0
45986,640,3.0
45990,369,1.0
45992,737,5.0
45992,748,5.0
45993,748,3.0
45994,748,4.0
45995,640,3.0
46000,737,4.0
46002,748,3.0
46007,640,5.0
46007,748,4.0
46008,841,5.0
46013,640,5.0
46014,640,5.0
46016,841,5.0
46020,640,5.0
46021,650,5.0
46024,640,1.0
46027,650,5.0
46028,640,5.0
46028,748,5.0
46030,1133,5.0
46031,640,4.0
46031,673,3.0
46037,1171,2.3333333333333335
46040,841,5.0
46043,640,5.0
46043,650,3.0
46043,841,5.0
46044,877,4.0
46048,481,5.0
46050,650,4.0
46050,737,5.0
46053,841,5.0
46054,841,4.0
46057,640,4.0
46059,841,5.0
46060,673,3.0
46062,481,5.0
46062,640,5.0
46062,650,5.0
46062,841,4.0
46063,640,5.0
46065,640,4.0
46070,640,4.0
46070,650,5.0
46070,737,4.0
46070,841,5.0
46072,841,4.0
46073,748,4.0
46074,640,4.5
46074,748,5.0
46075,640,4.0
46079,640,5.0
46079,841,5.0
46080,369,1.0
46082,650,4.0
46084,640,5.0
46085,748,4.0
46085,749,3.0
46093,640,5.0
46093,748,5.0
46104,841,5.0
46106,640,4.0
46109,640,5.0
46116,824,4.0
46118,1225,4.0
46119,640,4.0
46120,640,5.0
46120,749,5.0
46123,749,1.0
46124,640,4.0
46125,748,5.0
46127,737,4.0
46132,748,5.0
46132,749,4.0
46133,650,3.0
46133,737,5.0
46140,481,5.0
46140,640,5.0
46140,748,5.0
46142,1137,3.5
46145,650,5.0
46148,841,5.0
46153,824,5.0
46156,369,2.0
46158,640,5.0
46159,650,5.0
46161,841,5.0
46163,640,5.0
46164,640,3.0
46164,748,5.0
46170,640,5.0
46171,369,4.0
46174,640,3.0
46176,841,5.0
46177,841,5.0
46178,841,5.0
46181,749,3.0
46182,640,4.0
46192,640,5.0
46194,640,4.0
46195,1137,2.0
46196,640,5.0
46198,841,5.0
46200,737,4.0
46200,748,4.0
46202,673,3.0
46204,737,4.0
46205,748,4.0
46208,640,4.0
46212,737,5.0
46214,640,3.0
46214,748,4.0
46215,841,4.0
46220,1133,5.0
46227,640,5.0
46227,749,5.0
46228,481,5.0
46229,673,5.0
46230,640,5.0
46238,737,5.0
46239,650,5.0
46243,640,1.0
46246,369,3.0
46247,640,3.0
46248,673,4.0
46249,824,5.0
46250,481,4.0
46250,640,4.0
46250,1171,5.0
46257,824,4.0
46262,640,5.0
46263,369,3.0
46263,737,3.0
46263,749,3.0
46263,824,2.0
46263,1166,3.0
46268,824,4.0
46271,841,5.0
46281,841,4.0
46282,737,4.0
46282,748,4.0
46283,640,5.0
46283,748,5.0
46285,640,5.0
46286,640,4.0
46288,640,4.0
46288,748,5.0
46291,748,5.0
46293,640,4.0
46295,640,5.0
46311,748,3.0
46313,481,4.0
46315,841,5.0
46316,640,5.0
46316,841,5.0
46317,640,3.0
46318,640,5.0
46318,841,3.0
46319,824,4.0
46323,737,5.0
46323,824,4.0
46325,841,5.0
46328,640,4.0
46328,841,4.0
46331,1171,5.0
46332,841,5.0
46334,640,5.0
46339,640,5.0
46339,841,4.0
46340,640,5.0
46341,640,4.0
46341,737,4.0
46342,841,5.0
46345,640,5.0
46345,737,4.0
46345,824,5.0
46346,640,4.0
46348,640,4.0
46348,748,4.0
46349,673,5.0
46352,640,5.0
46354,748,5.0
46357,481,4.0
46358,640,4.0
46358,748,5.0
46361,640,4.0
46361,841,5.0
46363,1220,5.0
46374,640,5.0
46376,369,4.0
46379,640,5.0
46381,640,3.0
46382,841,5.0
46383,824,3.0
46384,824,5.0
46386,841,4.0
46390,640,5.0
46394,673,4.0
46394,1171,5.0
46395,640,5.0
46395,737,3.0
46395,841,4.0
46396,650,2.0
46396,1297,4.0
46399,369,3.0
46400,1133,5.0
46401,737,5.0
46402,481,4.0
46402,737,5.0
46410,748,5.0
46414,673,3.0
46416,749,2.0
46417,481,3.0
46421,841,5.0
46422,640,3.0
46423,640,5.0
46425,824,5.0
46430,673,4.0
46431,673,4.0
46431,824,5.0
46433,640,5.0
46433,749,4.0
46435,640,5.0
46438,640,5.0
46439,650,5.0
46446,481,4.0
46447,841,5.0
46448,640,5.0
46448,748,4.0
46453,673,1.0
46455,640,5.0
46460,749,4.0
46464,673,2.0
46466,650,5.0
46471,640,5.0
46471,737,5.0
46471,1171,5.0
46472,841,4.0
46473,841,5.0
46475,640,4.0
46476,640,5.0
46486,640,5.0
46486,748,3.0
46486,749,4.0
46486,841,5.0
46487,481,5.0
46492,841,5.0
46497,369,1.0
46497,640,4.333333333333333
46497,749,5.0
46505,640,3.0
46506,673,2.0
46509,748,3.0
46510,481,3.0
46510,640,5.0
46510,748,5.0
46510,749,3.0
46510,824,5.0
46510,841,5.0
46512,841,5.0
46513,650,5.0
46516,841,5.0
46517,640,1.0
46519,841,5.0
46520,748,5.0
46521,640,4.0
46526,650,5.0
46528,841,5.0
46532,824,5.0
46533,640,4.0
46534,640,5.0
46536,748,5.0
46537,650,5.0
46538,673,3.0
46539,640,5.0
46540,640,5.0
46541,640,4.0
46541,737,5.0
46544,640,4.0
46545,640,5.0
46547,841,5.0
46549,650,4.0
46553,481,5.0
46553,640,4.0
46554,640,4.0
46555,640,3.0
46556,650,5.0
46559,640,3.0
46560,841,5.0
46561,748,5.0
46562,640,5.0
46566,1166,4.0
46567,640,3.0
46568,481,5.0
46568,737,5.0
46569,640,5.0
46571,841,5.0
46573,748,4.0
46574,841,4.0
46577,650,5.0
46580,640,5.0
46581,640,4.0
46582,748,4.0
46583,369,3.0
46583,481,5.0
46583,640,5.0
46583,650,4.0
46583,824,5.0
46595,640,5.0
46598,640,4.0
46601,749,4.0
46601,824,3.0
46602,369,4.0
46602,640,5.0
46603,640,5.0
46606,640,4.0
46610,748,5.0
46613,748,4.0
46619,650,4.0
46621,737,5.0
46623,481,5.0
46624,824,4.0
46625,748,5.0
46626,640,2.0
46626,841,4.0
46628,737,5.0
46628,824,5.0
46633,369,4.0
46633,737,5.0
46633,748,3.0
46636,748,5.0
46636,749,4.0
46638,1171,2.3333333333333335
46639,1171,4.75
46640,640,4.0
46642,673,4.0
46642,737,5.0
46643,640,5.0
46651,673,3.0
46655,369,4.0
46658,841,5.0
46659,640,4.0
46659,841,5.0
46662,640,4.0
46662,673,3.0
46666,824,3.0
46671,841,5.0
46674,824,1.0
46676,640,5.0
46676,650,3.0
46679,749,5.0
46681,749,4.0
46683,748,3.0
46683,824,5.0
46684,1238,3.0
46687,640,4.0
46689,737,4.0
46691,841,5.0
46692,824,4.0
46695,1171,4.5
46697,640,5.0
46699,824,3.0
46701,841,4.0
46702,824,4.0
46703,640,4.0
46704,481,4.0
46711,841,5.0
46712,841,4.0
46713,841,5.0
46715,369,1.0
46717,481,4.0
46718,673,3.0
46718,841,3.0
46720,640,4.0
46721,640,3.0
46721,748,4.0
46726,748,5.0
46728,369,4.0
46728,640,3.0
46728,748,5.0
46728,824,4.0
46730,1238,5.0
46732,1280,3.0
46736,824,5.0
46737,841,5.0
46738,841,5.0
46745,640,1.0
46751,640,5.0
46752,841,5.0
46758,841,5.0
46763,481,5.0
46764,841,5.0
46765,673,4.0
46767,640,4.0
46767,673,4.0
46768,673,3.0
46768,737,3.0
46770,673,3.0
46772,673,1.0
46773,1171,5.0
46776,640,4.0
46777,650,2.0
46780,640,5.0
46782,369,3.0
46783,673,4.0
46786,749,4.0
46787,650,4.0
46789,640,3.0
46790,824,4.0
46791,640,5.0
46791,748,5.0
46792,841,3.0
46793,748,3.0
46794,640,4.0
46796,841,4.0
46797,640,4.0
46797,748,5.0
46801,640,5.0
46802,841,4.0
46804,640,4.0
46805,1225,3.5
46807,824,3.0
46809,640,5.0
46810,640,4.0
46812,841,4.0
46814,841,5.0
46818,640,2.0
46821,737,5.0
46823,640,4.0
46826,650,5.0
46828,673,3.0
46836,748,2.0
46836,749,4.0
46837,369,1.0
46839,640,3.0
46841,673,4.0
46842,640,3.0
46844,1166,3.0
46845,737,5.0
46846,841,5.0
46848,640,5.0
46849,841,5.0
46851,369,3.0
46851,841,4.0
46853,640,4.0
46853,748,5.0
46855,841,4.0
46859,640,3.0
46859,737,3.0
46859,748,3.0
46859,749,3.0
46861,640,5.0
46863,640,4.0
46863,748,5.0
46869,673,1.0
46869,841,5.0
46870,673,2.0
46870,748,3.0
46870,749,3.0
46872,640,4.0
46872,748,5.0
46874,640,4.0
46875,640,4.0
46876,824,5.0
46879,841,5.0
46880,737,4.0
46880,824,4.0
46881,737,3.0
46882,841,5.0
46888,841,5.0
46902,841,5.0
46903,673,2.0
46910,1278,4.0
46913,650,4.0
46913,737,5.0
46913,1171,4.5
46914,748,4.0
46916,824,3.0
46917,640,5.0
46918,640,4.0
46920,640,5.0
46920,1297,1.0
46921,640,5.0
46922,748,5.0
46927,841,4.0
46929,841,5.0
46930,481,5.0
46938,737,3.0
46939,369,3.0
46944,841,5.0
46950,673,5.0
46952,481,4.0
46954,650,3.0
46957,841,4.0
46959,673,3.0
46960,640,5.0
46960,841,5.0
46961,481,4.0
46962,640,5.0
46962,748,5.0
46963,640,3.0
46967,640,5.0
46967,737,5.0
46968,841,4.0
46969,369,4.5
46969,640,4.0
46969,650,4.0
46969,673,4.0
46970,369,1.0
46971,640,5.0
46975,737,4.0
46979,1166,4.0
46984,640,5.0
46984,748,3.0
46987,481,4.0
46995,1171,3.25
46996,841,4.0
46998,640,4.0
47000,748,5.0
47000,824,5.0
47003,640,3.0
47004,841,4.333333333333333
47009,640,4.0
47009,824,4.0
47014,841,5.0
47015,369,5.0
47015,841,5.0
47016,737,4.0
47016,841,5.0
47018,841,5.0
47025,640,5.0
47025,749,3.0
47026,841,4.0
47027,841,4.0
47029,640,4.0
47030,640,5.0
47031,841,5.0
47032,841,5.0
47033,841,5.0
47034,640,5.0
47035,749,5.0
47036,481,5.0
47038,841,5.0
47039,841,5.0
47042,640,5.0
47043,841,4.0
47044,737,4.0
47044,749,4.0
47044,824,4.0
47044,841,5.0
47047,640,5.0
47051,841,5.0
47052,841,5.0
47053,369,5.0
47053,640,5.0
47054,650,5.0
47055,640,5.0
47055,748,5.0
47055,749,5.0
47057,369,1.0
47057,640,4.0
47058,749,5.0
47061,369,3.0
47063,640,5.0
47067,369,3.0
47067,481,5.0
47067,640,4.0
47067,650,4.0
47067,841,5.0
47068,841,5.0
47071,640,4.0
47073,481,4.0
47076,841,4.0
47086,640,3.0
47086,841,5.0
47087,841,5.0
47088,841,4.0
47092,640,4.5
47092,737,4.0
47092,748,3.5
47092,824,4.0
47092,841,5.0
47100,640,4.0
47100,650,3.0
47100,749,4.0
47102,1133,5.0
47103,841,5.0
47104,1278,5.0
47106,369,5.0
47108,369,1.0
47116,841,4.0
47125,640,4.0
47126,1238,5.0
47128,1171,4.0
47129,824,4.0
47139,841,4.0
47140,650,4.0
47140,824,4.0
47142,737,4.0
47145,673,4.0
47150,748,4.0
47150,824,3.0
47151,673,5.0
47155,481,3.0
47158,824,4.0
47161,748,5.0
47163,1297,3.5
47164,748,5.0
47164,1171,5.0
47165,369,3.0
47166,1171,5.0
47168,841,5.0
47174,369,1.0
47175,650,5.0
47175,1166,4.0
47177,748,5.0
47180,1171,4.0
47182,650,5.0
47183,749,5.0
47185,737,5.0
47187,673,1.0
47191,640,5.0
47192,748,4.0
47194,481,5.0
47195,640,5.0
47196,841,5.0
47197,1133,5.0
47198,650,5.0
47199,673,5.0
47201,650,3.0
47203,640,4.0
47203,748,5.0
47204,841,5.0
47208,841,5.0
47209,947,5.0
47212,1171,3.0
47215,640,2.0
47216,640,4.0
47216,748,5.0
47216,841,4.0
47217,737,3.0
47217,841,4.0
47218,748,5.0
47219,748,5.0
47221,1166,3.0
47223,481,5.0
47223,640,4.666666666666667
47225,640,5.0
47227,1171,2.5
47229,650,4.0
47229,1297,3.0
47232,369,4.0
47232,640,5.0
47234,369,3.0
47234,841,5.0
47235,737,3.0
47235,748,4.0
47236,650,4.0
47237,841,5.0
47243,841,5.0
47244,640,4.0
47244,748,4.0
47244,841,5.0
47245,841,4.0
47248,824,4.0
47250,650,5.0
47251,1297,5.0
47255,640,2.0
47257,824,5.0
47260,673,5.0
47270,640,1.0
47272,640,4.0
47275,824,3.0
47280,841,5.0
47282,841,5.0
47285,748,3.0
47286,748,4.0
47287,640,5.0
47288,650,5.0
47288,824,4.0
47288,841,5.0
47289,673,2.0
47291,640,5.0
47291,748,4.0
47292,841,5.0
47293,481,5.0
47293,748,3.0
47294,673,5.0
47295,841,4.0
47298,640,4.0
47298,748,5.0
47300,481,4.0
47305,673,5.0
47306,673,5.0
47307,640,1.0
47317,640,4.0
47323,748,3.0
47323,824,4.0
47323,1297,2.0
47325,748,5.0
47328,824,4.0
47331,841,5.0
47333,748,2.0
47337,640,4.0
47339,1171,3.5
47346,1225,4.0
47347,841,5.0
47353,749,3.0
47358,640,5.0
47360,841,5.0
47368,640,4.0
47368,650,4.0
47368,737,5.0
47368,748,5.0
47368,824,4.0
47370,640,5.0
47370,1220,5.0
47371,1166,4.0
47372,369,3.0
47373,369,3.0
47373,640,4.0
47373,749,4.0
47376,1238,4.5
47380,841,4.0
47381,1133,5.0
47383,481,3.0
47384,650,5.0
47387,369,5.0
47387,737,5.0
47390,640,5.0
47392,748,4.0
47393,640,4.0
47394,481,5.0
47398,888,5.0
47401,640,4.0
47401,749,4.0
47404,640,4.0
47404,673,3.0
47407,1166,3.3333333333333335
47414,640,5.0
47414,748,3.0
47415,1166,2.0
47417,640,5.0
47420,369,5.0
47420,640,3.0
47420,737,5.0
47420,748,5.0
47420,841,5.0
47421,748,5.0
47423,1278,3.4
47426,1278,4.75
47427,640,5.0
47427,673,3.0
47427,841,5.0
47428,748,5.0
47429,1171,4.333333333333333
47431,824,5.0
47431,841,4.0
47432,640,5.0
47432,737,4.0
47432,748,3.0
47436,650,4.0
47440,841,5.0
47442,748,5.0
47443,737,4.0
47445,748,5.0
47449,640,4.0
47450,640,4.0
47452,673,5.0
47454,841,4.0
47455,841,5.0
47456,640,3.0
47458,1225,5.0
47459,897,5.0
47460,369,2.0
47460,841,5.0
47461,640,5.0
47463,673,5.0
47464,369,4.0
47464,737,4.0
47464,824,4.0
47467,673,5.0
47470,673,3.0
47472,748,5.0
47474,650,5.0
47478,737,4.0
47485,650,3.0
47487,640,5.0
47487,737,4.0
47487,824,4.0
47489,650,3.0
47489,1238,3.272727272727273
47492,841,3.0
47494,640,5.0
47499,640,4.0
47501,1166,3.0
47504,841,5.0
47505,640,5.0
47506,640,5.0
47518,640,5.0
47519,841,5.0
47521,737,5.0
47521,824,5.0
47522,369,2.0
47523,748,5.0
47524,1220,4.0
47525,1171,4.0
47527,824,4.0
47530,748,5.0
47531,937,3.0
47535,640,4.0
47538,1171,4.0
47542,640,3.0
47544,640,4.0
47547,1166,5.0
47551,640,5.0
47551,748,4.0
47556,1171,5.0
47558,748,4.0
47560,673,5.0
47563,369,1.0
47568,1278,5.0
47574,748,4.0
47575,650,3.0
47577,640,4.0
47577,748,4.0
47578,640,5.0
47580,640,3.0
47582,737,5.0
47582,748,5.0
47590,824,4.0
47591,737,5.0
47592,1171,4.0
47596,841,5.0
47598,1166,4.5
47600,737,4.0
47601,841,5.0
47602,824,5.0
47606,369,4.0
47607,888,5.0
47609,748,5.0
47610,841,4.0
47615,640,5.0
47615,749,5.0
47618,824,5.0
47619,748,5.0
47622,748,4.0
47622,749,5.0
47624,481,3.0
47626,748,2.0
47627,640,4.0
47629,888,2.0
47630,650,4.0
47630,824,5.0
47631,650,3.0
47631,824,4.0
47632,640,4.0
47634,749,1.0
47638,369,1.0
47638,640,3.0
47641,749,4.0
47642,737,3.0
47647,369,1.0
47647,673,5.0
47649,1171,5.0
47651,737,5.0
47652,640,4.0
47653,1220,5.0
47656,369,1.0
47662,640,4.5
47662,673,4.0
47662,737,3.0
47663,1171,5.0
47664,824,5.0
47667,673,4.0
47668,640,5.0
47669,640,4.0
47674,841,5.0
47675,640,5.0
47677,748,5.0
47680,947,4.0
47682,737,5.0
47683,1171,4.0
47684,1171,5.0
47685,650,5.0
47687,1278,5.0
47691,824,5.0
47692,369,2.0
47696,640,5.0
47696,749,5.0
47697,640,5.0
47701,640,5.0
47702,640,4.0
47707,640,5.0
47708,640,3.0
47710,369,3.0
47710,640,4.0
47710,841,4.5
47711,640,4.0
47711,748,5.0
47712,1171,3.0
47715,841,5.0
47716,650,4.0
47718,1171,5.0
47720,481,5.0
47723,1278,5.0
47724,650,4.0
47728,640,4.0
47733,824,5.0
47738,640,3.0
47738,748,5.0
47739,640,5.0
47739,748,5.0
47740,640,4.0
47741,640,4.5
47742,640,5.0
47742,748,4.0
47744,481,5.0
47745,650,5.0
47747,369,1.0
47747,640,5.0
47749,640,4.0
47752,673,5.0
47753,640,4.0
47754,841,5.0
47759,673,3.0
47761,481,5.0
47761,737,2.0
47766,650,3.0
47769,640,4.0
47769,841,5.0
47770,640,3.0
47770,748,4.0
47770,841,5.0
47775,650,5.0
47777,737,4.0
47778,841,4.0
47779,673,3.0
47779,841,5.0
47780,737,3.0
47780,824,4.0
47781,640,4.0
47783,481,4.0
47784,369,5.0
47784,737,5.0
47787,841,5.0
47789,640,3.0
47793,640,4.0
47795,640,5.0
47795,748,5.0
47796,369,4.0
47802,640,5.0
47802,748,4.0
47803,1171,4.0
47805,748,5.0
47806,748,5.0
47807,748,4.0
47808,640,5.0
47808,650,3.0
47808,748,4.0
47809,650,4.0
47814,841,5.0
47816,1220,3.6666666666666665
47818,748,5.0
47828,1166,5.0
47829,481,4.5
47829,640,5.0
47830,640,5.0
47830,748,4.0
47841,749,3.0
47843,640,3.0
47849,640,5.0
47858,369,4.0
47858,640,5.0
47862,640,5.0
47863,640,3.0
47865,737,4.0
47865,824,4.0
47867,650,4.0
47870,640,5.0
47871,640,4.0
47871,841,5.0
47875,824,4.0
47877,640,4.0
47877,748,5.0
47878,640,5.0
47881,748,5.0
47887,748,5.0
47890,737,4.0
47891,369,2.0
47891,640,5.0
47891,737,5.0
47894,748,5.0
47896,640,4.0
47897,481,2.0
47898,640,4.0
47899,748,5.0
47901,1171,3.2
47903,369,4.0
47904,841,5.0
47906,369,2.0
47911,369,5.0
47913,748,5.0
47914,640,5.0
47915,841,5.0
47916,841,4.0
47918,841,4.0
47924,640,5.0
47924,749,4.0
47926,640,5.0
47926,748,5.0
47931,640,5.0
47936,369,1.0
47936,481,5.0
47938,640,5.0
47945,748,3.0
47947,640,3.0
47948,737,5.0
47948,824,4.0
47949,737,3.0
47950,650,4.0
47952,640,5.0
47953,650,2.0
47958,640,5.0
47959,824,4.0
47959,841,5.0
47962,673,5.0
47964,841,5.0
47965,841,5.0
47969,640,5.0
47971,748,5.0
47972,749,4.0
47979,481,3.0
47980,640,5.0
47981,1280,4.5
47984,841,5.0
47985,369,1.0
47986,841,5.0
47987,640,4.0
47990,824,5.0
47991,369,3.0
47993,369,3.0
47993,650,3.0
47997,640,4.0
48000,737,4.0
48000,748,3.0
48000,824,4.0
48004,824,4.0
48005,650,4.0
48005,1166,4.0
48011,748,4.0
48015,650,4.0
48022,481,5.0
48024,824,5.0
48026,369,1.0
48026,841,5.0
48029,841,5.0
48034,640,4.0
48034,673,5.0
48034,748,4.0
48038,640,4.666666666666667
48038,673,5.0
48038,748,5.0
48038,749,3.0
48038,841,5.0
48039,841,4.0
48049,640,5.0
48049,673,4.0
48049,841,5.0
48055,640,5.0
48056,737,5.0
48056,824,5.0
48060,737,3.0
48061,841,4.0
48065,841,5.0
48066,640,4.0
48066,841,4.0
48073,640,3.0
48073,748,4.0
48077,841,5.0
48080,673,4.0
48082,673,4.0
48087,640,3.0
48091,748,3.0
48093,841,5.0
48094,841,5.0
48097,481,5.0
48099,650,5.0
48099,737,3.0
48105,640,5.0
48109,824,5.0
48110,841,5.0
48116,640,3.0
48118,481,5.0
48118,640,5.0
48118,749,5.0
48119,650,4.0
48122,824,3.0
48125,640,4.0
48125,748,4.0
48125,749,4.0
48126,749,3.0
48127,650,4.0
48128,841,5.0
48129,640,5.0
48131,737,3.0
48134,640,5.0
48135,737,2.0
48138,640,5.0
48141,640,4.0
48142,841,5.0
48144,841,5.0
48146,737,5.0
48150,640,4.0
48150,824,5.0
48151,749,4.0
48153,650,2.0
48154,737,5.0
48155,369,1.0
48156,1166,3.5
48159,748,4.0
48161,640,5.0
48161,748,5.0
48161,824,5.0
48164,640,4.0
48168,748,1.0
48168,841,4.0
48169,481,4.0
48170,481,4.0
48171,824,4.0
48172,673,4.0
48173,824,5.0
48174,640,5.0
48175,640,4.5
48178,640,5.0
48178,1278,5.0
48179,650,5.0
48182,888,5.0
48183,673,2.0
48190,640,5.0
48196,748,4.0
48196,824,4.0
48197,640,5.0
48203,369,4.0
48210,1278,3.3333333333333335
48213,640,4.0
48214,841,5.0
48216,748,4.0
48218,640,5.0
48219,640,5.0
48220,650,4.0
48220,673,5.0
48221,737,3.0
48222,841,5.0
48223,640,5.0
48228,841,4.0
48229,841,5.0
48235,650,4.0
48242,673,4.0
48242,748,5.0
48243,673,3.0
48243,841,4.0
48244,824,5.0
48244,841,5.0
48245,640,5.0
48247,650,5.0
48248,737,4.0
48252,749,3.0
48253,650,5.0
48254,640,5.0
48254,824,4.0
48254,841,4.0
48255,640,5.0
48255,749,3.0
48256,369,4.0
48256,673,4.0
48256,737,5.0
48256,824,5.0
48257,1166,2.25
48258,841,4.0
48262,841,5.0
48263,673,5.0
48265,481,5.0
48271,640,5.0
48272,640,4.0
48274,650,2.0
48278,640,5.0
48279,841,4.0
48280,888,5.0
48282,640,5.0
48283,640,5.0
48284,841,5.0
48286,841,5.0
48288,748,5.0
48290,640,5.0
48291,481,5.0
48291,749,5.0
48295,1171,5.0
48298,824,3.0
48300,748,5.0
48303,841,2.0
48305,640,5.0
48310,650,3.0
48317,640,5.0
48323,737,4.0
48324,749,5.0
48326,640,4.0
48326,841,4.0
48327,737,5.0
48327,824,5.0
48328,824,5.0
48331,481,4.0
48334,1171,5.0
48335,749,5.0
48337,481,2.0
48338,640,5.0
48339,1225,1.0
48343,737,4.0
48343,748,3.0
48343,824,4.0
48344,640,5.0
48346,824,5.0
48349,369,5.0
48352,841,4.0
48353,1133,5.0
48354,640,4.0
48356,640,5.0
48358,841,3.0
48364,640,4.0
48368,640,4.0
48368,748,4.0
48368,824,4.0
48372,737,4.0
48372,749,4.0
48372,824,3.0
48379,841,5.0
48380,369,5.0
48380,640,5.0
48380,748,5.0
48380,824,5.0
48387,1137,5.0
48389,640,5.0
48389,748,5.0
48391,640,4.0
48396,841,3.0
48409,1297,3.3333333333333335
48414,650,3.0
48415,737,4.0
48418,1280,3.0
48420,748,4.0
48426,369,1.0
48427,748,5.0
48430,640,5.0
48433,640,3.0
48433,824,3.0
48435,369,3.0
48435,748,4.0
48436,650,3.0
48438,369,4.0
48439,640,5.0
48440,841,5.0
48441,650,4.0
48444,1220,4.0
48447,369,1.0
48447,640,4.0
48447,841,5.0
48449,369,4.0
48450,737,5.0
48451,1297,5.0
48456,737,3.0
48457,1171,5.0
48459,737,5.0
48459,824,5.0
48461,640,5.0
48463,650,4.0
48467,640,5.0
48471,841,5.0
48474,640,4.0
48474,749,4.0
48476,748,5.0
48476,749,3.0
48478,841,5.0
48481,640,4.0
48482,737,5.0
48484,673,2.0
48488,640,5.0
48488,748,5.0
48494,640,4.0
48495,1171,1.25
48499,640,4.0
48507,841,5.0
48509,673,4.0
48510,1171,4.75
48513,748,4.0
48514,640,4.0
48517,841,4.0
48518,640,3.0
48519,748,5.0
48521,1137,4.0
48523,748,3.0
48529,824,5.0
48530,841,5.0
48531,640,5.0
48532,640,3.0
48535,640,4.0
48537,947,4.0
48538,748,4.0
48539,748,4.0
48541,640,4.0
48542,841,5.0
48548,640,5.0
48553,748,4.0
48556,673,4.0
48558,369,5.0
48558,748,5.0
48560,640,4.0
48562,673,5.0
48566,673,4.0
48567,640,4.0
48568,1280,5.0
48571,640,4.0
48573,1166,4.333333333333333
48576,1278,5.0
48577,369,5.0
48580,737,5.0
48584,748,1.0
48586,737,5.0
48586,841,4.0
48587,369,5.0
48587,650,3.0
48587,841,5.0
48590,640,5.0
48590,749,4.0
48592,1297,3.5
48594,369,5.0
48599,369,5.0
48599,650,5.0
48599,737,5.0
48601,481,5.0
48603,824,4.0
48606,748,4.0
48609,481,5.0
48610,640,4.0
48610,650,3.0
48611,824,5.0
48614,640,5.0
48615,1238,4.666666666666667
48616,748,5.0
48616,749,4.0
48618,481,4.0
48621,673,4.0
48635,824,3.0
48636,841,4.0
48637,640,4.0
48638,640,4.0
48638,748,2.0
48639,650,5.0
48640,841,5.0
48642,640,3.0
48642,737,4.0
48644,640,5.0
48644,748,5.0
48645,841,4.666666666666667
48651,673,4.0
48654,673,5.0
48656,673,1.0
48658,841,5.0
48663,640,4.0
48665,841,4.0
48666,640,5.0
48670,673,4.0
48674,888,4.0
48678,841,5.0
48679,640,4.0
48679,748,4.0
48681,1297,4.0
48683,369,3.0
48683,841,5.0
48685,1297,2.0
48688,640,5.0
48689,640,4.0
48691,748,5.0
48694,1171,4.0
48695,824,4.0
48696,737,2.0
48696,841,5.0
48698,841,5.0
48701,1297,3.0
48705,673,3.0
48705,737,4.0
48705,748,4.0
48705,749,5.0
48705,824,5.0
48705,1278,3.8333333333333335
48707,737,3.0
48713,737,5.0
48718,640,4.0
48721,640,5.0
48721,748,4.0
48722,650,4.0
48722,841,4.0
48725,841,4.0
48731,640,5.0
48731,841,5.0
48732,673,3.0
48733,841,5.0
48734,841,4.0
48737,640,5.0
48737,737,5.0
48738,650,2.0
48738,841,5.0
48739,481,5.0
48739,841,4.0
48740,640,5.0
48743,841,3.0
48744,841,4.0
48745,749,4.0
48747,673,5.0
48748,748,5.0
48750,640,3.0
48751,640,5.0
48751,748,5.0
48761,737,5.0
48761,824,5.0
48762,481,5.0
48762,737,5.0
48764,737,2.0
48767,369,4.0
48770,824,4.0
48774,841,5.0
48776,673,2.0
48778,748,4.0
48781,650,4.0
48781,748,5.0
48785,650,5.0
48787,748,4.0
48788,369,5.0
48789,673,4.0
48790,841,5.0
48791,640,4.0
48791,737,5.0
48796,640,5.0
48797,1297,3.5
48798,369,4.0
48805,640,5.0
48810,748,4.0
48811,824,5.0
48812,640,5.0
48813,1280,4.0
48814,640,5.0
48814,748,3.0
48814,749,4.0
48826,1220,5.0
48829,749,4.0
48830,369,4.0
48833,1297,3.75
48834,640,5.0
48835,369,4.0
48836,640,5.0
48837,748,4.0
48843,640,5.0
48849,841,4.0
48849,877,3.0
48854,650,4.0
48856,673,3.0
48856,824,4.0
48858,1220,4.5
48861,640,3.0
48862,824,4.0
48869,640,3.0
48873,640,5.0
48879,737,5.0
48884,640,5.0
48884,650,4.0
48884,748,5.0
48884,749,5.0
48885,640,1.0
48886,650,4.0
48889,640,3.0
48895,640,4.0
48895,748,4.0
48898,640,4.0
48899,841,5.0
48905,824,4.0
48907,737,5.0
48907,748,3.0
48909,824,5.0
48910,841,5.0
48911,481,5.0
48912,673,5.0
48915,824,5.0
48916,737,4.0
48917,841,4.0
48921,737,4.0
48922,877,5.0
48925,737,5.0
48927,748,4.0
48928,673,3.0
48931,673,5.0
48934,1278,4.0
48940,369,4.0
48940,650,4.0
48940,841,5.0
48954,1166,5.0
48955,1171,4.0
48957,640,4.0
48958,369,1.0
48958,1297,3.0
48960,640,4.0
48961,640,4.0
48962,640,3.0
48962,673,1.0
48962,748,4.0
48964,640,2.0
48965,841,5.0
48967,841,5.0
48969,1171,2.5
48970,650,5.0
48976,748,3.0
48978,1297,5.0
48980,369,4.0
48980,841,4.0
48983,640,5.0
48987,640,5.0
48991,640,5.0
48991,748,2.0
48994,640,3.0
48994,748,3.0
48995,369,4.0
48998,749,5.0
48998,824,5.0
49001,748,4.0
49001,749,3.0
49005,841,5.0
49007,737,5.0
49007,824,3.0
49008,1238,4.0
49010,1171,4.0
49011,640,5.0
49011,748,3.0
49013,673,4.0
49015,640,5.0
49016,841,5.0
49017,640,5.0
49021,824,3.0
49023,1166,2.3333333333333335
49024,640,4.0
49024,748,4.0
49025,737,4.0
49026,640,5.0
49026,748,4.0
49026,749,3.0
49027,841,5.0
49028,369,3.0
49033,748,5.0
49034,737,5.0
49035,1171,4.0
49036,673,3.0
49037,673,4.0
49039,640,5.0
49039,748,5.0
49039,749,5.0
49042,640,5.0
49044,737,4.0
49046,640,5.0
49055,369,4.0
49056,369,3.0
49057,841,3.0
49058,640,5.0
49061,640,5.0
49062,640,5.0
49062,673,5.0
49062,748,5.0
49065,673,5.0
49066,650,3.0
49067,841,4.0
49068,650,5.0
49070,640,5.0
49072,841,5.0
49073,640,1.0
49073,673,1.0
49073,841,5.0
49074,650,2.0
49075,841,5.0
49079,841,5.0
49080,640,3.0
49083,640,5.0
49083,841,5.0
49084,841,5.0
49085,673,5.0
49085,737,5.0
49085,841,5.0
49086,748,5.0
49087,640,4.0
49094,1133,5.0
49096,673,1.0
49100,841,5.0
49102,841,5.0
49107,640,5.0
49107,841,4.0
49109,888,4.0
49113,640,5.0
49115,481,5.0
49116,841,5.0
49120,640,5.0
49122,1297,4.0
49128,888,5.0
49129,640,4.0
49129,748,3.0
49131,640,5.0
49135,737,1.0
49136,640,4.0
49138,481,5.0
49140,640,3.0
49141,1280,3.0
49146,824,4.0
49155,841,5.0
49157,369,1.0
49157,650,5.0
49160,640,4.0
49163,673,4.0
49164,640,4.0
49164,737,3.0
49166,481,3.0
49166,640,4.0
49166,748,4.0
49166,749,4.0
49169,841,5.0
49172,1220,4.0
49177,1220,1.0
49181,640,1.5
49184,650,4.0
49185,640,3.0
49186,841,5.0
49188,640,5.0
49189,640,5.0
49189,748,4.0
49190,737,4.0
49191,640,4.0
49191,841,5.0
49193,650,4.0
49194,640,4.0
49194,673,5.0
49194,841,5.0
49198,1278,5.0
49200,640,4.0
49201,841,5.0
49202,1171,3.5
49207,640,4.5
49207,673,5.0
49207,841,5.0
49209,481,5.0
49209,640,5.0
49209,748,3.0
49209,824,5.0
49209,841,5.0
49210,640,1.0
49211,673,5.0
49212,640,4.0
49212,748,5.0
49212,749,5.0
49212,824,5.0
49217,481,4.0
49217,640,5.0
49217,737,4.0
49217,748,4.0
49218,749,4.0
49219,640,5.0
49219,748,5.0
49219,841,5.0
49221,369,4.0
49221,640,2.5
49221,673,3.0
49221,841,5.0
49226,650,4.0
49227,640,4.5
49227,650,3.5
49227,673,1.0
49227,824,4.0
49227,841,5.0
49228,650,5.0
49229,640,3.3333333333333335
49231,640,4.0
49232,369,4.0
49232,640,4.2
49232,650,4.0
49232,748,5.0
49232,749,4.0
49232,824,5.0
49232,841,5.0
49235,748,5.0
49240,1220,4.0
49241,1166,4.0
49243,947,5.0
49243,975,4.0
49245,824,5.0
49246,1238,3.6666666666666665
49253,748,5.0
49258,913,4.0
49260,749,4.0
49263,640,4.0
49264,650,3.0
49265,640,5.0
49267,640,4.0
49269,640,5.0
49270,650,3.0
49274,640,4.0
49276,640,4.0
49281,481,4.0
49290,640,5.0
49293,369,4.0
49293,640,3.0
49307,640,4.0
49309,888,4.0
49309,1171,4.0
49310,650,3.0
49311,841,4.0
49312,673,3.0
49314,841,5.0
49315,640,4.25
49315,650,4.0
49315,737,5.0
49315,749,5.0
49315,841,4.0
49316,650,4.0
49317,748,5.0
49320,841,5.0
49321,640,4.0
49322,737,4.0
49322,824,5.0
49323,748,2.0
49329,1278,5.0
49330,640,5.0
49330,673,2.0
49330,841,4.0
49338,650,3.0
49338,841,5.0
49339,650,5.0
49347,640,4.0
49347,748,3.0
49347,749,2.0
49348,640,1.0
49348,737,3.0
49349,650,3.0
49351,640,4.0
49351,748,2.0
49354,369,3.0
49358,673,2.0
49361,841,5.0
49362,369,3.0
49362,841,5.0
49364,841,5.0
49367,841,5.0
49369,877,4.0
49376,841,4.0
49378,481,4.0
49379,369,5.0
49379,841,5.0
49381,640,3.0
49381,748,1.0
49381,824,5.0
49381,841,5.0
49386,748,5.0
49386,749,4.0
49387,640,5.0
49387,650,4.0
49390,369,4.0
49390,640,5.0
49391,640,4.0
49391,748,5.0
49394,748,4.0
49395,949,5.0
49396,1278,4.0
49400,888,5.0
49403,369,2.0
49403,640,5.0
49405,640,4.0
49408,748,5.0
49409,640,5.0
49409,737,4.0
49409,748,5.0
49409,749,5.0
49411,1171,3.0
49416,748,5.0
49416,841,5.0
49418,640,5.0
49418,737,5.0
49420,749,5.0
49421,824,4.0
49424,748,4.0
49429,888,4.0
49431,841,5.0
49432,749,5.0
49435,369,4.0
49436,673,4.0
49439,640,4.0
49439,841,5.0
49440,749,4.0
49441,640,5.0
49441,673,5.0
49441,737,4.0
49443,481,4.0
49447,749,5.0
49449,369,3.0
49455,640,5.0
49456,640,5.0
49456,841,5.0
49459,369,4.0
49460,640,5.0
49460,748,5.0
49461,841,5.0
49465,737,5.0
49467,824,3.0
49468,369,4.0
49468,824,5.0
49469,673,4.0
49477,1280,4.0
49478,824,3.0
49479,640,4.0
49479,650,4.0
49482,749,4.0
49489,640,5.0
49491,640,5.0
49491,673,4.0
49492,640,5.0
49493,640,5.0
49494,749,4.0
49495,737,5.0
49496,640,5.0
49498,737,4.0
49499,824,4.0
49501,748,4.0
49503,748,5.0
49504,640,4.0
49507,841,5.0
49509,737,5.0
49510,640,3.0
49512,748,4.0
49515,1166,4.0
49516,650,5.0
49517,369,5.0
49518,737,5.0
49519,737,4.0
49524,841,5.0
49525,640,5.0
49528,824,5.0
49530,369,4.0
49531,841,5.0
49532,748,4.0
49540,640,5.0
49543,640,5.0
49543,749,4.0
49543,841,5.0
49548,650,5.0
49549,640,4.0
49552,640,5.0
49554,1278,5.0
49555,1225,4.0
49557,737,5.0
49557,748,4.0
49559,369,5.0
49559,640,4.0
49559,748,5.0
49560,640,5.0
49564,650,5.0
49566,640,5.0
49567,640,5.0
49571,841,5.0
49576,640,5.0
49578,481,5.0
49579,841,5.0
49584,481,5.0
49586,650,5.0
49588,481,4.0
49588,749,5.0
49593,673,5.0
49595,640,5.0
49596,824,3.0
49596,841,5.0
49598,640,4.0
49599,748,1.0
49600,673,5.0
49601,650,4.0
49601,737,5.0
49603,640,4.0
49604,640,5.0
49606,481,5.0
49609,640,5.0
49611,640,5.0
49611,748,5.0
49613,673,4.0
49616,640,4.0
49616,748,4.0
49618,481,3.0
49618,640,4.0
49623,841,3.0
49624,640,5.0
49624,748,5.0
49625,737,5.0
49626,824,4.0
49628,841,5.0
49629,481,5.0
49632,749,3.0
49635,841,5.0
49636,749,2.0
49638,1171,4.0
49640,650,4.0
49640,824,2.0
49642,1238,4.0
49643,748,4.0
49646,369,2.0
49649,640,5.0
49649,673,3.0
49649,748,5.0
49652,481,2.0
49653,841,5.0
49655,1137,3.5
49656,640,4.0
49660,650,3.0
49660,748,4.0
49660,1297,4.0
49661,1278,5.0
49666,640,5.0
49669,748,5.0
49671,640,5.0
49671,748,4.0
49673,640,4.0
49673,824,4.0
49673,841,5.0
49674,640,5.0
49674,673,4.0
49682,1278,5.0
49685,369,3.0
49685,640,3.6666666666666665
49685,650,3.0
49685,748,4.5
49685,824,5.0
49685,841,5.0
49689,841,5.0
49692,673,4.0
49696,841,5.0
49698,640,1.0
49701,824,4.0
49704,640,5.0
49705,1280,5.0
49713,673,1.0
49717,640,5.0
49717,824,5.0
49718,640,5.0
49719,640,4.0
49727,640,5.0
49727,748,4.0
49729,824,4.0
49730,640,2.0
49732,947,5.0
49733,841,4.0
49734,748,5.0
49736,640,4.0
49740,640,4.0
49740,748,4.0
49742,640,4.0
49742,841,5.0
49744,824,5.0
49745,369,1.0
49745,640,4.0
49745,824,5.0
49746,640,4.0
49746,650,1.0
49746,748,5.0
49749,748,5.0
49749,824,3.0
49753,877,5.0
49759,650,4.0
49761,640,3.0
49763,369,3.0
49765,640,4.0
49766,640,5.0
49766,673,4.0
49766,748,4.0
49766,749,3.0
49767,640,4.0
49772,640,5.0
49772,650,5.0
49772,673,3.0
49772,748,5.0
49773,481,5.0
49776,640,4.0
49778,640,5.0
49779,650,4.0
49779,824,5.0
49780,748,4.0
49781,841,4.0
49782,640,4.0
49782,748,4.0
49782,824,4.0
49783,673,5.0
49784,673,4.0
49792,841,5.0
49793,748,4.0
49795,749,4.0
49802,748,3.0
49803,841,5.0
49808,640,1.0
49812,824,5.0
49813,748,5.0
49815,1278,5.0
49817,1171,4.0
49821,369,3.0
49821,640,5.0
49821,673,4.0
49821,737,5.0
49821,841,4.0
49830,737,5.0
49831,369,4.0
49832,640,5.0
49833,640,5.0
49833,749,4.0
49836,369,5.0
49839,481,5.0
49839,640,3.0
49840,673,5.0
49841,640,4.0
49842,640,4.0
49844,748,5.0
49845,841,5.0
49849,640,5.0
49852,481,1.0
49853,824,4.0
49855,640,4.0
49858,369,4.0
49859,824,5.0
49859,841,5.0
49860,841,5.0
49861,824,5.0
49864,640,3.0
49864,650,5.0
49864,673,4.0
49869,748,4.0
49869,824,5.0
49871,640,5.0
49871,748,5.0
49873,640,4.0
49874,1166,4.0
49876,673,4.0
49876,749,4.0
49879,640,1.0
49883,1171,5.0
49884,748,4.0
49888,640,4.0
49888,748,3.0
49889,640,4.0
49892,841,4.0
49898,841,5.0
49899,824,5.0
49901,640,5.0
49904,841,5.0
49905,748,4.0
49908,841,5.0
49914,748,2.0
49915,650,4.0
49915,824,5.0
49915,1225,4.0
49917,841,5.0
49918,1238,4.0
49920,640,5.0
49922,650,3.0
49924,640,5.0
49927,673,2.0
49928,1171,4.0
49929,748,5.0
49931,1278,5.0
49933,650,4.0
49933,673,3.0
49933,841,5.0
49934,640,4.0
49939,737,4.0
49941,640,5.0
49941,748,5.0
49947,640,5.0
49948,841,5.0
49949,748,5.0
49951,748,3.0
49955,640,3.0
49957,640,5.0
49962,748,5.0
49967,640,3.0
49967,748,4.0
49968,640,5.0
49968,748,4.0
49968,749,3.0
49969,640,4.0
49969,748,4.0
49970,650,3.0
49971,640,4.0
49973,369,5.0
49974,640,4.0
49974,748,3.0
49976,673,5.0
49977,1171,4.0
49978,841,4.0
49979,640,4.0
49981,640,4.0
49982,640,4.0
49982,824,3.0
49983,748,4.0
49983,749,3.0
49989,640,5.0
50000,673,4.0
50006,640,5.0
50007,640,4.0
50007,749,5.0
50008,640,4.0
50010,1297,2.0
50011,748,5.0
50012,1133,5.0
50013,640,3.0
50014,640,5.0
50017,824,4.0
50020,841,5.0
50026,673,5.0
50029,640,5.0
50031,640,4.0
50032,640,5.0
50035,640,3.0
50037,650,5.0
50038,673,3.0
50039,640,4.0
50041,841,5.0
50042,841,4.0
50043,841,5.0
50044,673,4.0
50045,481,3.0
50047,650,5.0
50050,841,5.0
50051,748,5.0
50052,640,1.0
50056,640,5.0
50061,1220,4.0
50063,369,3.0
50063,841,4.333333333333333
50073,673,4.0
50075,481,5.0
50076,749,4.0
50078,673,1.0
50078,841,4.0
50081,748,5.0
50081,749,4.0
50082,640,3.0
50086,640,5.0
50086,841,5.0
50087,1278,4.0
50092,640,4.0
50095,841,5.0
50096,748,5.0
50098,748,5.0
50102,748,5.0
50104,369,5.0
50105,640,4.0
50107,369,5.0
50107,640,4.0
50107,841,5.0
50110,1171,5.0
50111,841,5.0
50114,640,4.0
50115,640,5.0
50116,841,5.0
50118,841,5.0
50119,824,4.0
50120,640,4.0
50120,749,4.0
50121,841,5.0
50124,673,4.0
50124,841,4.0
50125,650,4.0
50127,640,5.0
50127,673,3.0
50128,369,5.0
50130,640,3.0
50131,640,5.0
50135,824,4.0
50136,640,5.0
50137,640,5.0
50138,640,5.0
50138,748,5.0
50142,640,4.0
50144,640,4.0
50145,1166,3.0
50146,749,4.0
50151,369,3.0
50153,650,5.0
50155,1280,4.0
50158,650,5.0
50159,673,2.0
50160,640,4.0
50160,650,4.0
50162,481,2.0
50163,737,5.0
50168,640,5.0
50171,737,4.0
50172,640,5.0
50176,841,5.0
50179,640,5.0
50179,650,4.0
50180,640,5.0
50180,749,5.0
50183,640,4.0
50187,650,1.0
50190,640,1.0
50191,841,4.0
50193,841,5.0
50196,481,2.0
50197,824,5.0
50202,481,3.0
50203,673,3.0
50204,888,5.0
50205,1171,4.0
50207,824,4.0
50212,841,4.0
50216,824,4.0
50217,748,5.0
50219,369,3.0
50219,824,5.0
50221,640,5.0
50221,748,3.0
50231,640,5.0
50232,888,5.0
50232,1166,5.0
50234,640,5.0
50234,650,5.0
50234,749,5.0
50235,737,5.0
50236,673,4.0
50236,748,4.0
50237,1297,2.0
50241,640,3.0
50245,841,5.0
50246,640,3.0
50247,650,4.0
50247,841,5.0
50249,640,5.0
50255,640,3.0
50256,640,5.0
50256,650,4.0
50257,640,5.0
50264,673,3.0
50265,841,4.0
50268,369,1.0
50268,640,5.0
50271,369,4.0
50273,737,5.0
50273,748,5.0
50277,737,5.0
50277,824,4.0
50278,749,5.0
50288,640,4.0
50289,824,5.0
50291,640,5.0
50293,748,5.0
50298,824,4.0
50300,748,4.0
50301,1297,3.0
50307,640,5.0
50307,748,4.0
50311,640,4.0
50313,369,4.0
50313,841,5.0
50318,673,4.0
50321,748,4.0
50324,737,5.0
50329,640,4.0
50329,650,3.0
50329,749,4.0
50334,640,4.0
50334,749,4.0
50337,481,3.0
50339,640,4.0
50339,824,3.0
50341,369,5.0
50349,481,5.0
50350,748,4.0
50351,824,3.0
50352,841,4.0
50353,1238,3.25
50355,650,3.0
50356,640,5.0
50359,640,4.0
50362,748,5.0
50365,369,5.0
50365,841,5.0
50366,640,5.0
50368,640,4.0
50368,650,4.0
50368,824,4.0
50370,737,4.0
50373,650,4.0
50374,841,5.0
50377,369,4.0
50381,841,5.0
50382,748,5.0
50386,369,1.0
50386,841,5.0
50387,650,4.0
50387,841,5.0
50389,640,3.0
50390,640,4.0
50391,640,5.0
50392,640,4.0
50393,824,4.0
50396,748,3.0
50396,937,3.0
50398,369,2.0
50400,650,5.0
50401,481,4.0
50401,824,4.0
50402,748,4.0
50403,640,5.0
50403,748,5.0
50409,640,5.0
50410,947,5.0
50412,841,5.0
50417,737,4.0
50419,640,3.0
50428,824,4.0
50432,640,5.0
50433,748,3.0
50435,1220,5.0
50436,650,5.0
50439,640,4.0
50440,640,4.0
50451,640,5.0
50451,841,5.0
50458,1171,4.0
50459,640,3.0
50464,481,4.0
50464,640,4.0
50465,369,2.0
50465,640,3.0
50469,673,3.0
50470,640,5.0
50470,748,5.0
50471,748,5.0
50472,824,4.0
50473,748,2.0
50474,640,2.0
50474,673,3.0
50477,737,5.0
50479,749,4.0
50480,640,2.0
50480,650,3.0
50480,749,3.0
50485,481,5.0
50487,650,5.0
50489,1280,4.0
50490,749,3.0
50491,369,3.0
50492,640,1.0
50492,841,5.0
50496,673,1.0
50500,369,2.0
50502,737,5.0
50504,737,5.0
50506,824,4.0
50508,1297,5.0
50509,481,4.0
50509,673,3.0
50509,1280,4.5
50511,640,4.0
50516,1171,3.5
50518,737,4.0
50520,640,5.0
50523,640,5.0
50525,369,4.0
50525,650,5.0
50528,748,5.0
50530,824,4.0
50532,1278,5.0
50533,748,5.0
50536,640,5.0
50536,737,3.0
50536,748,3.0
50538,841,5.0
50539,650,4.0
50541,481,5.0
50542,640,5.0
50542,748,5.0
50544,737,5.0
50545,1280,5.0
50549,748,5.0
50552,481,3.0
50552,640,3.0
50552,737,4.0
50553,673,3.0
50553,841,4.0
50555,737,4.0
50555,824,5.0
50556,748,4.0
50561,737,5.0
50574,673,3.0
50575,748,5.0
50579,1297,4.0
50581,841,5.0
50588,841,5.0
50590,841,4.0
50591,841,5.0
50596,748,4.0
50601,640,4.0
50602,737,4.0
50604,650,5.0
50607,841,4.0
50611,841,4.0
50612,841,5.0
50613,640,5.0
50614,841,5.0
50618,640,5.0
50622,841,4.5
50625,650,2.0
50626,640,5.0
50630,1278,4.7272727272727275
50631,640,3.0
50631,748,5.0
50633,841,4.0
50635,841,4.0
50637,369,5.0
50637,640,4.0
50639,640,5.0
50640,481,5.0
50640,640,3.0
50640,748,5.0
50641,640,5.0
50642,640,5.0
50645,841,5.0
50650,748,5.0
50651,640,4.0
50652,640,4.0
50654,640,5.0
50655,640,5.0
50656,748,4.0
50657,640,5.0
50660,640,5.0
50661,640,3.0
50668,841,5.0
50672,1278,5.0
50675,640,5.0
50675,748,5.0
50680,748,4.0
50686,481,3.0
50688,640,5.0
50690,640,4.0
50690,841,4.0
50691,673,4.0
50691,749,5.0
50691,824,5.0
50691,841,5.0
50692,640,4.0
50692,749,2.0
50694,841,5.0
50696,1280,2.0
50708,841,5.0
50711,640,5.0
50712,640,5.0
50712,748,4.0
50714,640,3.0
50715,841,5.0
50716,640,3.0
50717,824,4.0
50718,640,4.0
50718,748,4.0
50720,748,4.0
50722,640,5.0
50726,369,3.0
50726,640,3.0
50726,748,5.0
50727,640,5.0
50729,640,5.0
50731,640,5.0
50732,650,5.0
50733,737,4.0
50733,841,3.0
50743,640,5.0
50743,749,3.0
50746,737,4.0
50746,824,3.0
50748,1297,4.0
50749,824,5.0
50754,841,5.0
50755,369,4.0
50757,640,5.0
50758,748,4.0
50759,1220,5.0
50761,1297,5.0
50762,1280,5.0
50764,1171,4.0
50769,841,4.0
50776,650,4.0
50780,749,4.0
50784,841,5.0
50785,640,4.0
50788,673,5.0
50791,1297,3.8
50793,650,4.0
50795,640,4.0
50799,640,5.0
50799,748,5.0
50799,841,3.0
50801,749,2.0
50801,841,4.0
50804,640,5.0
50804,748,4.0
50804,841,5.0
50805,748,3.0
50806,1171,4.0
50809,640,4.0
50809,748,5.0
50809,749,4.0
50810,748,5.0
50814,749,4.0
50815,369,4.0
50819,640,1.0
50820,640,1.0
50821,673,4.0
50823,640,4.0
50823,748,4.0
50828,749,5.0
50829,737,4.0
50829,748,5.0
50829,824,5.0
50830,673,3.0
50831,640,2.0
50842,650,5.0
50855,1171,4.0
50856,748,5.0
50858,737,1.0
50858,824,1.0
50859,1166,4.0
50862,841,4.0
50863,841,4.0
50867,369,4.0
50867,640,4.0
50867,650,4.0
50867,748,4.0
50868,481,5.0
50870,841,3.0
50871,673,4.0
50874,824,3.0
50875,640,4.0
50877,1278,4.0
50878,1278,4.5
50879,824,5.0
50887,481,3.0
50888,640,5.0
50888,748,5.0
50889,650,5.0
50895,1225,1.0
50896,748,4.0
50897,1220,4.25
50898,824,4.0
50899,640,5.0
50899,650,5.0
50899,824,4.0
50902,737,3.0
50902,824,4.0
50904,640,4.0
50906,640,5.0
50908,640,4.0
50909,841,4.0
50914,640,5.0
50915,640,3.0
50920,640,5.0
50922,640,5.0
50923,640,5.0
50924,748,5.0
50925,841,5.0
50928,1137,4.0
50929,673,5.0
50932,841,5.0
50934,481,4.0
50935,369,4.0
50936,737,5.0
50938,640,5.0
50940,640,5.0
50941,640,5.0
50942,640,5.0
50946,640,5.0
50946,841,5.0
50951,650,3.0
50953,640,5.0
50954,640,5.0
50954,824,5.0
50956,841,5.0
50958,841,5.0
50959,640,4.0
50959,748,5.0
50961,748,5.0
50962,1171,4.0
50967,640,5.0
50967,841,5.0
50968,640,4.0
50970,640,5.0
50972,1278,5.0
50976,748,4.0
50977,737,5.0
50979,748,4.0
50981,1278,2.4
50986,824,3.0
50988,737,1.0
50989,481,5.0
50991,640,5.0
50991,748,5.0
50991,749,4.0
50994,673,5.0
50995,640,4.0
50995,749,3.0
50995,824,4.0
51002,1166,3.0
51003,841,5.0
51009,1297,3.0
51011,748,3.0
51014,1238,5.0
51015,1166,2.3333333333333335
51018,737,4.0
51021,673,2.0
51022,748,3.0
51033,369,5.0
51034,1225,2.0
51035,369,5.0
51035,737,5.0
51039,748,5.0
51040,824,3.0
51040,841,5.0
51041,1278,4.0
51042,888,5.0
51042,1166,3.0
51045,640,5.0
51047,1171,5.0
51049,650,5.0
51052,749,4.0
51053,841,5.0
51054,841,5.0
51055,640,4.0
51057,841,4.0
51060,640,4.0
51064,640,5.0
51067,640,4.0
51067,748,5.0
51068,748,1.0
51069,640,5.0
51069,748,5.0
51069,749,5.0
51071,1166,1.0
51073,640,5.0
51074,640,5.0
51076,640,2.0
51077,640,5.0
51077,650,4.0
51077,841,5.0
51079,640,5.0
51079,824,5.0
51081,673,5.0
51081,737,5.0
51081,749,5.0
51081,824,4.0
51085,841,3.0
51086,640,4.0
51086,841,5.0
51089,640,5.0
51092,640,2.0
51094,841,5.0
51096,650,4.0
51098,1297,4.0
51100,640,4.0
51100,673,4.0
51102,369,4.0
51102,841,4.0
51104,650,4.5
51104,737,5.0
51106,1280,5.0
51107,1171,4.0
51110,749,5.0
51113,640,4.0
51113,841,5.0
51118,650,5.0
51118,673,3.0
51119,640,5.0
51119,841,3.0
51121,369,1.0
51121,640,4.0
51121,749,3.0
51122,737,5.0
51123,640,4.0
51123,673,1.0
51124,640,5.0
51124,748,4.0
51134,640,4.0
51136,640,3.0
51136,748,5.0
51137,640,3.0
51137,841,4.5
51138,640,5.0
51139,640,5.0
51140,841,4.0
51141,640,5.0
51141,737,2.0
51141,824,5.0
51142,673,5.0
51150,640,4.0
51154,640,5.0
51157,748,5.0
51157,824,3.0
51157,841,3.0
51159,640,4.0
51167,640,3.0
51167,748,5.0
51168,1280,4.5
51169,673,3.0
51169,1297,2.0
51170,913,4.0
51172,1171,4.0
51174,673,5.0
51182,737,3.0
51182,824,4.0
51182,841,5.0
51189,748,5.0
51190,369,3.0
51190,640,5.0
51190,824,5.0
51192,673,5.0
51193,1171,5.0
51203,841,5.0
51204,369,5.0
51204,650,4.0
51204,673,3.0
51204,749,4.0
51204,841,5.0
51206,1278,3.6
51208,640,4.0
51209,369,2.0
51209,748,4.0
51211,640,4.0
51211,748,3.0
51213,673,4.0
51213,737,5.0
51215,640,5.0
51222,737,4.0
51222,1171,4.0
51223,824,4.0
51225,369,4.0
51225,737,4.0
51225,748,4.0
51225,824,4.0
51229,673,4.0
51230,650,5.0
51232,369,1.0
51234,841,4.0
51235,640,5.0
51241,1238,3.5
51242,369,4.0
51242,673,5.0
51246,640,3.0
51246,737,5.0
51246,748,4.0
51246,824,4.0
51247,640,5.0
51251,640,3.0
51252,640,4.0
51252,737,5.0
51252,748,4.0
51252,824,5.0
51254,650,5.0
51257,481,3.0
51257,737,3.0
51262,841,2.0
51268,640,5.0
51269,1238,5.0
51275,640,4.0
51278,841,5.0
51283,640,4.0
51292,640,4.0
51294,640,4.0
51295,640,5.0
51295,737,3.0
51295,841,4.5
51296,841,5.0
51297,640,5.0
51298,369,4.0
51298,841,5.0
51301,640,5.0
51301,748,5.0
51302,824,5.0
51302,841,5.0
51303,369,3.3333333333333335
51304,841,5.0
51308,640,5.0
51309,640,5.0
51314,481,3.0
51317,640,4.5
51317,841,5.0
51321,369,3.0
51323,369,2.0
51327,640,5.0
51329,748,5.0
51330,841,4.0
51331,841,5.0
51333,640,5.0
51333,748,5.0
51334,841,5.0
51335,481,5.0
51336,824,5.0
51337,841,5.0
51338,841,5.0
51342,640,5.0
51343,650,3.0
51343,673,4.0
51343,824,4.0
51344,481,1.0
51346,841,5.0
51349,841,5.0
51352,369,5.0
51352,748,5.0
51354,650,3.0
51356,748,5.0
51357,640,4.0
51357,748,4.0
51358,481,5.0
51359,640,4.0
51359,650,3.0
51363,749,5.0
51364,640,5.0
51364,650,5.0
51368,748,5.0
51374,650,4.0
51376,640,4.0
51377,640,3.0
51378,640,1.0
51386,369,3.0
51386,748,4.0
51389,737,5.0
51394,640,4.75
51394,748,4.5
51394,749,4.0
51396,737,4.0
51396,824,5.0
51399,640,5.0
51399,748,5.0
51402,640,5.0
51403,841,4.0
51406,841,5.0
51408,748,4.0
51408,1280,4.5
51411,640,3.0
51411,841,5.0
51417,673,4.0
51418,737,4.0
51420,640,3.0
51421,640,3.0
51425,748,4.0
51426,841,5.0
51427,1133,5.0
51429,841,5.0
51430,1133,4.5
51433,640,4.0
51433,749,5.0
51434,841,5.0
51435,640,5.0
51436,1278,5.0
51437,369,2.0
51437,640,4.5
51437,748,5.0
51437,749,4.0
51438,369,2.0
51438,673,5.0
51441,640,3.0
51444,748,4.0
51451,640,5.0
51451,824,5.0
51452,640,5.0
51452,737,5.0
51452,748,5.0
51452,841,5.0
51454,650,2.0
51455,1225,4.0
51457,1171,4.0
51458,841,4.0
51459,640,5.0
51459,748,5.0
51461,841,5.0
51462,673,2.0
51469,640,5.0
51470,481,5.0
51470,650,4.0
51475,650,3.0
51475,737,5.0
51475,748,5.0
51477,640,5.0
51478,640,4.0
51478,748,4.0
51479,1166,2.0
51480,748,5.0
51480,749,4.0
51482,650,3.0
51484,737,4.0
51489,640,3.0
51491,640,4.0
51491,748,4.0
51494,640,5.0
51500,640,4.0
51500,748,3.0
51505,841,5.0
51510,841,5.0
51511,369,3.0
51513,640,5.0
51513,650,5.0
51513,737,5.0
51515,640,5.0
51518,640,5.0
51518,748,4.0
51521,928,5.0
51524,841,5.0
51539,640,5.0
51540,841,5.0
51541,650,2.0
51542,481,5.0
51544,841,5.0
51546,841,5.0
51552,824,5.0
51555,748,5.0
51557,748,5.0
51557,1278,4.0
51558,737,3.0
51560,1171,2.5
51562,640,3.0
51564,824,4.0
51567,640,5.0
51567,748,5.0
51567,749,4.0
51567,824,4.0
51569,749,4.0
51573,640,3.0
51573,841,4.0
51578,748,5.0
51580,1278,4.5
51581,841,5.0
51582,897,4.0
51583,640,4.0
51583,650,3.0
51583,841,5.0
51587,481,5.0
51587,841,5.0
51589,841,5.0
51590,640,5.0
51590,748,5.0
51591,640,5.0
51594,824,5.0
51594,841,5.0
51602,640,4.0
51603,640,1.0
51603,841,5.0
51604,673,4.0
51606,640,3.0
51606,748,4.0
51607,737,4.0
51608,640,3.0
51608,748,5.0
51608,824,4.0
51609,650,4.0
51610,481,5.0
51612,640,4.0
51613,841,4.0
51615,1297,2.0
51620,841,5.0
51626,748,4.0
51631,888,5.0
51632,824,4.0
51635,748,5.0
51635,1238,4.333333333333333
51636,824,5.0
51637,749,5.0
51641,481,3.0
51645,481,5.0
51646,640,5.0
51650,841,5.0
51651,640,4.0
51652,369,2.0
51652,640,5.0
51656,650,5.0
51657,748,5.0
51659,841,5.0
51663,748,4.0
51671,640,5.0
51671,748,4.0
51671,749,3.0
51676,1278,5.0
51678,749,4.0
51679,673,4.0
51679,841,4.0
51680,673,5.0
51680,737,5.0
51684,841,5.0
51687,650,4.0
51689,481,5.0
51691,824,4.0
51693,640,2.0
51693,748,4.0
51695,481,5.0
51695,673,5.0
51697,748,5.0
51698,749,4.0
51701,650,5.0
51702,369,3.0
51703,673,4.0
51704,650,4.0
51708,673,4.0
51709,640,5.0
51715,640,5.0
51715,748,4.0
51716,640,5.0
51721,640,3.0
51722,369,5.0
51724,888,5.0
51724,1171,5.0
51728,640,5.0
51729,841,4.0
51733,841,5.0
51734,640,5.0
51734,748,4.0
51736,640,5.0
51736,673,5.0
51739,824,5.0
51741,673,3.0
51741,737,3.0
51741,841,5.0
51742,749,1.0
51747,1171,5.0
51754,640,5.0
51761,650,4.0
51765,481,4.0
51768,640,4.0
51770,737,4.0
51771,841,5.0
51772,748,3.0
51776,640,3.0
51776,749,3.0
51777,673,4.0
51778,748,4.0
51778,841,4.0
51782,1278,4.0
51784,640,5.0
51784,748,5.0
51785,749,2.0
51788,673,5.0
51791,640,3.0
51792,640,3.0
51794,673,2.0
51796,640,4.0
51797,640,4.0
51800,640,5.0
51804,481,5.0
51806,841,5.0
51812,1278,4.0
51817,640,5.0
51818,640,5.0
51819,841,4.0
51821,824,2.0
51828,1280,4.0
51830,650,2.0
51831,640,5.0
51833,640,4.0
51833,748,5.0
51836,841,4.0
51841,1171,4.0
51843,640,4.5
51843,748,5.0
51844,737,5.0
51846,1297,4.0
51848,841,5.0
51849,640,5.0
51851,749,5.0
51853,841,5.0
51853,1297,3.5
51854,481,4.0
51855,737,5.0
51855,824,5.0
51857,748,4.0
51864,1137,4.0
51868,650,1.0
51869,640,5.0
51869,650,4.0
51869,737,3.0
51869,748,4.0
51869,937,4.0
51869,1220,3.6
51872,824,5.0
51874,748,5.0
51874,749,3.0
51876,369,2.0
51877,640,4.0
51877,650,3.0
51877,749,3.0
51877,888,5.0
51882,749,5.0
51885,650,2.0
51887,369,5.0
51890,748,5.0
51890,824,5.0
51891,640,5.0
51893,737,5.0
51896,369,4.0
51900,640,4.0
51903,841,5.0
51904,748,4.0
51905,640,5.0
51906,640,4.0
51907,640,5.0
51908,1133,5.0
51910,640,5.0
51911,640,4.0
51912,673,3.0
51916,640,5.0
51918,650,4.0
51920,824,3.0
51921,888,5.0
51925,640,4.0
51928,673,2.0
51931,1238,2.5
51933,640,5.0
51935,640,5.0
51935,748,4.0
51936,650,3.0
51941,841,2.0
51945,841,5.0
51945,1166,4.0
51950,650,3.0
51951,650,5.0
51952,650,3.0
51955,1220,3.0
51956,824,4.0
51957,1297,2.0
51958,481,3.0
51962,824,4.0
51969,1280,5.0
51971,748,5.0
51973,640,5.0
51975,640,3.0
51976,737,3.0
51976,824,5.0
51977,640,5.0
51978,749,4.0
51979,640,4.0
51979,737,4.0
51982,640,4.0
51984,481,4.0
51985,650,4.0
51989,749,4.0
51989,824,3.0
51990,640,4.0
51992,481,4.0
51994,640,3.0
51994,748,4.0
51998,824,3.0
52001,650,4.0
52009,640,5.0
52013,640,4.0
52016,640,4.0
52019,481,1.0
52019,749,5.0
52020,640,5.0
52021,640,4.0
52025,650,4.0
52027,841,5.0
52028,640,4.0
52028,748,5.0
52028,749,5.0
52031,640,5.0
52037,841,5.0
52040,1171,5.0
52041,369,3.0
52041,640,4.0
52042,748,5.0
52045,640,3.0
52046,1137,5.0
52051,640,4.0
52051,748,4.0
52052,481,5.0
52058,841,5.0
52059,640,5.0
52059,841,5.0
52061,673,4.0
52063,824,5.0
52066,640,4.0
52067,824,3.0
52069,737,4.0
52073,841,5.0
52074,650,4.5
52074,673,5.0
52075,369,4.0
52075,650,3.0
52075,748,4.0
52076,640,5.0
52079,1297,5.0
52083,1280,3.0
52084,640,5.0
52086,673,4.0
52087,841,4.0
52089,481,5.0
52089,640,5.0
52090,640,5.0
52091,841,5.0
52093,369,5.0
52093,640,4.0
52093,748,4.0
52093,749,5.0
52093,841,5.0
52094,640,5.0
52094,673,1.0
52094,748,5.0
52095,824,3.0
52102,650,4.0
52103,640,3.0
52103,841,5.0
52106,737,5.0
52113,650,5.0
52114,737,4.0
52115,1297,5.0
52118,481,5.0
52120,650,4.0
52127,640,3.0
52127,737,5.0
52128,748,5.0
52131,640,3.0
52132,640,4.0
52133,748,5.0
52137,1171,5.0
52142,748,4.0
52146,640,4.0
52146,748,3.0
52147,640,5.0
52148,640,5.0
52149,748,3.0
52151,640,5.0
52152,640,4.0
52154,737,5.0
52155,749,4.0
52156,1166,3.0
52157,841,3.6666666666666665
52159,650,5.0
52159,737,4.0
52159,841,5.0
52161,650,4.0
52163,650,5.0
52171,481,5.0
52171,737,5.0
52171,748,5.0
52173,640,3.0
52174,841,5.0
52175,1297,4.0
52176,748,4.0
52176,749,4.0
52177,748,5.0
52177,749,5.0
52179,737,4.0
52179,824,4.0
52186,640,5.0
52191,640,3.0
52193,640,5.0
52195,481,5.0
52198,650,5.0
52200,841,4.0
52203,640,5.0
52203,749,4.0
52204,1220,5.0
52210,650,5.0
52211,737,4.0
52223,640,2.0
52223,650,4.0
52223,748,3.0
52223,749,4.0
52224,640,5.0
52227,640,3.0
52227,748,3.0
52227,749,5.0
52241,640,5.0
52242,673,5.0
52244,824,4.0
52246,673,4.0
52247,748,5.0
52248,737,1.0
52249,1280,5.0
52251,841,4.0
52262,369,3.0
52265,640,5.0
52266,481,4.0
52270,749,5.0
52271,841,5.0
52273,937,3.0
52276,673,4.0
52277,737,5.0
52282,640,3.0
52283,673,4.0
52287,481,4.0
52289,1133,4.0
52290,640,3.0
52292,481,5.0
52293,640,3.0
52296,841,5.0
52299,481,2.0
52300,640,4.0
52300,673,5.0
52301,650,5.0
52307,650,5.0
52309,841,5.0
52310,737,5.0
52313,640,5.0
52321,841,5.0
52323,481,5.0
52323,748,4.0
52326,640,3.0
52329,1166,4.5
52330,1278,5.0
52332,640,4.0
52338,640,5.0
52338,749,2.0
52338,824,3.0
52339,841,5.0
52340,650,4.0
52341,841,5.0
52343,841,4.0
52344,481,5.0
52344,748,4.0
52347,640,3.0
52349,841,5.0
52352,749,4.0
52353,1171,3.6
52354,481,4.0
52360,369,3.0
52361,640,4.0
52361,650,1.0
52362,748,5.0
52367,673,1.0
52370,640,5.0
52370,748,5.0
52371,841,4.0
52374,749,4.0
52375,748,4.0
52377,673,4.0
52380,481,5.0
52381,369,3.0
52388,841,2.0
52392,640,5.0
52393,640,4.0
52401,673,4.0
52401,824,5.0
52402,481,5.0
52404,640,5.0
52406,640,4.0
52411,640,5.0
52411,748,5.0
52413,640,4.0
52415,640,4.0
52417,841,2.0
52418,1171,2.6666666666666665
52419,841,5.0
52420,749,4.0
52420,824,5.0
52423,369,2.0
52427,369,4.0
52431,640,5.0
52432,841,5.0
52435,640,5.0
52436,841,5.0
52438,640,4.0
52440,841,4.0
52445,841,4.0
52452,841,5.0
52459,841,5.0
52460,1238,5.0
52461,737,4.0
52463,481,5.0
52464,824,5.0
52465,369,4.0
52465,749,5.0
52466,748,3.0
52467,369,4.0
52468,369,4.0
52469,748,3.0
52473,640,5.0
52473,748,5.0
52474,673,3.0
52474,737,3.0
52475,748,5.0
52483,737,3.0
52483,824,3.0
52484,737,3.0
52484,841,4.0
52485,673,4.0
52486,737,3.0
52487,640,5.0
52488,737,1.0
52489,1278,5.0
52494,650,4.0
52495,640,4.0
52495,748,5.0
52497,737,4.0
52501,481,4.0
52504,841,5.0
52506,640,4.0
52508,481,4.0
52511,640,3.0
52515,640,4.0
52515,748,4.0
52516,841,5.0
52517,824,4.0
52519,749,5.0
52521,841,4.0
52522,737,4.0
52524,640,1.0
52528,640,5.0
52529,640,5.0
52530,650,3.0
52531,640,4.0
52533,824,4.0
52535,481,5.0
52536,673,5.0
52538,748,2.0
52538,1166,1.5
52540,737,1.0
52541,737,5.0
52541,749,3.0
52542,640,5.0
52542,748,1.0
52546,640,4.0
52551,748,2.0
52553,737,1.0
52558,673,5.0
52559,841,5.0
52560,640,2.5
52560,748,5.0
52562,841,5.0
52565,640,3.0
52567,640,5.0
52567,841,5.0
52568,824,3.0
52569,737,5.0
52579,748,4.0
52580,947,4.0
52581,640,4.0
52582,1166,4.25
52585,640,4.0
52591,1166,2.75
52592,673,1.0
52593,640,4.0
52594,650,5.0
52595,369,4.0
52595,640,5.0
52596,640,5.0
52597,481,5.0
52598,369,3.0
52598,841,4.0
52599,1171,3.5
52602,640,5.0
52603,369,4.0
52617,640,5.0
52618,737,5.0
52619,640,4.0
52619,748,5.0
52624,640,4.0
52625,369,4.0
52629,841,5.0
52630,1171,3.0
52631,650,5.0
52633,640,4.0
52633,673,3.0
52633,737,4.5
52633,748,5.0
52633,749,4.0
52639,841,5.0
52640,481,3.0
52640,640,3.0
52644,748,4.0
52646,640,2.0
52646,650,4.0
52646,748,4.0
52649,1171,3.3333333333333335
52651,640,4.0
52658,481,5.0
52658,640,3.6666666666666665
52658,748,5.0
52664,640,4.0
52665,640,4.0
52666,673,4.0
52668,841,2.0
52670,841,5.0
52671,640,5.0
52674,369,3.0
52674,640,4.5
52674,748,2.5
52674,841,5.0
52675,1166,5.0
52679,841,4.0
52681,1171,4.0
52683,640,5.0
52684,640,3.6666666666666665
52684,650,5.0
52684,841,5.0
52687,841,5.0
52689,640,5.0
52689,748,4.0
52690,640,4.0
52692,673,3.0
52693,481,5.0
52693,749,4.0
52697,824,5.0
52702,1220,4.0
52703,481,4.0
52705,824,4.0
52706,673,5.0
52707,824,3.0
52708,640,4.0
52710,841,4.0
52713,640,5.0
52713,673,1.0
52713,737,5.0
52713,748,5.0
52713,1171,3.5
52714,737,5.0
52715,1166,4.333333333333333
52720,640,5.0
52722,673,5.0
52725,640,3.0
52726,640,3.0
52726,748,5.0
52726,824,4.0
52729,640,5.0
52730,640,5.0
52737,640,5.0
52738,640,5.0
52741,640,3.0
52745,640,4.0
52754,640,4.0
52754,748,4.0
52759,481,3.5
52759,640,4.0
52759,841,5.0
52760,640,4.0
52761,650,3.0
52764,640,4.0
52765,841,5.0
52770,841,5.0
52773,748,5.0
52774,1238,4.0
52776,369,2.0
52786,1278,5.0
52789,369,3.5
52789,673,4.0
52795,640,5.0
52796,369,4.0
52799,841,5.0
52801,640,4.0
52807,1137,3.0
52808,1297,5.0
52810,824,5.0
52811,640,5.0
52812,1238,4.5
52817,1171,3.0
52819,1171,3.875
52825,1166,5.0
52828,650,4.0
52832,748,5.0
52834,640,4.0
52834,748,5.0
52839,1278,5.0
52840,888,5.0
52844,369,5.0
52846,841,5.0
52848,841,5.0
52849,640,5.0
52849,748,3.0
52849,824,5.0
52852,640,4.0
52856,369,4.0
52856,841,5.0
52856,877,3.0
52857,640,4.0
52857,824,5.0
52857,841,4.5
52858,1278,5.0
52864,737,4.0
52866,748,4.0
52866,824,5.0
52867,824,4.0
52868,737,5.0
52868,824,4.0
52874,640,4.0
52875,737,4.0
52875,749,4.0
52876,824,5.0
52883,481,5.0
52886,640,5.0
52888,650,4.0
52895,481,4.0
52897,737,3.0
52900,640,5.0
52904,748,3.0
52906,640,5.0
52909,640,4.0
52909,748,4.0
52909,749,3.0
52913,888,5.0
52913,947,4.0
52915,640,5.0
52915,737,3.0
52915,748,5.0
52915,824,5.0
52918,640,5.0
52918,650,4.0
52918,1171,5.0
52919,640,4.0
52919,748,5.0
52921,748,4.0
52925,640,5.0
52925,748,5.0
52925,749,5.0
52933,824,5.0
52936,1166,4.0
52942,640,5.0
52951,640,4.0
52954,1171,4.0
52956,640,5.0
52957,841,5.0
52960,824,4.0
52969,640,5.0
52970,369,5.0
52971,369,5.0
52972,369,4.0
52974,737,5.0
52974,841,5.0
52976,1171,5.0
52978,640,5.0
52978,748,4.0
52979,640,4.0
52980,640,5.0
52981,640,3.0
52984,650,5.0
52987,737,5.0
52989,640,5.0
52989,841,5.0
52990,640,4.0
52990,748,2.0
52991,841,5.0
52993,737,2.0
52998,673,4.0
53002,841,5.0
53009,640,3.0
53009,841,5.0
53010,673,1.0
53013,673,1.0
53019,841,5.0
53020,650,5.0
53020,737,5.0
53020,824,4.0
53020,841,5.0
53022,640,4.0
53023,841,3.0
53026,673,2.0
53026,737,5.0
53029,650,3.0
53030,824,4.0
53034,737,2.0
53035,824,3.0
53036,640,5.0
53039,673,3.0
53039,749,2.0
53040,640,4.0
53040,749,4.0
53041,640,5.0
53043,841,4.0
53046,748,4.0
53047,640,5.0
53049,640,3.0
53052,481,5.0
53053,640,3.0
53055,749,4.0
53056,1166,4.5
53057,749,5.0
53060,650,2.0
53062,748,1.0
53064,640,4.0
53065,673,3.0
53066,841,5.0
53067,369,1.0
53068,640,5.0
53071,650,4.0
53072,673,2.0
53072,748,4.0
53072,749,4.0
53074,737,4.0
53075,748,5.0
53076,481,4.0
53080,673,5.0
53081,824,4.0
53082,650,3.0
53082,749,2.0
53083,481,5.0
53085,737,5.0
53094,841,5.0
53096,650,4.0
53096,748,5.0
53096,749,3.0
53096,824,5.0
53096,841,5.0
53099,640,4.0
53102,824,5.0
53105,640,4.0
53105,748,4.0
53105,749,4.0
53106,640,5.0
53107,673,3.0
53109,369,5.0
53109,749,4.0
53113,640,5.0
53113,749,5.0
53114,748,3.0
53117,369,4.0
53117,1171,2.0
53118,841,5.0
53119,748,4.0
53125,888,4.0
53132,640,3.6666666666666665
53133,640,4.5
53133,650,5.0
53133,748,5.0
53133,841,5.0
53136,650,3.0
53139,841,4.0
53141,640,3.0
53147,640,5.0
53147,748,4.0
53147,841,3.0
53148,1171,5.0
53149,1171,3.0
53152,640,4.0
53156,824,4.0
53161,640,5.0
53161,748,5.0
53162,640,5.0
53164,1280,3.0
53166,1280,2.0
53171,640,5.0
53176,841,5.0
53177,748,5.0
53181,650,4.25
53181,673,2.0
53181,749,2.0
53181,841,5.0
53182,640,3.0
53182,841,4.0
53184,640,4.666666666666667
53184,749,4.0
53184,841,5.0
53188,369,5.0
53188,481,5.0
53188,841,5.0
53189,1171,5.0
53193,369,4.0
53193,824,5.0
53194,748,4.0
53197,650,4.0
53201,640,5.0
53202,640,5.0
53202,748,5.0
53204,369,1.0
53204,640,4.0
53207,640,3.0
53211,640,4.0
53211,748,5.0
53213,650,5.0
53214,748,5.0
53215,841,5.0
53216,824,3.0
53220,640,5.0
53220,650,3.0
53221,673,3.0
53221,824,5.0
53226,650,4.0
53228,841,4.0
53230,640,2.0
53232,640,5.0
53234,640,5.0
53237,673,2.0
53238,1238,3.5
53240,640,2.0
53240,841,5.0
53243,673,3.0
53246,640,5.0
53248,640,5.0
53248,748,5.0
53248,749,3.0
53250,841,5.0
53251,841,3.0
53252,640,5.0
53252,841,5.0
53257,369,3.0
53257,640,5.0
53257,650,5.0
53259,748,5.0
53259,824,3.0
53261,841,5.0
53262,824,4.0
53265,640,4.0
53266,841,5.0
53270,748,5.0
53271,640,5.0
53272,640,5.0
53280,673,5.0
53282,640,5.0
53282,841,4.0
53283,650,3.0
53283,748,4.0
53286,640,4.0
53287,748,3.0
53288,640,3.0
53290,673,5.0
53298,640,4.0
53299,841,5.0
53300,369,3.0
53302,640,5.0
53303,1297,3.5
53306,650,5.0
53308,481,5.0
53309,737,5.0
53310,369,4.0
53310,737,5.0
53310,824,4.0
53313,640,3.0
53314,841,5.0
53315,369,5.0
53315,481,5.0
53315,640,4.0
53315,841,5.0
53317,640,3.0
53320,640,5.0
53320,748,4.0
53322,749,2.0
53328,640,4.0
53332,640,5.0
53335,749,3.0
53337,640,5.0
53337,748,5.0
53339,841,5.0
53348,1225,5.0
53349,1280,3.0
53351,640,5.0
53351,673,4.0
53352,640,5.0
53352,737,5.0
53352,748,5.0
53352,824,5.0
53355,888,5.0
53357,640,5.0
53358,640,1.0
53366,640,5.0
53368,748,2.0
53371,748,4.0
53373,897,5.0
53384,737,4.0
53385,640,4.0
53385,748,5.0
53385,749,5.0
53387,481,5.0
53389,748,5.0
53392,1225,5.0
53395,824,4.0
53396,640,4.0
53396,737,5.0
53396,748,3.0
53396,824,4.0
53398,640,4.0
53404,824,5.0
53405,673,5.0
53410,640,5.0
53411,481,4.0
53415,841,5.0
53420,640,4.0
53421,749,3.0
53423,748,5.0
53425,841,4.0
53426,824,5.0
53427,673,5.0
53428,640,2.0
53429,737,5.0
53429,1166,4.583333333333333
53431,640,4.0
53431,650,3.0
53431,749,5.0
53432,640,4.0
53436,748,5.0
53437,369,5.0
53437,841,4.0
53441,1225,5.0
53442,481,4.0
53442,640,4.0
53442,673,4.0
53442,748,5.0
53443,640,5.0
53450,481,5.0
53459,640,4.0
53459,748,4.0
53467,748,3.0
53469,640,2.0
53469,748,5.0
53470,640,4.0
53473,369,3.0
53473,841,3.0
53474,888,5.0
53477,737,5.0
53477,824,5.0
53479,640,4.0
53479,824,2.0
53479,1297,5.0
53480,841,5.0
53483,640,5.0
53486,1225,3.0
53487,640,3.0
53490,640,5.0
53496,640,5.0
53497,737,4.0
53498,369,5.0
53500,369,4.0
53500,640,4.0
53501,737,4.0
53504,650,3.0
53509,640,4.0
53509,824,4.0
53512,1133,5.0
53516,640,4.0
53516,673,3.0
53518,737,4.0
53521,640,4.0
53521,748,2.0
53521,749,3.0
53526,640,5.0
53527,481,5.0
53528,640,4.0
53532,737,5.0
53532,824,4.0
53533,640,4.0
53533,748,5.0
53533,749,5.0
53534,640,5.0
53536,1166,4.0
53538,748,4.0
53540,640,5.0
53543,369,4.0
53543,673,4.0
53545,737,3.0
53545,748,4.0
53550,640,4.0
53550,650,4.0
53550,841,4.0
53551,841,3.0
53552,640,1.0
53556,640,5.0
53561,737,4.0
53564,640,4.0
53571,737,2.0
53573,841,5.0
53574,640,5.0
53576,748,5.0
53576,749,4.0
53578,1278,5.0
53581,1137,4.0
53583,1166,5.0
53584,369,4.0
53585,824,5.0
53586,673,3.0
53591,737,5.0
53591,824,5.0
53592,640,5.0
53594,650,5.0
53595,640,4.0
53599,640,4.0
53600,748,4.0
53600,749,5.0
53604,737,5.0
53604,748,3.0
53604,824,4.0
53606,369,4.0
53607,737,5.0
53608,824,5.0
53610,1278,4.0
53611,650,4.0
53623,1166,4.0
53630,737,5.0
53633,369,4.0
53633,841,4.0
53634,650,4.0
53636,1278,4.5
53637,640,4.0
53638,640,4.0
53639,1171,5.0
53642,640,5.0
53646,640,4.0
53653,737,4.0
53654,640,5.0
53656,841,4.0
53657,748,4.0
53657,749,3.0
53658,737,4.0
53658,748,4.0
53658,824,4.0
53659,650,3.0
53659,748,3.0
53660,673,4.0
53662,640,4.0
53664,640,4.0
53664,748,4.0
53665,640,4.0
53667,749,4.0
53669,748,3.0
53670,824,5.0
53673,673,3.0
53673,737,5.0
53676,481,5.0
53676,640,5.0
53676,650,5.0
53676,824,5.0
53679,841,4.0
53683,640,4.0
53685,841,3.0
53687,640,4.0
53687,841,4.0
53688,481,3.0
53689,1166,3.5
53690,369,1.0
53690,640,5.0
53690,650,5.0
53693,824,5.0
53694,640,5.0
53694,673,1.0
53694,748,5.0
53699,748,4.0
53700,824,4.0
53706,1225,4.0
53714,650,2.0
53715,640,5.0
53716,824,4.0
53717,369,1.0
53717,841,3.0
53719,1171,5.0
53720,640,4.0
53724,369,4.0
53724,737,4.0
53729,640,5.0
53730,481,5.0
53734,737,5.0
53738,748,4.0
53738,824,5.0
53740,841,5.0
53742,824,5.0
53743,640,5.0
53746,369,4.0
53746,640,4.5
53746,650,4.0
53746,673,5.0
53746,737,5.0
53746,748,5.0
53746,841,5.0
53747,650,5.0
53748,824,5.0
53750,1278,5.0
53751,640,5.0
53751,650,2.0
53751,673,4.0
53751,749,5.0
53751,841,4.0
53752,640,5.0
53754,673,2.0
53755,640,4.0
53759,481,4.0
53759,640,5.0
53762,737,2.0
53763,481,4.0
53763,841,5.0
53764,640,3.0
53765,640,4.0
53771,640,4.0
53772,1166,3.6
53773,640,4.0
53777,640,3.0
53778,673,5.0
53782,640,5.0
53785,640,5.0
53787,748,3.0
53787,749,3.0
53787,824,4.0
53791,640,5.0
53791,748,5.0
53792,640,4.0
53795,1225,5.0
53800,650,4.0
53801,1171,5.0
53805,841,5.0
53808,841,5.0
53809,640,4.0
53809,737,3.0
53809,824,5.0
53813,640,5.0
53813,748,5.0
53814,369,4.0
53815,640,5.0
53816,1297,3.3333333333333335
53819,737,3.0
53820,824,3.0
53822,737,5.0
53822,748,4.0
53822,749,4.0
53822,824,5.0
53827,650,5.0
53828,650,3.0
53829,737,4.0
53829,841,5.0
53830,748,5.0
53831,748,4.0
53831,1171,3.5714285714285716
53832,640,4.0
53832,748,2.0
53833,737,5.0
53833,749,4.0
53833,824,5.0
53837,1278,5.0
53839,640,5.0
53839,841,5.0
53840,824,5.0
53841,841,5.0
53845,369,4.0
53849,673,4.0
53850,481,5.0
53851,650,5.0
53855,749,5.0
53856,737,5.0
53857,650,5.0
53857,748,5.0
53858,737,4.0
53859,748,5.0
53860,650,3.0
53860,737,4.0
53860,824,4.0
53863,737,4.0
53868,640,3.0
53868,748,4.0
53868,1166,4.0
53871,1280,2.0
53872,640,5.0
53872,748,5.0
53875,673,5.0
53877,749,4.0
53887,640,4.0
53887,737,5.0
53889,369,2.0
53890,369,4.0
53890,640,5.0
53890,748,5.0
53892,1280,4.0
53894,673,2.0
53897,640,4.0
53900,640,4.0
53900,748,4.0
53900,749,4.0
53903,640,5.0
53903,673,3.0
53904,824,4.0
53905,841,5.0
53908,650,5.0
53909,737,3.0
53910,841,4.0
53912,737,4.0
53919,640,5.0
53921,650,5.0
53921,841,4.0
53922,369,5.0
53931,841,5.0
53932,650,5.0
53934,640,3.0
53936,640,5.0
53937,640,4.0
53938,841,5.0
53941,650,2.0
53942,650,5.0
53945,640,4.0
53948,737,5.0
53948,841,4.0
53952,640,5.0
53953,640,3.0
53954,841,5.0
53956,841,5.0
53958,673,5.0
53964,650,4.0
53966,841,5.0
53968,640,4.0
53968,673,3.0
53973,640,4.0
53975,640,3.0
53978,650,4.0
53981,640,4.0
53983,737,5.0
53990,897,3.0
53995,748,2.0
53996,824,5.0
53997,650,3.0
53999,748,4.0
54005,369,3.0
54005,673,4.0
54006,748,4.0
54008,824,4.0
54009,824,2.0
54012,737,5.0
54013,673,3.0
54016,824,4.0
54018,1133,5.0
54020,640,3.0
54024,841,4.5
54025,481,5.0
54027,369,4.0
54027,841,4.0
54028,1171,3.7142857142857144
54035,673,5.0
54036,737,4.0
54037,748,5.0
54038,1280,3.6
54039,737,5.0
54040,841,5.0
54043,640,3.0
54043,824,5.0
54044,640,3.0
54045,737,4.0
54048,1278,4.0
54050,640,4.0
54051,640,4.0
54052,841,5.0
54053,650,5.0
54054,481,5.0
54055,824,2.0
54056,640,5.0
54060,640,5.0
54060,748,4.0
54061,1220,3.5
54062,673,5.0
54063,640,5.0
54063,737,5.0
54065,673,2.0
54066,640,5.0
54066,824,4.0
54071,748,4.0
54072,824,5.0
54073,920,4.0
54075,369,4.5
54078,369,5.0
54078,737,5.0
54083,1166,5.0
54090,841,5.0
54094,640,5.0
54094,737,5.0
54094,749,3.0
54095,841,5.0
54097,1166,4.714285714285714
54098,1297,4.0
54109,841,4.0
54110,640,5.0
54110,737,4.0
54110,748,5.0
54110,824,5.0
54111,640,4.0
54112,640,4.0
54112,748,4.0
54114,369,3.0
54114,1166,5.0
54118,640,4.0
54118,748,2.0
54119,650,3.0
54125,1166,2.0
54126,640,4.0
54128,824,4.0
54145,748,5.0
54146,640,3.0
54148,640,5.0
54150,841,5.0
54159,824,5.0
54162,841,5.0
54164,1278,5.0
54165,481,5.0
54165,640,5.0
54165,748,4.0
54167,369,1.0
54169,841,4.0
54173,640,4.0
54176,640,4.0
54176,841,4.0
54178,640,3.0
54178,748,4.0
54184,1280,3.0
54186,824,5.0
54188,1171,5.0
54190,640,5.0
54193,650,2.0
54193,841,4.0
54195,1225,4.0
54197,841,4.0
54212,748,4.0
54215,737,3.0
54219,737,4.0
54220,481,4.0
54221,737,3.0
54222,481,5.0
54224,888,5.0
54227,841,4.0
54229,640,5.0
54229,748,5.0
54234,737,5.0
54236,481,2.0
54237,640,5.0
54240,640,4.0
54241,640,5.0
54241,748,4.0
54243,640,3.0
54244,640,5.0
54244,737,5.0
54245,640,5.0
54245,748,4.0
54245,749,3.0
54246,748,5.0
54247,841,1.0
54250,369,5.0
54250,673,4.0
54258,1238,3.5
54261,481,1.0
54266,673,4.0
54266,737,4.0
54266,749,5.0
54266,1171,4.666666666666667
54270,824,4.0
54271,920,5.0
54273,1225,4.0
54276,841,4.5
54278,824,5.0
54280,640,4.0
54282,640,5.0
54283,748,5.0
54284,369,2.0
54285,748,3.0
54287,841,5.0
54291,748,4.0
54291,749,5.0
54292,640,4.0
54293,640,5.0
54293,748,4.0
54294,1225,3.0
54303,640,3.0
54303,749,3.0
54306,369,4.0
54306,841,4.0
54312,640,3.0
54313,748,4.0
54314,640,4.5
54314,737,1.0
54314,841,4.0
54316,673,5.0
54317,841,5.0
54325,369,5.0
54326,640,5.0
54327,673,3.0
54327,737,3.0
54327,748,3.0
54331,737,5.0
54332,748,5.0
54334,640,5.0
54334,841,5.0
54335,1278,4.0
54337,650,5.0
54340,640,4.0
54341,737,5.0
54345,1278,4.0
54346,640,5.0
54347,673,3.0
54348,841,4.0
54349,650,4.0
54351,841,4.0
54352,369,5.0
54352,640,5.0
54352,841,4.0
54355,1278,5.0
54356,640,5.0
54358,748,1.0
54360,640,5.0
54362,640,3.5
54364,481,5.0
54365,640,5.0
54368,640,4.0
54372,673,5.0
54372,824,5.0
54373,640,4.0
54376,640,4.0
54376,748,5.0
54377,640,5.0
54377,748,5.0
54380,640,4.0
54386,748,4.0
54389,841,5.0
54390,824,5.0
54393,841,5.0
54394,650,5.0
54408,369,5.0
54409,369,4.0
54409,841,5.0
54414,650,5.0
54417,369,2.0
54418,748,5.0
54418,749,5.0
54420,673,4.0
54424,640,4.0
54424,650,3.0
54424,673,3.0
54428,748,5.0
54428,749,5.0
54434,1280,4.0
54435,1166,4.5
54438,640,2.0
54438,748,2.0
54439,640,4.0
54441,640,5.0
54441,650,2.0
54441,1238,4.166666666666667
54442,650,4.0
54442,673,2.0
54443,640,5.0
54443,748,4.0
54446,748,2.0
54447,1278,4.5
54449,841,5.0
54455,640,4.0
54456,748,5.0
54459,737,2.0
54460,824,3.0
54465,640,5.0
54465,749,4.0
54468,650,4.0
54468,737,4.0
54469,673,3.0
54477,824,4.0
54478,481,4.0
54479,640,5.0
54487,640,5.0
54491,841,5.0
54492,673,3.0
54493,369,3.0
54497,640,5.0
54497,748,5.0
54497,749,5.0
54498,640,3.0
54501,737,4.0
54501,749,4.0
54502,841,5.0
54507,650,3.0
54509,650,5.0
54509,748,4.333333333333333
54511,640,4.0
54511,748,5.0
54512,650,4.0
54513,650,5.0
54514,369,2.0
54517,640,5.0
54520,369,3.0
54522,640,4.0
54522,737,5.0
54522,748,4.0
54523,673,4.0
54524,369,3.0
54525,841,5.0
54527,1166,3.6666666666666665
54530,640,5.0
54536,640,4.0
54538,640,5.0
54539,1171,5.0
54542,673,5.0
54544,1278,4.0
54547,640,4.0
54548,749,4.0
54549,369,3.0
54550,1171,3.857142857142857
54552,640,4.0
54554,748,5.0
54555,640,4.0
54556,640,4.0
54558,1166,2.3333333333333335
54564,640,5.0
54565,841,5.0
54566,640,5.0
54566,737,4.0
54566,748,5.0
54566,824,4.0
54567,640,5.0
54570,841,5.0
54573,640,5.0
54573,748,5.0
54574,748,3.0
54574,749,3.0
54578,1297,2.0
54579,737,4.0
54579,824,4.0
54581,748,4.0
54583,737,3.0
54587,640,5.0
54587,748,4.5
54587,824,4.0
54591,1166,3.5
54593,650,3.0
54596,481,5.0
54598,737,5.0
54600,824,4.0
54603,369,4.0
54605,640,3.0
54607,640,5.0
54609,369,3.0
54612,640,4.0
54613,748,4.0
54618,673,1.0
54624,1171,5.0
54627,640,3.0
54627,748,4.0
54633,737,4.0
54633,824,5.0
54634,737,5.0
54635,369,4.0
54636,481,5.0
54641,841,5.0
54644,888,5.0
54644,937,3.0
54645,650,5.0
54651,673,5.0
54652,640,4.0
54653,824,1.0
54661,640,2.0
54661,748,4.0
54662,640,5.0
54662,749,5.0
54664,640,4.5
54667,640,4.0
54668,640,4.0
54668,737,5.0
54669,640,5.0
54679,841,4.0
54680,673,5.0
54683,748,5.0
54689,824,2.0
54693,841,5.0
54696,650,4.0
54696,824,5.0
54698,369,4.0
54698,650,3.0
54698,737,4.0
54701,640,4.0
54703,640,5.0
54703,737,5.0
54703,748,5.0
54704,640,4.0
54704,824,3.0
54709,369,4.0
54709,737,5.0
54709,748,5.0
54716,841,5.0
54718,824,3.0
54719,640,5.0
54719,749,5.0
54720,841,5.0
54723,640,5.0
54723,748,5.0
54725,841,5.0
54726,824,5.0
54728,369,2.0
54731,841,5.0
54732,640,5.0
54733,748,5.0
54735,841,5.0
54740,841,5.0
54743,841,5.0
54744,640,3.0
54746,841,5.0
54751,824,4.0
54754,640,4.0
54755,640,4.0
54758,749,4.0
54761,673,2.0
54762,481,4.0
54762,640,4.5
54762,673,3.0
54762,748,4.0
54762,824,3.0
54763,824,5.0
54764,640,4.0
54767,369,1.0
54767,640,5.0
54767,748,5.0
54770,748,5.0
54771,640,5.0
54774,673,5.0
54775,748,3.0
54775,749,4.0
54776,640,3.0
54777,841,5.0
54779,640,5.0
54780,824,4.0
54781,737,3.0
54781,841,5.0
54782,1171,5.0
54793,1280,4.0
54794,640,3.0
54796,481,5.0
54797,673,5.0
54799,640,4.333333333333333
54799,650,4.0
54799,748,2.0
54799,749,5.0
54799,841,4.5
54801,369,5.0
54801,650,3.0
54801,748,5.0
54801,749,4.0
54802,737,5.0
54803,673,5.0
54804,841,5.0
54806,640,4.0
54809,640,4.0
54809,650,5.0
54809,841,5.0
54810,841,4.0
54811,650,2.0
54812,841,5.0
54813,640,5.0
54815,824,5.0
54816,369,1.0
54816,640,5.0
54816,650,5.0
54816,673,2.0
54816,737,2.0
54816,748,5.0
54816,749,3.0
54816,841,4.0
54819,640,5.0
54819,748,5.0
54820,673,5.0
54822,841,5.0
54825,640,3.0
54831,369,5.0
54831,640,4.666666666666667
54831,650,4.0
54831,737,4.0
54831,748,5.0
54831,749,5.0
54831,824,5.0
54831,841,5.0
54832,640,5.0
54832,737,5.0
54833,737,5.0
54834,640,4.0
54836,824,5.0
54837,640,5.0
54837,748,5.0
54839,640,5.0
54839,673,4.0
54839,748,4.0
54839,749,2.0
54839,824,4.0
54839,841,5.0
54840,1280,3.0
54842,650,1.0
54843,897,5.0
54845,841,4.0
54849,673,4.0
54850,640,5.0
54850,749,4.0
54851,841,5.0
54854,369,4.0
54856,640,5.0
54857,640,4.0
54858,640,5.0
54858,650,3.0
54858,748,4.0
54858,841,5.0
54859,1166,4.0
54860,748,5.0
54861,1171,4.5
54862,841,5.0
54865,369,4.0
54865,481,5.0
54865,640,3.2
54865,673,3.75
54865,841,4.0
54866,673,2.0
54867,841,5.0
54870,841,5.0
54872,841,5.0
54875,481,3.0
54875,640,4.5
54875,748,3.6
54875,749,4.0
54875,841,5.0
54876,481,5.0
54877,640,3.0
54877,748,1.0
54881,640,4.0
54883,1166,3.0
54884,640,4.0
54885,481,4.0
54885,640,4.2
54885,673,2.0
54885,737,4.0
54885,749,4.0
54885,824,3.0
54885,841,5.0
54887,673,4.0
54888,481,5.0
54894,1171,3.375
54895,824,2.0
54895,1225,2.0
54898,640,5.0
54901,841,5.0
54903,650,4.0
54904,749,5.0
54907,640,5.0
54908,640,5.0
54915,640,4.0
54916,737,3.0
54923,748,5.0
54923,749,3.0
54924,650,4.5
54925,841,5.0
54929,1171,4.333333333333333
54930,640,5.0
54933,737,4.0
54935,737,5.0
54935,841,5.0
54937,640,5.0
54942,650,3.0
54943,841,4.0
54944,673,5.0
54951,640,5.0
54952,640,4.0
54954,1278,4.0
54956,640,4.0
54957,481,3.0
54957,841,5.0
54961,640,5.0
54962,650,1.0
54962,841,5.0
54964,841,4.0
54975,640,3.0
54978,841,5.0
54979,841,5.0
54983,640,5.0
54983,748,4.0
54986,748,5.0
54986,749,4.0
54987,650,4.0
54988,640,5.0
54988,650,4.0
54988,824,4.0
54989,640,4.0
54989,748,5.0
54989,749,4.0
54990,640,5.0
54992,841,3.0
54993,481,3.0
54994,369,5.0
54994,673,5.0
54994,841,5.0
54999,369,4.0
55003,673,5.0
55003,748,5.0
55008,841,5.0
55010,824,5.0
55012,640,4.0
55012,748,5.0
55014,640,5.0
55018,640,4.0
55018,748,4.0
55020,640,5.0
55025,369,5.0
55031,748,4.0
55033,1280,5.0
55034,369,5.0
55036,640,1.0
55042,640,5.0
55043,824,2.0
55043,841,5.0
55047,975,4.0
55048,748,5.0
55049,1278,5.0
55052,673,4.0
55057,1278,4.0
55060,748,4.0
55063,640,4.0
55067,737,4.0
55069,748,4.0
55069,749,4.0
55070,640,4.0
55070,748,4.0
55070,749,4.0
55070,824,4.0
55072,841,4.0
55076,673,2.0
55076,737,5.0
55076,824,3.0
55076,841,4.333333333333333
55092,888,4.0
55094,737,5.0
55094,748,4.0
55096,481,4.0
55096,824,5.0
55096,841,5.0
55098,369,3.0
55099,749,4.0
55102,640,4.0
55105,481,3.0
55105,640,4.0
55105,673,5.0
55107,650,3.0
55110,640,1.0
55111,369,1.0
55111,640,5.0
55111,673,4.666666666666667
55112,369,2.0
55112,824,3.0
55113,1133,2.0
55114,481,5.0
55114,640,5.0
55117,673,3.0
55117,841,4.0
55118,1297,4.0
55119,673,5.0
55120,640,5.0
55124,737,5.0
55126,841,5.0
55127,650,5.0
55130,748,4.0
55131,640,5.0
55131,737,5.0
55131,748,3.0
55132,841,5.0
55135,640,4.0
55135,650,4.0
55147,737,4.0
55147,824,5.0
55152,841,5.0
55158,640,3.0
55158,748,3.0
55161,369,3.0
55163,640,4.0
55166,841,4.0
55174,640,4.0
55174,749,4.0
55175,650,3.0
55180,650,3.0
55181,841,5.0
55185,640,5.0
55186,640,5.0
55187,640,4.0
55187,737,4.0
55188,650,4.0
55195,841,4.0
55199,841,5.0
55200,841,4.0
55201,640,5.0
55202,673,3.0
55203,1278,5.0
55204,640,4.0
55205,481,4.0
55205,673,4.0
55206,640,5.0
55208,673,3.0
55212,369,2.0
55212,673,5.0
55212,841,5.0
55213,481,4.0
55214,650,5.0
55221,369,2.0
55221,640,4.0
55225,749,5.0
55226,841,4.0
55227,673,1.0
55229,749,4.0
55231,1220,4.5
55235,673,5.0
55237,1278,4.0
55240,673,4.0
55243,640,3.0
55243,748,5.0
55244,640,5.0
55244,748,4.0
55245,640,4.0
55246,824,4.0
55247,1171,3.0
55260,640,3.0
55260,748,3.0
55262,1166,5.0
55265,841,4.0
55270,640,4.0
55271,737,4.0
55274,640,4.0
55274,824,4.0
55274,841,3.0
55275,640,5.0
55277,640,5.0
55278,841,4.0
55280,1166,5.0
55284,824,5.0
55287,640,4.0
55287,737,5.0
55292,369,3.0
55292,481,5.0
55293,841,5.0
55294,1171,5.0
55297,640,5.0
55297,737,4.0
55297,748,3.0
55297,824,4.0
55299,1171,5.0
55309,737,4.0
55312,640,5.0
55313,369,1.0
55313,640,2.0
55313,673,1.0
55313,748,4.0
55319,650,5.0
55320,640,4.0
55320,737,4.0
55320,748,4.0
55325,1171,3.0
55326,640,4.0
55328,640,4.0
55328,748,5.0
55329,640,4.0
55330,841,5.0
55342,650,5.0
55345,481,5.0
55347,1225,4.0
55348,1166,5.0
55351,841,5.0
55353,369,4.0
55354,737,5.0
55354,748,5.0
55357,640,1.0
55360,640,4.0
55362,1171,3.75
55364,841,5.0
55366,749,3.0
55367,640,3.0
55367,824,5.0
55368,841,4.0
55369,737,5.0
55369,824,4.0
55375,841,5.0
55379,640,5.0
55381,640,2.0
55382,748,5.0
55386,824,5.0
55387,640,4.0
55387,841,5.0
55392,841,5.0
55396,824,4.0
55396,841,5.0
55401,640,3.0
55405,640,2.0
55405,673,5.0
55406,737,5.0
55407,369,5.0
55408,640,4.0
55408,748,4.0
55411,748,5.0
55412,824,4.0
55414,640,4.0
55414,673,3.0
55418,737,4.0
55420,841,5.0
55422,640,4.0
55425,640,4.5
55429,748,5.0
55429,749,4.5
55430,841,5.0
55431,841,5.0
55433,673,5.0
55434,369,4.0
55434,650,4.0
55434,841,4.0
55440,673,5.0
55442,640,5.0
55442,650,4.0
55442,841,5.0
55445,1133,4.0
55446,640,3.0
55446,748,3.0
55446,749,4.0
55455,640,4.0
55456,640,1.0
55463,841,5.0
55466,640,5.0
55467,1171,5.0
55469,640,4.0
55470,640,4.333333333333333
55470,749,5.0
55470,824,1.0
55472,640,4.0
55472,748,4.0
55472,749,4.0
55474,841,5.0
55477,640,2.0
55478,640,5.0
55480,650,3.0
55481,824,4.0
55482,369,4.0
55483,640,4.0
55483,748,4.0
55483,824,5.0
55483,841,5.0
55486,640,4.0
55486,650,4.0
55486,748,4.0
55490,841,5.0
55492,824,3.0
55492,841,4.0
55496,640,3.0
55498,737,5.0
55498,748,4.0
55500,737,5.0
55500,748,4.0
55500,749,3.0
55504,640,5.0
55504,841,5.0
55506,481,5.0
55507,650,3.0
55509,640,4.0
55510,841,5.0
55512,640,4.0
55512,737,4.0
55512,824,4.0
55522,369,5.0
55522,650,5.0
55522,877,5.0
55523,824,4.0
55525,640,3.0
55527,824,4.0
55530,640,5.0
55530,749,3.0
55531,640,4.0
55531,748,4.0
55535,640,5.0
55536,369,3.0
55537,650,5.0
55539,1225,4.5
55542,1171,5.0
55544,841,5.0
55547,640,5.0
55551,824,3.0
55554,841,5.0
55557,673,5.0
55561,640,4.0
55561,737,4.0
55562,650,4.0
55563,640,5.0
55566,841,4.0
55571,1238,3.5
55572,640,5.0
55573,640,5.0
55575,650,4.0
55575,737,4.0
55578,640,4.0
55578,748,5.0
55578,841,5.0
55585,1220,5.0
55586,481,4.0
55586,749,4.0
55587,748,5.0
55591,1297,3.0
55593,824,4.0
55594,640,5.0
55594,748,4.0
55595,650,5.0
55596,824,4.0
55598,650,4.0
55598,749,4.0
55603,640,4.0
55609,737,2.0
55615,737,4.0
55615,824,4.0
55617,1280,4.0
55618,640,4.0
55623,673,5.0
55623,748,5.0
55624,824,4.0
55625,481,5.0
55626,824,1.0
55636,673,3.0
55638,640,4.0
55640,640,5.0
55640,749,3.0
55644,640,3.0
55644,824,3.0
55651,737,4.0
55658,737,5.0
55663,673,5.0
55663,1280,4.0
55665,737,4.0
55669,640,5.0
55673,369,4.0
55685,640,3.0
55691,369,4.0
55692,841,5.0
55693,748,3.0
55696,640,4.0
55700,650,4.0
55701,748,4.0
55702,737,3.0
55702,748,4.5
55705,640,4.0
55705,841,4.0
55706,841,5.0
55708,824,3.0
55710,369,5.0
55711,369,3.0
55711,640,4.0
55711,737,5.0
55711,824,5.0
55712,673,3.0
55712,824,5.0
55715,1171,3.6666666666666665
55716,640,5.0
55716,748,4.0
55720,1171,3.0
55722,824,5.0
55724,369,5.0
55727,824,5.0
55729,481,4.0
55729,748,5.0
55731,824,3.0
55733,650,4.0
55734,369,5.0
55734,640,3.0
55736,748,5.0
55739,640,4.0
55741,748,5.0
55744,841,4.0
55749,1166,3.0
55750,748,3.0
55751,673,5.0
55757,640,5.0
55762,640,4.0
55766,888,4.0
55766,1297,4.0
55768,841,5.0
55770,841,5.0
55774,737,4.0
55780,640,4.0
55785,640,5.0
55786,640,5.0
55786,749,4.0
55790,481,5.0
55792,650,3.0
55797,640,5.0
55800,640,5.0
55802,481,4.0
55802,748,4.0
55803,841,5.0
55809,650,3.0
55810,640,3.0
55812,640,5.0
55813,650,2.0
55815,749,5.0
55816,841,5.0
55818,748,4.0
55820,640,4.0
55821,640,5.0
55823,841,4.0
55824,650,5.0
55829,748,5.0
55832,673,2.0
55834,841,5.0
55838,749,5.0
55841,481,3.0
55850,640,3.0
55851,841,5.0
55852,650,4.0
55854,1280,2.0
55855,640,5.0
55855,824,2.0
55855,841,4.0
55860,748,4.0
55864,640,4.0
55867,640,5.0
55868,737,4.0
55870,640,3.5
55871,947,5.0
55874,1225,5.0
55877,640,5.0
55877,748,5.0
55880,673,3.0
55881,824,3.0
55883,841,5.0
55885,824,5.0
55887,749,4.0
55888,1297,3.0
55891,481,3.0
55892,824,5.0
55893,650,4.0
55893,841,5.0
55895,640,5.0
55897,650,4.0
55899,640,5.0
55902,650,4.0
55903,1171,4.0
55910,673,4.0
55912,749,5.0
55913,369,1.0
55918,748,4.0
55920,748,2.0
55921,748,5.0
55923,481,5.0
55926,841,4.0
55928,824,3.0
55933,748,5.0
55934,1297,3.0
55936,748,4.0
55939,640,5.0
55942,640,5.0
55949,748,5.0
55955,640,5.0
55956,640,4.0
55957,640,4.0
55958,640,5.0
55958,748,4.0
55959,1171,4.5
55960,640,5.0
55961,650,2.0
55961,841,4.0
55962,640,1.0
55963,369,4.0
55963,640,3.0
55963,748,4.0
55964,481,5.0
55965,640,5.0
55966,737,5.0
55966,824,5.0
55970,640,4.0
55970,749,2.0
55971,650,5.0
55973,481,5.0
55977,640,4.0
55979,748,3.0
55985,748,4.0
55985,749,4.0
55989,640,5.0
55990,481,4.0
55990,640,4.0
55990,748,4.0
55992,841,4.0
55994,640,4.0
55994,824,4.0
55995,841,5.0
56000,737,4.0
56001,737,5.0
56002,748,4.0
56004,650,4.0
56005,841,5.0
56006,640,5.0
56006,748,5.0
56007,640,5.0
56010,650,4.0
56011,841,4.0
56012,673,5.0
56018,737,5.0
56018,748,3.0
56018,824,3.0
56018,1171,2.5
56019,1297,4.0
56023,640,5.0
56024,841,4.0
56026,650,3.0
56031,650,5.0
56032,841,5.0
56032,897,4.0
56035,640,5.0
56039,369,3.0
56039,481,4.0
56039,640,3.5
56039,673,4.0
56039,841,5.0
56045,640,4.0
56046,640,5.0
56049,481,5.0
56049,640,4.5
56049,748,4.0
56049,841,5.0
56052,841,5.0
56053,650,3.5
56053,673,3.0
56053,737,5.0
56055,841,5.0
56057,748,3.0
56057,1278,5.0
56059,1220,5.0
56061,640,4.0
56064,640,5.0
56064,673,5.0
56066,640,5.0
56070,737,4.0
56072,640,5.0
56072,748,3.0
56074,640,5.0
56076,841,5.0
56078,841,4.0
56079,369,5.0
56080,824,2.0
56082,1280,2.0
56085,749,4.0
56089,1238,4.0
56091,640,5.0
56092,640,5.0
56093,640,5.0
56094,650,4.0
56097,1297,3.0
56099,640,5.0
56099,737,5.0
56100,481,5.0
56102,888,5.0
56105,640,5.0
56105,737,5.0
56106,640,5.0
56106,824,3.0
56106,841,1.0
56107,640,4.0
56107,841,4.0
56109,640,4.0
56110,841,5.0
56111,640,4.0
56111,673,4.0
56111,748,4.0
56115,749,5.0
56119,737,5.0
56119,824,5.0
56131,481,5.0
56134,1278,3.0
56135,841,5.0
56142,748,5.0
56143,640,4.0
56144,841,4.0
56145,748,5.0
56152,1166,4.0
56154,1171,5.0
56157,737,5.0
56158,1220,4.0
56159,369,5.0
56159,1297,5.0
56160,640,3.0
56161,640,4.0
56163,841,5.0
56163,1225,4.5
56169,369,4.0
56172,640,5.0
56173,369,3.0
56173,749,2.0
56174,640,3.0
56179,824,5.0
56182,748,5.0
56185,640,4.0
56185,748,4.0
56191,841,5.0
56194,737,5.0
56202,369,5.0
56202,841,5.0
56203,640,4.0
56203,824,5.0
56211,1225,4.0
56215,673,3.0
56216,640,4.0
56220,841,5.0
56224,640,4.0
56226,640,5.0
56226,748,5.0
56228,481,4.0
56233,841,5.0
56234,369,1.0
56235,841,5.0
56236,640,4.0
56240,673,4.0
56244,640,4.0
56244,824,4.0
56245,650,3.0
56247,640,5.0
56248,650,5.0
56249,640,4.0
56251,369,4.0
56257,1280,4.0
56260,369,1.0
56260,640,3.0
56260,748,3.5
56261,841,5.0
56262,650,3.0
56263,673,4.0
56263,737,4.0
56264,673,5.0
56265,481,4.0
56266,640,4.0
56268,650,2.0
56272,841,5.0
56273,640,5.0
56274,369,3.0
56274,640,5.0
56274,650,3.0
56274,841,4.0
56275,369,1.0
56279,369,1.0
56281,841,5.0
56286,650,3.0
56290,748,5.0
56294,841,5.0
56296,841,5.0
56298,640,5.0
56298,650,4.0
56298,897,4.0
56298,1278,4.25
56300,841,5.0
56301,841,4.0
56302,369,3.0
56302,640,5.0
56304,640,4.0
56306,1238,5.0
56308,824,5.0
56308,1166,4.25
56311,481,4.0
56311,1278,5.0
56315,737,3.0
56331,481,4.0
56331,737,3.0
56332,748,5.0
56337,841,4.0
56338,640,5.0
56338,737,4.0
56338,749,5.0
56339,673,5.0
56341,640,5.0
56346,748,3.0
56347,1220,4.0
56350,369,4.0
56351,1278,5.0
56352,640,4.0
56353,1278,5.0
56355,737,4.0
56358,369,3.0
56358,748,5.0
56358,824,5.0
56358,841,5.0
56360,369,3.0
56361,841,4.0
56365,748,5.0
56368,841,5.0
56369,640,5.0
56369,650,5.0
56369,749,4.0
56369,841,4.0
56370,841,4.0
56371,841,5.0
56375,737,4.0
56375,824,5.0
56377,369,5.0
56379,841,4.0
56380,841,4.0
56385,1171,4.666666666666667
56386,1133,4.0
56392,673,5.0
56393,369,1.0
56393,640,5.0
56398,640,4.0
56401,1278,5.0
56404,1225,4.0
56405,650,4.0
56411,640,5.0
56412,1171,4.0
56415,841,5.0
56416,1297,3.5
56420,748,5.0
56423,841,5.0
56424,640,5.0
56425,650,3.0
56426,841,5.0
56429,1137,1.0
56430,748,4.0
56433,640,5.0
56435,640,4.0
56437,369,1.0
56437,748,3.0
56439,749,5.0
56440,640,4.0
56440,748,5.0
56441,640,5.0
56449,841,5.0
56454,369,1.0
56454,1278,3.0
56455,640,5.0
56460,640,5.0
56463,748,4.0
56463,841,5.0
56466,650,4.0
56467,897,5.0
56476,640,5.0
56477,481,3.0
56482,673,4.0
56483,673,5.0
56488,481,5.0
56492,1280,4.0
56497,673,5.0
56500,640,5.0
56500,748,5.0
56512,824,4.0
56515,841,4.0
56516,369,2.0
56516,481,5.0
56516,748,5.0
56516,749,3.0
56516,824,3.0
56518,737,4.0
56522,481,4.0
56522,1238,5.0
56525,640,3.0
56525,748,5.0
56529,481,4.0
56529,841,4.0
56530,748,4.0
56533,673,5.0
56536,640,5.0
56536,748,3.0
56536,841,3.0
56539,737,3.0
56541,748,5.0
56543,640,4.0
56545,640,5.0
56545,748,4.0
56546,824,4.0
56551,841,5.0
56557,640,5.0
56560,650,3.0
56561,640,3.0
56561,749,4.0
56563,640,4.0
56563,673,1.0
56563,737,2.0
56563,748,4.0
56564,650,5.0
56570,640,5.0
56572,824,4.0
56573,841,5.0
56579,841,5.0
56580,640,4.0
56582,749,4.0
56590,824,5.0
56591,841,4.0
56592,841,5.0
56593,888,5.0
56593,1297,3.5
56598,673,4.0
56598,841,4.0
56600,673,4.0
56603,369,3.0
56605,650,3.0
56606,481,4.0
56608,748,5.0
56610,640,4.0
56612,369,4.0
56614,673,5.0
56616,737,4.0
56618,640,5.0
56618,748,5.0
56618,749,5.0
56619,640,5.0
56619,748,5.0
56622,1166,3.6666666666666665
56625,481,3.0
56629,640,5.0
56632,841,4.0
56633,1278,5.0
56635,640,4.0
56636,481,5.0
56636,737,3.0
56637,824,4.0
56638,481,5.0
56638,640,5.0
56643,1278,5.0
56644,640,4.0
56645,369,2.0
56645,749,5.0
56645,824,4.0
56646,841,4.0
56650,640,4.0
56650,748,5.0
56655,1297,3.75
56662,640,4.0
56664,640,5.0
56666,737,2.0
56673,673,5.0
56680,877,4.0
56680,937,4.0
56680,975,4.0
56681,824,5.0
56682,650,4.0
56683,640,4.0
56684,748,5.0
56684,947,5.0
56684,975,5.0
56684,1171,4.0
56686,888,5.0
56688,673,4.0
56690,824,1.0
56691,640,4.0
56693,640,4.0
56693,748,5.0
56693,749,4.0
56698,841,5.0
56699,673,3.0
56700,737,4.0
56702,748,5.0
56710,650,5.0
56711,650,4.0
56712,640,5.0
56713,640,4.0
56713,841,4.0
56714,841,5.0
56719,824,5.0
56720,481,5.0
56721,640,3.0
56722,650,3.0
56725,640,4.0
56726,947,5.0
56728,841,4.0
56730,650,5.0
56735,749,5.0
56740,673,5.0
56741,481,4.0
56742,640,5.0
56744,640,5.0
56750,673,4.0
56751,841,5.0
56752,640,5.0
56752,748,5.0
56755,1280,2.0
56759,824,4.0
56763,640,5.0
56763,749,5.0
56764,640,5.0
56765,841,5.0
56768,369,5.0
56771,640,4.0
56771,749,4.0
56772,640,5.0
56775,1171,5.0
56777,824,5.0
56777,841,5.0
56778,1225,4.0
56781,369,4.0
56783,1133,4.0
56785,749,5.0
56787,841,5.0
56789,748,5.0
56791,640,5.0
56794,640,5.0
56796,640,5.0
56797,640,5.0
56798,1166,4.0
56804,640,5.0
56808,897,3.0
56809,640,5.0
56810,640,5.0
56812,1171,3.6666666666666665
56815,640,5.0
56816,481,5.0
56816,650,2.0
56818,481,5.0
56820,640,3.0
56821,841,5.0
56823,888,4.0
56824,1280,5.0
56826,841,5.0
56828,737,4.0
56830,1171,5.0
56833,749,2.0
56841,748,1.0
56842,841,4.0
56843,824,4.0
56845,640,4.0
56848,841,5.0
56849,673,4.0
56853,1297,4.0
56854,369,5.0
56857,369,4.0
56857,481,5.0
56857,640,5.0
56862,673,3.0
56866,369,1.5
56866,481,4.0
56866,673,2.0
56866,748,5.0
56867,841,4.333333333333333
56870,913,4.0
56871,640,4.0
56871,748,4.0
56875,640,4.0
56876,748,4.0
56877,841,5.0
56879,841,4.0
56882,737,5.0
56886,640,3.0
56892,888,5.0
56894,369,2.5
56894,640,4.6
56894,748,4.5
56894,824,4.0
56894,841,4.0
56898,1171,5.0
56899,640,5.0
56899,748,5.0
56900,650,1.0
56900,824,3.0
56901,369,5.0
56901,737,4.0
56901,824,4.0
56902,748,3.0
56904,673,5.0
56905,841,5.0
56910,369,4.0
56911,748,5.0
56911,749,4.0
56915,650,1.0
56915,737,5.0
56915,824,5.0
56916,640,4.0
56917,1278,5.0
56920,640,4.0
56920,673,3.0
56920,737,5.0
56920,748,1.0
56920,841,4.0
56924,1297,4.0
56925,1166,4.0
56926,640,5.0
56929,748,3.0
56929,749,3.0
56931,481,5.0
56932,481,5.0
56936,920,5.0
56937,650,3.0
56938,640,4.4
56938,673,3.0
56938,748,2.75
56938,749,4.0
56938,824,5.0
56938,841,5.0
56939,1225,1.0
56942,640,5.0
56945,650,5.0
56946,673,3.0
56948,369,1.0
56948,640,4.5
56949,748,4.0
56950,1133,3.0
56951,673,4.0
56957,640,5.0
56959,369,1.0
56960,824,4.5
56964,640,5.0
56968,673,5.0
56968,824,5.0
56972,650,5.0
56972,673,4.0
56972,748,5.0
56974,640,4.0
56974,748,4.0
56975,640,5.0
56975,748,4.0
56977,673,3.0
56983,369,4.0
56986,748,2.0
56993,640,5.0
56999,1278,5.0
57000,640,4.0
57001,650,3.0
57002,369,5.0
57003,1133,5.0
57004,841,5.0
57005,841,4.0
57006,748,5.0
57008,841,5.0
57009,841,5.0
57010,841,5.0
57012,841,5.0
57016,369,3.0
57016,640,5.0
57016,650,5.0
57016,673,4.0
57016,748,4.5
57016,749,4.0
57016,841,3.5
57017,748,4.0
57021,640,3.0
57024,673,5.0
57028,640,2.25
57028,749,4.0
57028,841,5.0
57030,481,5.0
57030,650,5.0
57031,369,1.0
57031,640,5.0
57031,824,4.0
57031,841,5.0
57037,673,4.0
57042,1171,2.0
57045,640,3.0
57045,748,5.0
57049,369,5.0
57049,640,4.0
57049,841,5.0
57049,1133,4.0
57051,841,4.0
57052,640,4.75
57052,673,5.0
57052,737,4.0
57052,841,5.0
57053,841,5.0
57064,673,2.0
57070,824,4.0
57071,749,5.0
57072,841,5.0
57075,650,5.0
57078,650,5.0
57079,1297,4.0
57082,640,5.0
57085,369,3.0
57086,673,4.0
57088,748,3.0
57089,640,4.0
57102,481,4.0
57105,369,4.0
57106,824,5.0
57107,748,5.0
57108,673,5.0
57111,824,5.0
57121,841,5.0
57123,841,5.0
57127,640,4.0
57127,748,4.0
57130,369,4.0
57130,650,5.0
57130,841,4.0
57131,1278,4.0
57139,841,5.0
57140,369,4.0
57150,650,5.0
57153,640,3.0
57158,481,5.0
57159,841,5.0
57162,640,3.0
57162,673,4.0
57165,640,3.0
57167,650,5.0
57171,640,2.0
57179,640,5.0
57182,748,4.0
57185,369,2.0
57188,1133,5.0
57191,640,5.0
57191,748,4.0
57194,1137,5.0
57196,888,5.0
57196,897,5.0
57197,748,5.0
57197,841,5.0
57200,748,4.0
57203,824,4.0
57207,640,4.0
57209,640,4.0
57211,369,2.0
57211,748,4.0
57211,749,4.0
57214,650,3.0
57218,640,5.0
57218,748,2.0
57220,640,3.0
57220,1166,2.0
57229,673,4.0
57230,673,5.0
57233,640,4.0
57235,369,2.0
57235,650,3.0
57236,640,4.0
57236,748,4.0
57238,650,5.0
57241,640,4.5
57241,737,5.0
57241,748,3.0
57241,841,5.0
57242,841,5.0
57244,650,4.0
57245,1280,3.5
57247,749,3.0
57257,369,4.0
57257,737,3.0
57257,841,5.0
57258,1220,4.666666666666667
57259,841,4.0
57268,650,5.0
57269,650,3.0
57269,749,4.0
57270,369,3.0
57272,824,5.0
57273,640,4.0
57274,640,5.0
57275,748,4.0
57276,640,4.0
57277,1166,3.6666666666666665
57278,640,5.0
57282,640,4.0
57282,737,4.0
57282,748,3.0
57282,1278,1.3333333333333333
57285,369,3.0
57285,640,5.0
57285,824,5.0
57289,737,4.0
57290,1171,4.818181818181818
57292,640,5.0
57292,748,4.0
57292,749,5.0
57292,824,3.0
57292,841,5.0
57294,824,5.0
57296,640,5.0
57297,640,5.0
57297,737,4.0
57298,640,4.0
57298,824,5.0
57299,640,4.0
57300,737,3.0
57303,369,4.0
57304,640,5.0
57304,841,5.0
57307,824,2.0
57309,748,5.0
57309,841,5.0
57310,640,5.0
57310,841,5.0
57316,481,5.0
57317,481,5.0
57317,640,5.0
57317,748,5.0
57318,673,4.0
57320,841,5.0
57321,824,3.0
57327,481,4.0
57329,640,4.0
57330,748,4.0
57333,650,3.0
57334,748,3.0
57337,481,5.0
57337,673,5.0
57339,841,5.0
57340,640,5.0
57343,748,4.0
57343,841,5.0
57346,481,5.0
57347,640,5.0
57349,640,5.0
57349,748,5.0
57355,640,5.0
57356,748,1.0
57358,640,4.0
57360,640,4.0
57360,748,4.0
57361,640,4.0
57361,749,5.0
57363,650,4.0
57365,640,4.0
57366,640,4.0
57366,748,4.0
57368,673,4.0
57370,673,4.0
57370,748,4.0
57371,1297,4.333333333333333
57374,1225,4.0
57378,748,5.0
57378,749,4.0
57380,640,5.0
57383,1171,4.25
57384,841,4.0
57385,640,4.0
57394,748,4.0
57396,673,3.0
57396,737,4.0
57397,1297,2.0
57398,748,5.0
57400,749,3.0
57402,640,5.0
57406,369,3.0
57407,369,2.0
57408,640,4.0
57409,640,5.0
57415,1297,5.0
57418,841,5.0
57419,640,4.0
57423,640,5.0
57424,481,3.0
57425,748,5.0
57425,749,3.0
57426,640,4.0
57428,737,4.0
57428,824,4.0
57429,841,5.0
57431,640,3.0
57431,748,3.0
57432,824,4.0
57432,841,3.0
57438,1278,4.0
57439,737,5.0
57439,824,5.0
57441,748,4.0
57441,749,3.0
57442,640,5.0
57444,673,3.0
57446,640,5.0
57448,749,4.0
57450,369,3.0
57450,640,3.0
57450,749,4.0
57456,481,4.0
57457,640,3.0
57458,841,5.0
57460,650,4.0
57461,640,5.0
57461,748,5.0
57462,640,3.0
57462,748,4.0
57462,749,5.0
57463,841,5.0
57464,1171,5.0
57467,1297,3.0
57469,640,4.0
57471,650,5.0
57478,640,4.0
57479,650,5.0
57483,650,5.0
57483,841,5.0
57484,650,4.0
57484,841,5.0
57488,369,5.0
57488,673,5.0
57489,640,5.0
57492,481,5.0
57493,369,5.0
57498,650,5.0
57502,737,5.0
57502,824,5.0
57503,1297,3.6666666666666665
57511,748,5.0
57513,748,5.0
57515,650,4.0
57521,640,4.0
57522,640,5.0
57522,749,4.0
57522,841,5.0
57525,1171,5.0
57530,650,3.0
57536,640,4.0
57537,640,4.0
57538,369,5.0
57540,673,2.0
57542,640,4.0
57542,1225,4.0
57543,640,4.0
57543,748,5.0
57548,1171,3.3333333333333335
57549,1166,4.0
57551,1297,3.0
57556,640,1.0
57556,737,5.0
57556,748,5.0
57556,749,5.0
57556,824,5.0
57557,673,4.0
57561,841,5.0
57563,640,4.0
57564,1297,5.0
57567,748,4.0
57571,749,4.0
57571,824,5.0
57573,1297,3.25
57578,749,3.0
57579,650,5.0
57581,640,4.0
57585,841,5.0
57586,640,5.0
57589,673,4.0
57589,824,3.0
57590,841,5.0
57592,841,3.0
57593,748,5.0
57593,1220,3.3333333333333335
57594,1171,5.0
57600,640,3.0
57603,673,1.0
57607,650,3.0
57607,749,3.0
57609,640,5.0
57614,1297,5.0
57615,640,4.0
57616,748,3.0
57617,1171,3.0
57618,640,5.0
57619,1278,4.25
57628,1220,4.0
57631,1297,5.0
57633,481,4.0
57633,673,4.0
57633,824,4.0
57633,841,5.0
57635,841,5.0
57640,1278,5.0
57645,824,5.0
57648,748,5.0
57649,640,1.0
57649,841,5.0
57650,640,5.0
57660,749,5.0
57662,650,5.0
57666,640,4.0
57672,640,4.0
57675,737,4.0
57685,749,5.0
57687,749,3.0
57688,640,5.0
57688,748,5.0
57689,481,5.0
57690,737,5.0
57690,824,5.0
57691,1171,5.0
57694,650,5.0
57697,1166,3.0
57698,369,3.0
57700,640,5.0
57701,640,4.0
57709,824,5.0
57710,841,5.0
57715,748,4.0
57715,749,3.0
57716,640,3.0
57718,748,5.0
57721,640,4.0
57723,737,5.0
57727,673,2.0
57728,640,4.0
57728,650,3.0
57729,1280,4.0
57733,640,1.0
57733,673,5.0
57733,748,4.0
57734,640,4.0
57734,841,4.0
57739,640,5.0
57739,749,3.0
57739,841,5.0
57741,640,4.0
57745,737,4.0
57745,748,4.0
57745,749,4.0
57745,841,5.0
57751,824,3.0
57752,640,4.0
57756,841,5.0
57757,369,4.0
57757,640,5.0
57757,673,5.0
57757,748,5.0
57757,1280,4.0
57758,1278,5.0
57760,748,5.0
57761,640,5.0
57761,749,5.0
57761,841,4.0
57764,748,4.0
57767,749,4.0
57769,1220,3.6666666666666665
57770,640,5.0
57770,748,5.0
57770,749,4.0
57775,748,3.0
57777,737,3.0
57779,1133,4.0
57781,640,5.0
57782,748,5.0
57788,640,3.0
57788,841,5.0
57789,640,4.0
57791,640,5.0
57792,737,5.0
57792,841,5.0
57793,640,5.0
57793,748,3.0
57795,640,4.0
57796,640,4.0
57801,640,4.0
57807,640,5.0
57807,841,5.0
57808,640,5.0
57811,841,5.0
57812,1166,4.0
57814,1220,4.333333333333333
57815,841,5.0
57816,650,4.0
57826,748,3.0
57826,824,5.0
57827,748,1.0
57828,640,3.0
57831,748,5.0
57832,841,5.0
57834,481,5.0
57835,640,5.0
57837,673,5.0
57840,640,5.0
57841,841,5.0
57842,673,5.0
57842,841,4.0
57843,748,5.0
57845,640,5.0
57845,748,5.0
57846,640,5.0
57847,640,5.0
57847,748,5.0
57848,640,5.0
57848,1171,4.666666666666667
57850,640,5.0
57851,841,4.0
57852,369,5.0
57856,640,5.0
57857,640,4.0
57857,824,4.0
57863,673,4.0
57863,749,4.0
57863,1171,4.5
57865,640,5.0
57865,748,5.0
57870,1171,4.571428571428571
57871,673,2.0
57876,1297,2.0
57879,673,5.0
57879,841,5.0
57881,824,4.0
57882,640,5.0
57884,650,5.0
57885,640,5.0
57888,640,5.0
57889,841,5.0
57891,640,5.0
57892,824,4.0
57893,1297,4.0
57895,640,4.0
57896,640,4.0
57897,481,4.0
57898,640,4.0
57898,841,5.0
57899,650,4.0
57903,640,3.0
57907,824,5.0
57910,841,4.0
57913,737,4.0
57915,640,5.0
57917,841,5.0
57918,369,1.0
57918,640,5.0
57922,748,5.0
57923,841,5.0
57924,369,3.0
57924,481,2.0
57924,841,4.0
57927,1225,3.0
57928,640,5.0
57929,640,4.0
57929,749,5.0
57930,640,5.0
57930,749,2.0
57936,824,5.0
57937,1225,4.0
57938,824,5.0
57949,748,5.0
57949,824,5.0
57950,673,4.0
57952,640,5.0
57952,748,5.0
57954,824,5.0
57960,841,5.0
57963,640,5.0
57963,748,5.0
57965,640,4.0
57971,640,5.0
57972,749,5.0
57972,841,5.0
57981,841,3.0
57983,369,1.0
57984,824,4.0
57985,640,5.0
57985,749,5.0
57985,841,5.0
57986,640,5.0
57988,673,5.0
57990,737,3.0
57991,748,4.0
57992,640,5.0
57996,369,4.0
58001,640,4.0
58003,824,5.0
58004,640,3.0
58004,749,3.0
58005,640,4.0
58005,748,4.0
58009,841,5.0
58011,640,4.0
58011,841,4.0
58012,640,3.0
58013,1297,3.3333333333333335
58015,1171,4.0
58017,748,5.0
58021,673,3.0
58023,640,5.0
58024,748,5.0
58025,481,4.0
58028,1171,5.0
58031,640,5.0
58033,673,5.0
58037,748,5.0
58040,369,2.0
58044,369,4.0
58045,749,5.0
58046,737,5.0
58046,1280,4.0
58047,640,5.0
58048,369,1.0
58051,369,3.0
58057,640,5.0
58060,841,5.0
58063,640,4.0
58065,1171,5.0
58067,749,5.0
58069,1297,4.0
58074,640,3.0
58074,748,3.5
58074,749,2.0
58075,673,5.0
58079,673,3.0
58082,369,3.0
58082,650,4.0
58087,640,2.0
58088,824,4.0
58095,841,5.0
58096,1171,4.0
58097,640,4.0
58097,748,5.0
58098,1171,1.0
58099,748,3.0
58100,1171,4.5
58101,748,5.0
58102,737,4.0
58102,824,4.0
58102,1220,3.5
58104,748,4.0
58105,749,5.0
58106,841,5.0
58107,737,5.0
58110,650,3.0
58111,640,5.0
58111,748,5.0
58113,1220,4.0
58114,673,1.0
58115,824,5.0
58116,841,1.0
58117,841,5.0
58118,748,4.0
58119,748,5.0
58121,481,5.0
58123,640,3.0
58123,1225,3.0
58126,640,5.0
58126,748,5.0
58129,640,5.0
58136,640,5.0
58139,640,5.0
58140,673,5.0
58141,640,5.0
58141,748,5.0
58141,749,5.0
58142,1171,4.0
58149,841,5.0
58150,369,1.0
58150,640,5.0
58155,673,3.0
58156,640,4.0
58159,640,5.0
58163,369,3.0
58164,481,5.0
58165,749,5.0
58166,841,5.0
58169,841,5.0
58172,640,5.0
58174,640,5.0
58176,640,5.0
58177,369,4.0
58177,737,4.0
58177,824,4.0
58178,737,3.0
58178,749,3.0
58179,841,5.0
58181,369,4.0
58182,841,5.0
58186,824,5.0
58187,673,4.0
58192,888,4.0
58194,640,5.0
58195,481,5.0
58195,749,5.0
58197,369,3.0
58197,841,3.0
58198,640,5.0
58207,841,5.0
58208,737,4.5
58217,841,5.0
58221,640,5.0
58222,481,3.0
58223,748,4.0
58224,640,4.0
58224,749,5.0
58225,640,5.0
58227,481,4.0
58230,369,5.0
58233,640,3.0
58233,748,3.0
58235,841,5.0
58236,1278,5.0
58237,748,5.0
58237,749,4.0
58238,650,3.0
58239,748,1.0
58243,650,5.0
58244,369,5.0
58245,824,3.0
58254,1280,5.0
58256,640,4.0
58256,748,3.0
58259,640,4.0
58259,650,4.0
58259,748,5.0
58260,640,5.0
58260,748,3.0
58260,749,5.0
58262,1280,1.0
58264,369,5.0
58269,749,4.0
58269,824,5.0
58272,640,4.0
58273,841,5.0
58277,369,5.0
58277,673,5.0
58277,737,5.0
58277,748,5.0
58277,824,5.0
58277,841,5.0
58278,640,5.0
58281,748,2.0
58282,748,3.0
58282,841,5.0
58285,640,5.0
58285,748,5.0
58289,748,5.0
58290,481,4.0
58290,673,5.0
58291,748,5.0
58291,824,4.0
58294,640,5.0
58294,841,4.0
58302,369,5.0
58302,841,5.0
58304,841,4.0
58309,1171,4.0
58317,640,5.0
58318,841,4.0
58320,481,5.0
58320,640,5.0
58320,673,5.0
58320,748,4.0
58320,749,4.0
58320,824,5.0
58322,369,5.0
58322,841,4.0
58328,824,5.0
58329,824,5.0
58332,1171,3.6666666666666665
58333,841,5.0
58334,640,5.0
58342,481,3.0
58342,824,5.0
58346,481,3.0
58348,640,5.0
58349,737,4.0
58349,841,5.0
58350,369,5.0
58350,737,5.0
58351,481,4.0
58352,1166,3.8
58354,640,5.0
58361,650,5.0
58366,1280,4.0
58368,1220,3.0
58369,640,4.0
58373,481,5.0
58374,1171,4.888888888888889
58377,841,5.0
58378,673,1.0
58378,737,4.0
58378,1166,3.0
58379,1166,3.0
58386,748,5.0
58389,673,2.0
58394,369,1.0
58394,640,4.0
58394,749,2.0
58394,841,5.0
58395,369,5.0
58396,640,5.0
58397,737,5.0
58397,824,5.0
58398,640,5.0
58404,673,1.0
58405,369,1.0
58408,650,5.0
58411,841,4.0
58414,640,5.0
58417,841,5.0
58419,748,5.0
58426,640,5.0
58427,640,3.0
58429,748,4.0
58431,640,4.0
58434,640,3.0
58434,737,5.0
58434,824,5.0
58437,748,2.0
58439,640,3.0
58441,824,5.0
58442,640,4.0
58443,640,4.0
58445,640,4.0
58446,1297,3.0
58448,737,5.0
58448,824,3.0
58452,369,4.0
58452,824,3.0
58454,640,4.0
58459,841,4.0
58461,640,4.0
58462,841,5.0
58466,737,2.0
58467,481,5.0
58468,841,5.0
58470,481,5.0
58475,888,5.0
58477,841,5.0
58482,640,4.0
58482,737,5.0
58484,737,1.0
58488,841,5.0
58490,640,4.0
58490,748,3.0
58492,737,3.0
58493,748,4.0
58494,640,4.0
58495,640,4.0
58498,640,4.0
58498,748,5.0
58500,824,5.0
58505,737,5.0
58508,1171,4.666666666666667
58509,748,5.0
58510,748,4.0
58510,1278,5.0
58512,640,5.0
58516,1220,5.0
58523,481,5.0
58525,640,3.0
58525,748,5.0
58526,737,5.0
58526,841,5.0
58527,1278,4.333333333333333
58529,640,4.0
58529,749,3.0
58531,481,4.0
58531,640,3.0
58532,1171,5.0
58538,650,4.0
58543,841,4.0
58545,369,3.0
58545,748,4.0
58547,369,1.0
58549,481,3.0
58550,640,4.0
58551,1220,4.0
58552,640,4.333333333333333
58552,748,4.0
58552,749,4.0
58553,640,1.0
58553,748,3.0
58553,824,5.0
58555,748,5.0
58555,1278,4.0
58565,737,3.0
58566,640,5.0
58569,640,5.0
58572,841,5.0
58575,748,5.0
58578,1220,1.0
58580,640,3.0
58583,369,1.0
58583,841,5.0
58584,737,4.0
58584,824,4.0
58585,640,4.0
58585,748,3.0
58587,640,5.0
58588,841,5.0
58591,640,5.0
58591,748,5.0
58593,369,3.0
58596,640,3.0
58596,650,4.0
58597,481,4.0
58597,640,5.0
58601,824,4.0
58607,673,3.0
58610,369,4.0
58610,673,5.0
58614,824,4.0
58616,748,5.0
58619,748,4.0
58626,841,4.0
58627,640,5.0
58628,748,3.0
58629,824,5.0
58631,748,5.0
58632,824,2.0
58632,841,5.0
58637,369,4.0
58637,481,4.0
58637,640,4.0
58637,650,4.0
58637,748,3.0
58640,748,3.0
58642,1278,4.5
58644,841,5.0
58645,640,4.0
58647,824,4.0
58649,640,5.0
58649,748,4.0
58650,640,4.0
58653,481,5.0
58655,640,3.0
58655,737,5.0
58656,640,5.0
58657,640,3.0
58659,640,4.0
58659,748,4.0
58662,640,3.0
58662,749,2.0
58664,824,3.0
58666,749,2.0
58668,673,5.0
58669,640,5.0
58671,650,3.5
58672,748,5.0
58673,369,3.0
58673,640,5.0
58673,841,5.0
58674,640,3.0
58681,748,5.0
58683,640,4.0
58683,748,4.0
58684,369,5.0
58684,673,5.0
58686,650,3.0
58690,673,4.0
58691,1171,4.2
58693,640,4.0
58696,673,4.0
58697,737,5.0
58699,369,3.0
58700,640,5.0
58701,748,5.0
58705,650,4.0
58711,640,4.0
58711,748,5.0
58713,640,4.0
58714,1238,5.0
58716,748,3.0
58720,737,5.0
58720,841,4.0
58721,640,3.0
58721,650,4.0
58722,650,3.0
58724,673,4.0
58725,640,4.0
58727,481,5.0
58730,640,5.0
58734,737,3.0
58734,748,2.0
58734,824,4.0
58739,640,3.0
58740,369,1.0
58740,650,4.0
58743,737,4.0
58744,650,4.0
58747,640,5.0
58747,748,3.0
58750,640,5.0
58753,481,4.0
58754,640,5.0
58760,640,4.0
58764,481,5.0
58768,841,5.0
58769,841,5.0
58772,640,5.0
58773,640,5.0
58774,640,4.0
58774,748,4.0
58774,824,4.0
58774,841,5.0
58777,888,5.0
58778,640,5.0
58780,640,5.0
58780,673,5.0
58780,824,2.0
58781,640,5.0
58782,749,4.0
58783,640,4.0
58783,737,4.0
58789,640,3.0
58794,1280,3.0
58795,481,4.0
58795,737,5.0
58795,824,5.0
58796,841,4.0
58797,481,5.0
58797,841,3.0
58804,640,5.0
58807,640,4.0
58809,748,4.0
58809,824,3.0
58815,650,3.0
58815,673,5.0
58815,748,3.5
58815,1297,3.3333333333333335
58816,481,5.0
58817,748,5.0
58824,640,5.0
58825,841,5.0
58826,841,4.0
58827,640,5.0
58828,369,1.0
58828,841,3.0
58829,824,5.0
58831,1297,2.0
58833,640,4.0
58838,650,4.0
58841,673,5.0
58842,673,2.0
58843,640,4.0
58843,748,3.0
58845,748,4.0
58845,749,4.0
58846,481,5.0
58848,1171,4.0
58850,841,5.0
58852,481,4.0
58854,737,4.0
58855,640,4.0
58861,737,4.0
58862,369,3.0
58865,481,5.0
58866,841,4.0
58867,749,4.0
58868,640,4.0
58874,481,5.0
58878,1137,4.5
58880,640,4.0
58880,841,3.0
58881,748,5.0
58886,640,5.0
58888,369,3.0
58888,673,2.6666666666666665
58888,737,4.0
58888,824,4.0
58889,1171,5.0
58891,640,1.0
58896,824,4.0
58898,640,3.0
58899,737,4.0
58899,947,5.0
58899,1280,3.3333333333333335
58900,640,5.0
58901,737,4.0
58903,748,4.0
58904,673,1.0
58908,369,5.0
58909,748,4.0
58911,748,4.0
58913,640,5.0
58917,748,4.0
58919,369,3.0
58919,841,5.0
58920,1171,2.75
58921,640,5.0
58922,673,5.0
58924,640,4.0
58924,749,4.0
58927,841,5.0
58931,640,5.0
58932,640,5.0
58932,749,5.0
58938,640,5.0
58938,824,1.0
58940,640,4.0
58941,737,5.0
58942,737,5.0
58947,749,5.0
58950,737,4.0
58951,824,4.0
58952,841,5.0
58953,749,4.0
58960,841,5.0
58962,640,4.0
58963,640,5.0
58965,640,5.0
58965,748,5.0
58966,824,5.0
58967,640,4.0
58969,640,4.0
58971,640,4.0
58975,737,3.0
58976,481,5.0
58980,640,4.0
58982,841,5.0
58984,841,5.0
58985,369,4.5
58985,481,4.0
58985,640,4.0
58985,824,5.0
58985,841,4.0
58986,673,4.0
58988,640,4.0
58990,640,5.0
58993,841,5.0
58994,640,3.0
58995,640,5.0
58995,650,5.0
58996,640,5.0
58996,737,3.0
58999,824,4.0
59001,841,5.0
59003,640,5.0
59004,640,4.0
59004,650,3.0
59008,673,3.0
59008,841,5.0
59009,640,4.0
59015,640,4.0
59019,737,5.0
59024,1171,3.6666666666666665
59026,920,4.0
59026,937,4.0
59030,640,5.0
59033,640,3.0
59034,640,3.0
59037,640,3.0
59044,481,5.0
59045,640,4.0
59046,640,5.0
59048,737,5.0
59055,748,3.0
59057,650,5.0
59058,640,5.0
59059,640,5.0
59060,749,2.0
59062,841,5.0
59063,841,4.0
59065,1297,5.0
59066,640,5.0
59067,841,3.0
59069,841,4.0
59074,749,3.0
59076,841,3.0
59078,748,3.0
59079,824,2.0
59079,841,4.0
59080,897,3.0
59081,841,4.0
59082,1171,4.0
59084,650,3.0
59084,737,5.0
59084,824,5.0
59085,841,5.0
59087,1278,5.0
59089,481,5.0
59090,481,5.0
59093,841,4.5
59096,481,5.0
59096,888,4.0
59099,737,5.0
59099,824,5.0
59101,737,4.0
59102,640,5.0
59102,673,2.0
59103,1171,4.125
59107,737,5.0
59111,640,5.0
59115,824,4.0
59115,841,5.0
59117,650,1.0
59118,369,5.0
59118,640,4.0
59118,841,5.0
59119,640,3.0
59122,481,5.0
59125,841,5.0
59130,1297,4.0
59132,748,5.0
59134,841,5.0
59135,650,5.0
59135,748,4.0
59135,749,5.0
59137,640,5.0
59138,748,4.0
59139,640,5.0
59146,949,1.0
59148,737,4.0
59149,481,5.0
59152,841,5.0
59154,841,3.0
59159,369,5.0
59159,737,5.0
59159,748,5.0
59159,824,5.0
59165,1137,4.333333333333333
59171,737,3.0
59172,640,4.0
59173,841,4.0
59174,369,5.0
59177,640,5.0
59178,888,5.0
59178,1278,4.666666666666667
59179,673,5.0
59180,824,4.0
59181,673,5.0
59182,841,5.0
59188,1280,4.0
59190,737,4.0
59191,640,4.0
59192,1297,4.0
59193,640,3.0
59196,824,4.0
59197,369,4.0
59198,673,5.0
59198,749,3.0
59202,640,4.0
59203,841,5.0
59207,640,3.0
59207,749,2.0
59208,749,5.0
59213,640,4.0
59214,640,5.0
59214,748,5.0
59214,824,5.0
59215,369,4.0
59217,481,5.0
59224,824,5.0
59225,673,5.0
59229,673,4.0
59230,640,5.0
59231,824,5.0
59234,481,4.0
59235,640,4.0
59236,369,4.0
59237,640,5.0
59238,673,5.0
59241,369,3.0
59241,640,4.0
59241,673,4.0
59242,748,5.0
59244,1166,4.333333333333333
59247,824,4.0
59249,640,5.0
59249,748,4.0
59252,640,4.0
59254,824,4.0
59258,1278,5.0
59259,737,4.0
59260,841,5.0
59261,650,3.0
59262,640,4.0
59264,640,5.0
59265,748,5.0
59267,369,3.0
59268,737,3.0
59269,640,5.0
59271,640,5.0
59275,824,4.0
59276,749,4.0
59277,748,3.0
59279,737,4.0
59281,640,3.0
59285,748,4.0
59287,650,2.0
59287,748,3.0
59287,749,2.0
59287,1297,4.0
59288,748,4.0
59289,749,4.0
59291,640,5.0
59292,481,4.0
59293,1225,5.0
59297,650,5.0
59305,824,5.0
59309,1171,4.0
59310,640,5.0
59312,1133,4.0
59315,824,4.0
59317,481,5.0
59319,640,4.0
59320,748,4.0
59322,888,4.0
59322,937,3.0
59324,1278,5.0
59325,640,3.0
59326,737,5.0
59327,1225,5.0
59328,481,4.0
59330,369,5.0
59330,1166,5.0
59332,748,5.0
59334,640,5.0
59336,737,5.0
59340,888,3.0
59343,749,3.0
59349,640,5.0
59350,640,3.0
59350,748,2.0
59350,824,5.0
59353,1166,4.333333333333333
59355,841,5.0
59356,640,5.0
59357,640,5.0
59358,749,4.0
59359,673,5.0
59360,841,5.0
59364,1166,4.0
59369,1171,3.5
59371,1278,5.0
59372,1171,4.75
59373,1171,4.0
59374,737,3.0
59375,824,4.0
59377,640,3.0
59378,650,4.0
59378,824,4.0
59379,824,4.0
59380,650,5.0
59388,640,5.0
59388,748,5.0
59389,673,4.0
59389,841,3.0
59390,481,4.0
59390,749,4.0
59394,369,4.0
59394,737,5.0
59394,824,4.0
59395,640,4.0
59396,737,4.0
59397,737,5.0
59398,1166,4.5
59400,749,2.0
59401,640,1.0
59407,841,4.0
59408,640,1.0
59409,1297,4.0
59410,640,3.0
59410,748,3.0
59410,749,3.0
59411,841,5.0
59417,888,5.0
59417,1278,4.666666666666667
59420,841,5.0
59424,640,5.0
59424,748,5.0
59425,841,4.0
59428,640,5.0
59430,841,5.0
59436,841,4.0
59441,640,4.0
59442,640,4.0
59448,369,3.0
59453,673,4.0
59454,650,5.0
59458,481,5.0
59459,1166,2.0
59460,824,5.0
59461,650,5.0
59463,1171,5.0
59464,640,4.0
59466,640,3.0
59468,640,4.0
59469,1297,3.0
59472,640,3.0
59472,748,5.0
59479,481,5.0
59479,640,4.0
59479,748,3.0
59480,888,4.0
59481,737,3.0
59482,841,5.0
59485,640,5.0
59486,640,4.0
59487,737,3.0
59487,824,3.0
59487,1220,3.5
59489,748,4.0
59491,640,5.0
59491,748,4.0
59493,640,5.0
59498,737,3.0
59498,748,4.0
59499,640,4.0
59500,841,4.0
59504,640,5.0
59507,650,5.0
59511,650,3.0
59513,841,5.0
59514,650,4.0
59514,673,4.0
59515,841,5.0
59516,841,5.0
59517,640,4.0
59517,748,4.0
59523,640,5.0
59523,650,3.0
59524,640,5.0
59524,748,4.0
59524,749,5.0
59527,640,4.0
59527,749,4.0
59531,824,5.0
59532,1171,4.0
59534,841,5.0
59538,824,4.0
59540,640,5.0
59540,748,4.0
59540,749,3.0
59541,841,5.0
59542,369,5.0
59542,481,4.0
59542,748,5.0
59542,824,5.0
59543,369,1.0
59544,650,3.0
59547,841,4.0
59549,369,3.0
59549,481,3.0
59550,640,4.0
59551,673,4.0
59554,1166,4.6
59557,737,4.0
59557,877,3.0
59557,913,3.0
59557,937,3.0
59557,947,3.0
59557,949,3.0
59557,975,4.0
59558,640,4.0
59561,1166,3.0
59562,650,5.0
59563,824,3.0
59567,369,3.0
59572,1225,5.0
59575,640,4.0
59576,749,5.0
59578,1171,5.0
59579,737,5.0
59585,749,5.0
59592,650,3.0
59592,673,5.0
59592,748,5.0
59592,1238,4.0
59594,640,4.0
59594,748,2.0
59594,841,5.0
59598,749,5.0
59600,640,5.0
59603,1278,4.0
59604,650,4.0
59605,640,5.0
59611,369,1.0
59611,737,4.0
59613,640,4.0
59615,1166,2.6666666666666665
59616,824,5.0
59617,640,3.0
59617,748,4.0
59619,640,3.0
59620,640,5.0
59622,673,4.0
59629,748,4.0
59634,824,4.0
59638,369,2.0
59639,640,5.0
59640,673,5.0
59641,640,5.0
59641,749,5.0
59643,748,4.0
59643,824,4.0
59648,640,4.0
59651,1225,3.0
59659,369,5.0
59662,640,5.0
59663,369,3.0
59663,673,2.0
59663,824,5.0
59666,841,5.0
59667,640,5.0
59669,640,5.0
59670,640,5.0
59670,748,5.0
59672,673,5.0
59675,841,4.0
59678,749,5.0
59679,650,3.0
59681,748,5.0
59685,640,5.0
59687,737,4.0
59690,748,3.0
59692,824,5.0
59693,737,5.0
59694,1133,5.0
59696,369,4.0
59696,640,5.0
59696,650,4.0
59696,748,4.0
59696,1166,3.75
59699,673,5.0
59703,841,4.0
59705,640,5.0
59705,737,5.0
59710,673,5.0
59711,1280,3.0
59712,1171,2.6666666666666665
59717,888,5.0
59719,640,5.0
59720,824,4.0
59725,650,4.0
59728,640,5.0
59735,748,2.0
59740,640,4.0
59742,673,2.0
59742,737,5.0
59742,748,5.0
59742,824,5.0
59746,737,5.0
59746,748,5.0
59746,749,4.0
59747,841,5.0
59751,737,3.0
59752,737,3.0
59757,1278,4.4
59759,737,4.0
59766,640,4.0
59770,640,3.0
59770,748,4.0
59773,824,4.0
59774,481,4.0
59774,737,4.0
59774,748,3.0
59776,640,4.0
59776,841,5.0
59779,640,5.0
59782,369,1.0
59782,640,5.0
59782,650,4.0
59782,673,4.0
59782,748,4.0
59782,749,4.0
59784,1278,5.0
59785,640,2.0
59785,737,5.0
59788,737,5.0
59789,841,5.0
59790,748,5.0
59791,841,5.0
59795,650,2.0
59796,640,4.0
59798,673,5.0
59800,737,4.0
59801,888,4.0
59802,640,4.5
59802,673,5.0
59802,748,4.5
59805,650,5.0
59805,841,5.0
59806,640,5.0
59806,748,5.0
59806,841,5.0
59808,640,5.0
59808,673,5.0
59809,481,3.0
59809,640,4.0
59809,824,5.0
59810,640,4.0
59811,640,5.0
59812,481,2.0
59815,481,4.0
59815,640,5.0
59815,841,5.0
59818,640,4.0
59819,640,4.0
59821,640,4.0
59822,1225,4.5
59825,1278,3.5
59827,650,5.0
59828,1238,5.0
59829,824,5.0
59830,737,4.0
59830,824,3.0
59832,650,5.0
59833,841,4.0
59834,481,5.0
59837,1171,4.333333333333333
59840,640,5.0
59840,749,5.0
59841,640,3.0
59842,824,3.0
59844,369,1.0
59845,1220,4.333333333333333
59846,640,5.0
59846,673,5.0
59846,748,5.0
59846,749,3.0
59847,673,2.0
59849,640,3.0
59849,737,2.0
59849,1166,3.5
59851,749,4.0
59860,824,3.0
59861,673,4.0
59862,369,4.0
59863,841,4.0
59864,481,4.0
59865,748,5.0
59868,748,5.0
59869,1278,4.5
59870,640,5.0
59872,640,5.0
59874,824,1.0
59875,640,5.0
59876,640,4.0
59876,737,4.0
59881,1166,4.5
59882,841,4.0
59886,640,4.0
59886,748,4.0
59887,673,5.0
59889,824,4.0
59890,824,5.0
59890,841,5.0
59892,841,5.0
59896,737,5.0
59901,640,5.0
59904,1280,5.0
59905,749,4.0
59905,824,5.0
59913,841,5.0
59914,841,5.0
59918,640,3.0
59925,673,5.0
59931,369,4.0
59931,481,4.0
59932,748,3.0
59934,1278,5.0
59938,824,4.0
59939,824,5.0
59941,673,4.0
59943,748,5.0
59943,749,5.0
59950,1166,4.0
59951,640,4.0
59953,1171,5.0
59957,737,5.0
59961,824,4.0
59962,640,5.0
59963,737,5.0
59967,841,5.0
59968,824,4.0
59973,640,5.0
59976,640,5.0
59977,748,5.0
59980,640,5.0
59980,841,5.0
59983,640,3.0
59985,369,1.0
59985,824,4.0
59987,640,5.0
59988,673,3.0
59988,737,3.0
59988,824,3.0
59988,1297,3.0
59993,824,3.0
59998,481,5.0
59998,737,5.0
60005,369,3.0
60007,748,5.0
60010,650,5.0
60012,748,4.0
60014,737,5.0
60015,1278,4.0
60026,737,4.0
60026,748,3.0
60027,737,4.0
60031,640,4.0
60033,1278,4.0
60034,640,4.0
60034,737,3.0
60034,748,2.0
60037,1137,4.25
60046,824,5.0
60046,1220,1.0
60047,369,4.0
60048,640,4.0
60049,737,5.0
60050,673,4.0
60051,841,5.0
60052,1297,4.0
60055,1280,2.0
60058,640,3.0
60058,749,5.0
60059,841,5.0
60064,481,5.0
60065,1280,5.0
60070,369,4.0
60070,481,4.0
60071,369,4.0
60071,737,4.0
60071,748,5.0
60074,737,5.0
60075,640,3.0
60075,748,3.0
60076,481,4.0
60082,369,3.0
60082,841,4.0
60086,748,4.0
60086,824,5.0
60088,748,5.0
60091,1137,4.0
60095,824,1.0
60099,640,5.0
60103,975,5.0
60106,748,4.0
60110,748,5.0
60110,841,5.0
60111,640,4.0
60113,369,1.0
60114,481,5.0
60114,737,5.0
60115,640,5.0
60128,673,3.0
60132,841,5.0
60139,748,5.0
60140,640,3.0
60141,748,5.0
60144,650,5.0
60145,841,5.0
60150,748,4.0
60151,650,4.0
60153,481,3.0
60156,749,5.0
60159,640,2.0
60160,737,3.0
60162,640,4.0
60163,841,5.0
60168,841,4.0
60170,481,5.0
60172,1278,4.0
60174,824,5.0
60175,737,4.0
60176,369,4.0
60177,481,4.0
60178,1220,3.0
60179,748,5.0
60180,824,4.0
60182,640,5.0
60183,640,5.0
60191,748,5.0
60191,824,5.0
60192,640,5.0
60196,1133,5.0
60201,640,4.0
60203,824,5.0
60209,640,5.0
60210,640,3.0
60212,640,4.0
60212,841,4.0
60213,481,3.0
60220,737,3.0
60222,749,5.0
60222,841,3.0
60227,737,3.0
60227,841,5.0
60231,640,5.0
60233,841,4.0
60244,650,4.0
60245,640,3.0
60246,640,5.0
60252,640,5.0
60255,481,5.0
60257,640,5.0
60259,824,5.0
60265,369,3.0
60266,841,5.0
60268,824,4.0
60270,737,5.0
60278,1280,4.0
60279,673,4.0
60280,841,5.0
60281,369,1.0
60281,640,5.0
60281,841,5.0
60284,640,5.0
60285,824,5.0
60286,841,4.0
60287,481,5.0
60287,640,5.0
60290,640,4.0
60290,841,4.0
60293,640,5.0
60293,748,5.0
60293,749,5.0
60293,841,5.0
60295,640,5.0
60299,749,5.0
60300,748,4.0
60300,841,3.0
60301,841,5.0
60308,841,5.0
60310,481,5.0
60314,841,5.0
60315,640,5.0
60315,841,5.0
60317,640,4.0
60317,748,5.0
60318,640,3.0
60320,824,1.0
60321,650,3.0
60323,841,4.5
60324,748,5.0
60328,824,5.0
60329,748,5.0
60331,841,5.0
60333,369,3.0
60336,748,4.0
60336,841,5.0
60338,841,5.0
60339,640,4.0
60339,824,5.0
60343,369,5.0
60344,640,4.0
60344,673,3.5
60344,1133,5.0
60346,481,3.0
60346,640,4.0
60346,748,2.0
60348,748,5.0
60352,640,4.0
60357,841,5.0
60358,640,5.0
60360,640,4.0
60361,841,5.0
60362,841,5.0
60363,640,4.5
60363,748,4.666666666666667
60364,1171,4.0
60367,841,5.0
60371,369,2.0
60371,748,5.0
60371,841,5.0
60371,1171,3.5
60374,1225,5.0
60375,650,3.0
60376,749,5.0
60377,640,4.0
60379,841,5.0
60381,748,4.0
60381,749,4.0
60383,640,5.0
60385,1166,5.0
60386,673,4.0
60387,369,4.0
60387,841,5.0
60388,1278,5.0
60393,1171,5.0
60398,841,5.0
60400,640,5.0
60400,841,5.0
60403,1171,1.0
60404,640,4.0
60404,748,3.0
60406,369,4.0
60407,481,5.0
60409,841,5.0
60411,841,5.0
60412,640,5.0
60412,748,4.0
60412,824,4.0
60413,737,5.0
60418,748,3.0
60421,841,3.0
60422,1171,4.666666666666667
60425,481,5.0
60425,640,5.0
60425,749,4.0
60428,481,5.0
60430,841,5.0
60432,640,3.0
60434,369,4.0
60434,673,5.0
60434,749,5.0
60435,369,4.0
60437,369,1.0
60440,640,4.0
60440,748,4.0
60442,748,3.0
60443,640,4.0
60443,748,4.5
60447,841,5.0
60454,640,3.0
60454,748,4.0
60455,1297,5.0
60458,640,1.0
60458,824,2.0
60459,824,5.0
60461,749,3.0
60463,1220,5.0
60465,1171,4.5
60467,650,3.0
60468,481,4.0
60474,650,5.0
60478,673,5.0
60481,841,5.0
60482,737,4.0
60483,640,5.0
60490,640,5.0
60491,640,5.0
60492,481,4.0
60494,369,4.0
60504,841,5.0
60506,841,5.0
60512,737,4.0
60515,841,5.0
60516,481,5.0
60519,369,3.0
60519,673,4.0
60520,748,4.0
60522,748,4.0
60522,824,5.0
60523,640,4.0
60523,749,5.0
60525,369,4.0
60526,640,3.0
60526,748,5.0
60527,640,3.0
60529,640,5.0
60531,1133,3.0
60532,640,4.0
60533,369,3.0
60535,673,5.0
60538,640,5.0
60538,748,5.0
60541,748,5.0
60542,369,3.0
60543,640,5.0
60546,749,5.0
60549,841,5.0
60550,640,5.0
60550,841,5.0
60552,888,5.0
60554,1171,4.0
60555,369,2.0
60559,1166,5.0
60563,673,5.0
60564,1171,4.0
60566,1297,4.0
60567,1280,4.666666666666667
60569,369,2.0
60570,748,3.0
60572,1171,4.5
60573,369,3.0
60575,369,5.0
60575,824,5.0
60578,749,3.0
60580,1171,3.75
60589,824,5.0
60590,824,3.0
60591,650,5.0
60594,748,4.0
60599,824,5.0
60600,748,5.0
60603,1171,5.0
60605,640,4.0
60605,748,3.0
60606,737,5.0
60609,481,4.0
60611,650,4.0
60614,369,5.0
60614,481,5.0
60615,1278,4.4
60621,1171,4.0
60623,673,5.0
60632,841,5.0
60636,737,4.0
60637,640,4.0
60643,841,5.0
60647,824,3.0
60648,369,3.0
60648,640,5.0
60648,673,5.0
60649,369,4.0
60650,737,5.0
60650,748,5.0
60652,640,5.0
60653,737,3.0
60654,369,2.0
60655,749,4.0
60655,824,4.0
60659,748,5.0
60661,748,4.0
60668,673,4.0
60669,1238,5.0
60670,737,3.0
60673,481,4.0
60675,650,5.0
60677,481,4.0
60679,888,4.0
60687,369,3.0
60687,640,3.0
60687,737,4.0
60687,748,3.0
60687,824,4.0
60692,824,5.0
60695,369,4.0
60696,640,3.0
60697,650,2.0
60700,640,2.0
60702,824,5.0
60704,640,5.0
60704,737,5.0
60704,748,5.0
60704,749,5.0
60714,640,5.0
60714,841,5.0
60717,737,5.0
60721,748,4.0
60725,640,4.0
60726,737,5.0
60727,369,4.0
60727,481,3.0
60727,748,4.0
60727,749,4.0
60733,640,3.0
60734,748,5.0
60735,369,4.0
60735,673,5.0
60735,824,5.0
60737,841,5.0
60738,748,4.5
60741,673,2.0
60742,650,1.0
60743,640,3.0
60743,748,4.0
60745,841,5.0
60746,640,5.0
60746,1166,4.5
60747,369,4.0
60748,640,5.0
60748,673,4.0
60751,749,3.0
60752,640,5.0
60754,369,4.0
60760,640,5.0
60760,748,4.0
60761,640,5.0
60761,748,5.0
60761,749,5.0
60763,673,4.0
60764,369,4.0
60764,640,5.0
60764,748,5.0
60764,749,3.0
60766,824,3.0
60767,1297,2.0
60768,640,4.0
60768,737,4.0
60768,748,4.0
60774,841,5.0
60779,841,3.0
60780,369,4.0
60782,1171,4.0
60786,640,4.0
60787,673,3.0
60790,640,4.0
60797,650,5.0
60799,369,4.0
60799,481,3.5
60799,640,4.0
60799,650,3.0
60799,673,4.0
60799,748,4.0
60799,1171,3.4081632653061225
60802,748,3.0
60805,841,5.0
60806,673,5.0
60807,640,4.0
60808,650,4.0
60811,748,4.0
60812,841,5.0
60815,640,5.0
60815,673,1.0
60819,640,4.0
60820,737,2.0
60822,369,2.0
60829,737,4.0
60829,824,5.0
60831,749,5.0
60835,640,5.0
60837,1278,4.0
60838,640,3.0
60838,841,4.0
60842,640,3.0
60842,824,3.0
60848,640,3.0
60849,1166,3.0
60850,841,5.0
60852,1171,3.3333333333333335
60853,1171,4.0
60859,841,5.0
60860,841,5.0
60863,640,5.0
60863,841,5.0
60871,1171,4.888888888888889
60873,369,4.0
60876,748,5.0
60880,640,4.0
60884,673,4.0
60885,841,5.0
60886,640,4.0
60895,841,5.0
60896,481,3.0
60899,481,4.0
60899,640,5.0
60899,748,4.0
60899,841,5.0
60901,1166,5.0
60902,748,4.0
60903,369,4.0
60907,640,3.0
60907,650,3.0
60909,841,5.0
60910,1171,5.0
60911,640,5.0
60912,369,5.0
60912,841,5.0
60925,640,4.0
60926,640,5.0
60927,650,3.0
60935,369,5.0
60935,640,3.0
60946,841,4.0
60947,841,5.0
60948,650,5.0
60949,824,3.0
60955,841,5.0
60957,640,4.0
60961,673,1.0
60963,650,4.0
60964,650,5.0
60964,841,5.0
60967,640,5.0
60971,841,4.0
60972,748,5.0
60974,650,5.0
60974,749,2.0
60975,650,2.0
60976,640,5.0
60981,748,4.0
60986,369,5.0
60986,748,5.0
60989,748,5.0
60991,841,4.0
60993,748,5.0
60994,841,4.0
60995,650,1.0
60996,640,4.0
61001,824,5.0
61005,369,5.0
61008,1280,5.0
61009,369,3.0
61009,748,4.0
61010,369,4.0
61015,737,2.0
61015,841,5.0
61016,841,5.0
61017,640,4.0
61024,1220,5.0
61025,673,3.0
61026,369,4.0
61033,640,4.0
61047,673,3.0
61047,737,4.0
61049,748,4.0
61051,481,3.0
61052,737,4.0
61054,640,4.0
61057,640,5.0
61057,650,5.0
61060,841,5.0
61062,841,5.0
61064,640,3.0
61064,947,5.0
61064,975,5.0
61066,749,5.0
61067,1280,4.0
61073,913,5.0
61074,369,1.0
61075,650,5.0
61076,824,2.0
61078,640,4.0
61080,481,4.0
61084,640,5.0
61086,640,5.0
61089,640,3.0
61090,369,4.0
61092,673,3.0
61094,640,5.0
61095,640,5.0
61099,673,3.0
61100,737,5.0
61102,640,3.0
61103,640,4.0
61107,640,4.0
61108,673,4.0
61108,748,4.0
61110,640,5.0
61110,841,4.0
61111,481,4.0
61111,640,2.0
61111,749,2.0
61113,841,5.0
61114,640,5.0
61114,748,5.0
61117,673,5.0
61118,841,5.0
61123,640,4.0
61124,1278,5.0
61125,673,1.0
61126,841,5.0
61128,841,4.0
61131,650,4.0
61134,640,4.0
61137,841,5.0
61138,640,5.0
61139,640,5.0
61139,748,5.0
61139,749,5.0
61140,824,5.0
61140,841,5.0
61141,640,5.0
61141,748,5.0
61142,640,1.0
61142,673,3.0
61144,841,5.0
61145,841,5.0
61150,640,4.0
61153,673,3.0
61153,841,5.0
61158,841,4.0
61159,841,4.0
61160,481,4.0
61160,640,4.0
61162,640,2.0
61163,640,5.0
61164,640,4.0
61165,650,5.0
61166,369,4.0
61166,888,4.0
61167,841,4.0
61169,841,1.0
61171,673,5.0
61171,748,5.0
61171,749,4.0
61174,481,3.0
61174,640,4.0
61174,748,4.0
61174,749,3.0
61175,640,5.0
61177,841,3.6666666666666665
61180,640,5.0
61181,841,4.0
61182,640,4.0
61182,673,5.0
61182,748,4.0
61182,749,5.0
61182,841,5.0
61184,1278,5.0
61185,481,4.0
61186,1171,5.0
61189,1297,4.0
61190,824,4.0
61193,650,5.0
61194,673,4.0
61195,640,5.0
61205,640,4.0
61205,673,5.0
61208,749,3.0
61210,1220,4.0
61211,841,4.0
61212,369,1.0
61212,481,4.0
61212,748,4.0
61212,749,3.0
61212,841,5.0
61214,841,5.0
61215,824,5.0
61216,673,1.0
61216,748,2.0
61217,841,5.0
61222,640,5.0
61222,737,5.0
61223,1171,4.0
61232,650,5.0
61233,1171,3.5
61236,947,5.0
61237,481,5.0
61238,640,4.0
61239,841,5.0
61244,640,5.0
61244,748,5.0
61250,841,5.0
61252,369,4.0
61252,481,5.0
61252,640,5.0
61253,640,5.0
61253,748,5.0
61253,749,4.0
61254,640,4.0
61254,673,2.0
61255,640,5.0
61255,748,5.0
61256,748,3.0
61257,640,4.0
61262,640,4.5
61263,824,4.0
61264,748,4.0
61264,749,5.0
61267,748,5.0
61272,841,4.0
61275,640,4.0
61276,841,5.0
61278,841,4.0
61280,824,5.0
61281,640,4.0
61284,737,3.0
61287,748,5.0
61290,888,5.0
61293,640,3.0
61293,748,2.0
61297,949,5.0
61298,737,3.0
61298,748,5.0
61300,749,5.0
61300,841,5.0
61301,1297,3.0
61304,748,4.0
61307,640,5.0
61308,369,3.0
61308,640,4.0
61308,748,5.0
61311,748,3.0
61318,737,5.0
61318,841,5.0
61321,737,4.0
61321,824,3.0
61329,369,4.0
61329,640,5.0
61329,748,5.0
61329,749,5.0
61330,841,5.0
61332,640,5.0
61335,640,5.0
61337,841,5.0
61340,841,5.0
61341,824,5.0
61341,841,3.0
61343,841,5.0
61344,640,4.0
61344,824,5.0
61344,841,4.0
61346,841,4.0
61347,1278,4.333333333333333
61349,1171,4.0
61350,640,3.0
61351,748,5.0
61351,824,5.0
61353,369,2.0
61353,748,2.0
61353,749,3.0
61354,650,1.0
61354,824,5.0
61356,1166,3.0
61357,841,5.0
61358,640,4.0
61358,841,5.0
61361,748,5.0
61364,640,5.0
61364,841,4.0
61367,841,5.0
61373,673,5.0
61378,748,5.0
61379,640,4.0
61379,841,5.0
61380,369,5.0
61381,748,4.0
61382,748,1.0
61383,640,3.0
61393,748,2.0
61394,841,5.0
61402,737,5.0
61404,369,5.0
61406,824,5.0
61406,1166,5.0
61407,369,5.0
61407,737,5.0
61408,737,5.0
61408,824,5.0
61415,1166,3.6666666666666665
61416,673,4.0
61417,650,5.0
61419,748,4.0
61424,737,4.0
61424,748,4.0
61424,749,3.0
61424,824,4.0
61429,640,5.0
61435,640,5.0
61437,640,5.0
61438,640,4.0
61440,841,5.0
61447,673,4.0
61453,748,5.0
61455,640,5.0
61455,748,4.0
61455,749,5.0
61459,369,4.0
61459,673,4.0
61460,749,3.0
61467,673,4.0
61469,640,5.0
61470,640,5.0
61470,737,5.0
61470,748,5.0
61472,640,4.0
61473,841,5.0
61482,481,3.0
61484,824,4.0
61494,1171,5.0
61495,369,1.0
61495,748,4.0
61497,1171,5.0
61499,748,5.0
61499,749,5.0
61505,737,5.0
61507,369,1.0
61508,841,5.0
61509,748,4.0
61512,824,4.0
61512,841,5.0
61514,748,5.0
61516,1280,5.0
61517,640,5.0
61517,748,3.0
61521,640,5.0
61525,650,5.0
61526,737,3.0
61526,824,4.0
61527,481,5.0
61529,1297,3.0
61530,481,3.0
61536,737,5.0
61536,748,3.0
61536,824,5.0
61536,841,5.0
61539,650,3.0
61540,640,3.0
61542,640,3.0
61544,749,5.0
61548,640,5.0
61550,748,5.0
61551,640,5.0
61552,1166,3.0
61558,640,3.0
61558,748,2.0
61559,640,5.0
61560,650,3.0
61560,841,4.0
61561,640,5.0
61568,369,4.0
61569,748,3.0
61570,841,5.0
61574,841,3.0
61576,737,3.0
61581,640,5.0
61581,748,4.0
61582,1171,5.0
61588,748,5.0
61590,1220,3.0
61591,640,5.0
61592,1280,4.0
61593,369,5.0
61597,841,5.0
61598,841,4.0
61599,824,4.0
61607,1137,5.0
61610,841,5.0
61613,737,4.0
61615,737,4.0
61617,369,5.0
61617,841,5.0
61619,640,3.0
61620,1166,3.0
61621,841,5.0
61622,888,5.0
61623,650,2.0
61623,737,5.0
61623,749,4.0
61635,640,3.0
61637,824,3.0
61639,640,5.0
61643,640,4.0
61653,369,3.0
61657,824,5.0
61660,640,5.0
61661,841,5.0
61662,369,1.0
61665,640,5.0
61666,1297,5.0
61668,673,4.0
61671,1278,4.0
61675,841,5.0
61679,841,5.0
61680,824,4.0
61681,824,4.0
61682,640,3.0
61682,748,4.0
61687,1278,4.0
61691,640,2.0
61691,1166,3.6
61692,640,5.0
61692,748,5.0
61693,1280,4.0
61694,369,3.0
61695,841,5.0
61696,841,4.0
61697,1220,5.0
61698,481,4.0
61702,1166,5.0
61706,640,3.0
61709,640,5.0
61714,640,4.0
61715,481,3.0
61715,640,3.0
61715,824,4.0
61721,841,4.0
61722,640,4.0
61723,824,4.0
61724,824,5.0
61724,1280,5.0
61725,640,4.0
61726,640,4.0
61727,640,4.0
61728,824,3.0
61729,673,4.0
61730,737,5.0
61731,650,4.0
61736,640,4.5
61736,748,4.0
61740,369,3.0
61741,369,4.0
61743,737,5.0
61746,824,4.0
61747,737,5.0
61747,749,5.0
61747,824,5.0
61749,640,5.0
61749,824,5.0
61753,841,4.0
61761,1297,3.0
61762,737,5.0
61763,748,5.0
61763,749,3.0
61763,824,5.0
61765,1133,4.0
61767,1171,4.666666666666667
61768,1171,3.5
61769,640,3.0
61770,640,3.0
61780,673,4.0
61782,737,3.0
61785,640,4.0
61785,749,4.0
61786,737,4.0
61786,824,5.0
61791,824,3.0
61792,640,5.0
61792,748,4.0
61796,640,4.0
61800,640,4.0
61802,673,1.0
61803,481,5.0
61805,673,5.0
61808,841,5.0
61809,640,4.0
61809,748,3.0
61810,640,5.0
61812,748,3.0
61813,749,3.0
61814,673,4.0
61816,841,5.0
61826,481,4.0
61831,824,3.0
61836,1171,4.0
61837,824,3.0
61838,1166,4.0
61840,1220,4.0
61845,369,4.0
61846,369,4.0
61847,640,4.0
61848,640,4.0
61849,640,4.0
61850,748,3.5
61858,640,4.333333333333333
61858,650,4.0
61858,841,5.0
61863,1220,5.0
61864,650,5.0
61865,841,4.0
61866,1278,4.0
61868,841,4.0
61874,369,5.0
61876,640,5.0
61878,888,5.0
61881,841,5.0
61882,640,5.0
61883,1171,4.5
61884,640,4.0
61886,369,5.0
61892,640,4.0
61894,824,2.0
61898,841,5.0
61903,824,4.0
61905,640,4.0
61905,748,4.0
61906,640,1.0
61907,640,5.0
61907,673,5.0
61915,650,4.0
61916,749,3.0
61917,640,5.0
61918,748,3.0
61927,841,5.0
61930,640,5.0
61931,640,4.0
61932,369,4.0
61933,650,4.0
61934,749,2.0
61936,673,5.0
61938,640,5.0
61941,748,4.0
61942,369,4.0
61942,640,5.0
61942,749,5.0
61943,748,3.0
61943,749,4.0
61943,1238,3.5
61947,888,5.0
61949,824,3.0
61950,841,5.0
61952,369,2.0
61952,650,3.0
61952,749,4.0
61956,640,4.0
61959,748,4.0
61960,369,5.0
61960,640,5.0
61962,640,5.0
61966,640,3.0
61966,748,3.0
61967,640,5.0
61968,748,5.0
61969,640,5.0
61971,824,5.0
61973,640,5.0
61977,1171,5.0
61986,640,3.0
61991,640,5.0
61992,824,5.0
61992,1166,4.0
61993,673,5.0
61993,1278,5.0
61994,650,3.0
61995,369,1.0
61995,841,3.0
61998,369,4.0
61999,640,4.0
62004,640,4.0
62004,748,4.0
62006,650,4.0
62006,673,5.0
62006,749,5.0
62008,640,4.0
62011,369,2.0
62011,737,5.0
62011,824,5.0
62012,369,3.0
62016,369,2.0
62016,1166,1.0
62021,888,4.0
62026,369,1.0
62032,1278,5.0
62035,748,4.0
62036,481,4.0
62036,640,5.0
62036,673,5.0
62036,748,4.0
62037,1280,4.0
62038,673,3.0
62041,888,5.0
62042,1171,4.0
62045,841,4.0
62046,640,5.0
62046,748,4.0
62050,640,5.0
62052,673,4.0
62053,824,3.0
62054,369,3.0
62054,650,4.0
62054,673,4.0
62056,640,5.0
62059,1297,4.0
62063,650,2.0
62070,640,4.0
62070,748,5.0
62072,841,4.0
62073,1171,5.0
62076,748,3.0
62081,1225,5.0
62083,640,5.0
62087,824,3.0
62090,748,5.0
62091,888,5.0
62094,673,5.0
62097,640,5.0
62104,640,4.0
62106,824,5.0
62106,1297,3.8333333333333335
62108,640,5.0
62108,748,5.0
62112,737,5.0
62112,841,5.0
62116,673,3.0
62119,369,5.0
62121,1171,4.666666666666667
62124,1280,4.0
62125,673,2.0
62128,640,3.0
62128,748,4.0
62129,481,2.0
62129,748,4.0
62130,1171,4.666666666666667
62131,748,5.0
62136,737,3.0
62139,1220,4.0
62141,1166,5.0
62142,748,5.0
62146,650,5.0
62147,650,3.0
62148,640,5.0
62153,640,5.0
62156,1171,4.0
62158,640,5.0
62161,947,4.0
62161,949,4.0
62161,975,4.0
62162,640,3.0
62165,949,4.0
62169,1171,4.888888888888889
62170,841,5.0
62171,748,4.0
62174,640,5.0
62177,824,5.0
62180,640,3.5
62180,650,4.0
62180,673,3.0
62181,640,5.0
62181,748,5.0
62182,737,4.0
62185,640,5.0
62188,369,5.0
62190,749,2.0
62192,640,4.0
62193,650,5.0
62204,841,5.0
62210,1171,4.0
62212,481,5.0
62213,748,4.0
62217,673,5.0
62218,737,4.0
62219,640,4.0
62220,369,3.0
62220,640,5.0
62221,841,5.0
62222,841,5.0
62223,640,4.0
62223,673,2.0
62224,748,5.0
62226,748,4.0
62230,748,4.0
62234,640,3.0
62235,369,3.0
62235,481,4.0
62235,824,4.0
62237,841,5.0
62239,640,4.0
62240,640,5.0
62240,748,4.0
62249,748,4.0
62249,841,4.0
62251,841,5.0
62252,481,3.0
62252,640,5.0
62252,749,4.0
62258,640,5.0
62263,841,4.0
62268,841,5.0
62271,748,5.0
62272,481,4.0
62274,640,4.0
62275,841,4.0
62277,1278,4.5
62284,841,5.0
62287,640,4.0
62288,1171,4.333333333333333
62290,1225,4.0
62291,1278,5.0
62293,824,5.0
62293,1171,4.5
62306,640,4.0
62306,748,4.0
62309,1166,4.5
62319,1171,3.5
62320,841,4.0
62321,673,5.0
62321,737,5.0
62324,1225,5.0
62327,673,1.0
62333,640,4.0
62334,748,5.0
62338,748,5.0
62341,841,5.0
62342,640,3.5
62344,1238,5.0
62345,841,1.0
62346,640,5.0
62348,640,3.0
62352,1297,4.0
62354,841,5.0
62355,640,5.0
62355,748,5.0
62356,650,1.0
62357,1297,3.25
62359,650,4.0
62361,673,4.0
62370,640,4.0
62376,481,4.0
62376,640,5.0
62376,748,5.0
62378,640,4.0
62380,640,3.0
62382,650,5.0
62383,369,3.0
62385,481,4.0
62386,640,3.0
62387,748,2.0
62393,1171,5.0
62394,841,5.0
62400,737,5.0
62400,824,4.0
62404,640,2.0
62404,841,5.0
62406,369,3.0
62406,673,4.0
62406,737,5.0
62407,640,4.0
62408,737,4.0
62408,888,5.0
62410,1166,3.6666666666666665
62411,650,2.0
62412,1278,3.1538461538461537
62414,748,5.0
62415,481,4.0
62416,640,4.0
62420,640,5.0
62421,824,5.0
62428,1220,5.0
62432,748,4.0
62433,1166,4.0
62436,1137,4.0
62438,748,3.0
62441,640,4.0
62442,369,5.0
62447,1166,3.5
62450,824,4.0
62454,1280,3.0
62455,1280,5.0
62456,640,5.0
62461,824,4.0
62463,673,4.0
62466,737,3.0
62466,749,4.0
62467,640,5.0
62469,737,5.0
62469,748,5.0
62477,824,4.0
62479,1225,4.0
62481,824,5.0
62482,1171,5.0
62483,1278,4.0
62485,1278,5.0
62486,1171,4.5
62487,824,4.0
62490,888,5.0
62490,947,5.0
62496,824,5.0
62497,1220,4.5
62498,369,3.0
62498,737,5.0
62498,748,4.0
62502,481,5.0
62503,369,1.0
62503,737,3.0
62503,748,4.0
62505,737,4.0
62506,640,1.0
62509,841,5.0
62512,1220,5.0
62515,640,5.0
62515,748,5.0
62518,841,5.0
62520,1171,5.0
62522,481,5.0
62522,640,2.0
62530,650,3.0
62531,640,4.0
62534,673,3.0
62535,369,4.0
62536,650,4.0
62537,1166,5.0
62538,369,3.0
62540,640,3.0
62543,749,4.0
62544,640,5.0
62546,640,4.0
62550,824,3.0
62553,481,2.0
62554,650,4.0
62557,640,3.0
62559,737,4.0
62563,650,4.0
62563,737,4.0
62569,824,5.0
62570,824,1.0
62584,640,5.0
62587,369,4.0
62587,673,5.0
62588,640,4.0
62590,650,5.0
62591,1133,3.0
62592,1297,2.0
62594,673,4.0
62595,640,4.0
62600,640,5.0
62604,650,4.0
62605,640,3.0
62605,748,2.0
62610,650,4.0
62611,673,4.0
62612,748,5.0
62616,841,5.0
62618,640,3.0
62618,748,5.0
62622,841,4.0
62623,481,4.0
62624,640,3.0
62628,737,3.0
62629,640,5.0
62629,673,4.0
62633,640,5.0
62634,748,5.0
62635,640,5.0
62635,749,5.0
62636,369,5.0
62636,640,4.333333333333333
62636,650,4.0
62636,737,5.0
62636,748,4.0
62636,841,5.0
62637,369,4.0
62637,640,4.0
62637,737,5.0
62645,1278,5.0
62646,369,2.0
62646,640,3.6666666666666665
62646,737,1.0
62646,748,5.0
62649,748,4.0
62650,737,5.0
62650,748,5.0
62652,824,4.0
62653,640,4.0
62653,749,3.0
62653,841,5.0
62661,481,5.0
62661,640,1.0
62661,673,1.0
62661,748,4.0
62661,841,5.0
62665,640,4.666666666666667
62665,737,4.333333333333333
62665,748,4.5
62665,749,4.0
62665,824,4.0
62667,737,4.0
62669,673,4.0
62669,737,5.0
62669,748,5.0
62669,749,5.0
62671,1280,5.0
62673,369,4.0
62674,369,3.0
62679,640,5.0
62684,640,5.0
62686,640,4.0
62689,1171,4.75
62694,841,5.0
62696,748,3.0
62701,640,3.0
62703,824,5.0
62704,1297,4.0
62705,748,5.0
62712,841,3.0
62716,640,5.0
62717,748,5.0
62717,824,5.0
62718,640,4.0
62718,748,5.0
62719,888,5.0
62719,1280,4.5
62728,640,5.0
62731,640,4.0
62732,640,4.0
62733,640,5.0
62735,737,5.0
62738,841,4.0
62739,888,5.0
62742,640,4.0
62749,737,3.0
62753,841,5.0
62754,650,3.0
62755,640,5.0
62755,748,5.0
62762,673,3.0
62770,748,3.0
62773,841,5.0
62775,650,4.0
62776,824,4.0
62782,1280,5.0
62783,369,1.0
62783,640,5.0
62789,640,4.0
62791,369,4.0
62791,640,3.0
62791,650,4.0
62791,673,4.0
62792,650,3.0
62793,369,5.0
62793,640,5.0
62793,748,4.0
62793,749,3.0
62793,824,5.0
62795,650,3.0
62796,640,3.0
62797,650,1.0
62799,481,5.0
62800,640,3.0
62801,640,4.0
62802,640,5.0
62803,748,5.0
62805,824,5.0
62806,748,5.0
62808,748,2.0
62809,888,5.0
62811,748,4.0
62812,748,5.0
62813,640,4.0
62814,369,3.0
62815,640,4.0
62819,841,4.0
62821,481,5.0
62825,369,4.0
62825,841,5.0
62829,673,3.0
62830,640,4.0
62831,481,5.0
62832,640,4.0
62832,748,5.0
62833,481,5.0
62833,640,3.0
62833,650,4.0
62835,1166,4.5
62838,841,5.0
62839,369,4.0
62839,481,5.0
62839,640,5.0
62839,737,4.0
62839,748,5.0
62841,748,4.0
62844,748,3.0
62851,1133,5.0
62852,640,1.0
62855,369,4.0
62857,1297,3.0
62859,369,3.0
62861,1297,5.0
62863,640,5.0
62864,640,5.0
62867,650,4.0
62874,640,4.0
62875,640,5.0
62875,748,5.0
62876,369,3.0
62879,640,5.0
62881,640,4.0
62881,737,4.0
62881,748,5.0
62884,824,4.0
62885,824,5.0
62887,640,5.0
62889,650,2.0
62892,841,3.0
62893,673,3.0
62894,640,4.0
62896,1280,3.0
62900,673,4.0
62901,640,5.0
62901,1297,3.0
62902,481,3.0
62902,640,5.0
62902,748,5.0
62904,650,3.0
62904,749,3.0
62904,841,5.0
62906,1171,4.5
62907,640,4.571428571428571
62907,650,2.6666666666666665
62907,673,2.0
62907,737,5.0
62907,748,3.0
62907,841,5.0
62914,481,5.0
62914,841,5.0
62916,748,5.0
62916,749,3.0
62919,748,5.0
62921,841,4.0
62923,369,3.0
62923,640,5.0
62925,369,5.0
62925,673,4.0
62928,650,2.0
62930,640,5.0
62932,369,3.0
62932,841,5.0
62937,640,5.0
62938,640,5.0
62938,737,3.0
62938,824,4.0
62938,888,5.0
62938,1166,4.2
62939,640,5.0
62942,640,5.0
62943,640,5.0
62943,748,4.0
62946,640,4.0
62947,841,5.0
62952,640,5.0
62952,748,4.0
62959,369,1.0
62959,673,1.0
62959,824,5.0
62961,640,5.0
62961,748,5.0
62961,824,4.0
62962,650,5.0
62962,1297,3.0
62963,824,4.0
62964,748,3.0
62966,640,5.0
62966,749,4.0
62970,640,5.0
62971,481,3.0
62973,369,5.0
62973,841,5.0
62975,841,4.0
62976,1297,3.0
62977,640,4.0
62977,841,4.0
62978,640,5.0
62978,748,5.0
62979,640,5.0
62981,824,5.0
62985,481,4.0
62988,841,5.0
62990,673,3.0
62992,650,4.0
62999,841,5.0
63003,640,3.0
63007,737,4.0
63007,824,4.0
63011,640,5.0
63012,640,5.0
63014,748,1.0
63020,640,3.0
63021,369,3.0
63024,640,4.0
63025,673,3.0
63028,1166,3.0
63031,640,4.5
63033,481,5.0
63033,841,5.0
63034,737,4.0
63035,737,5.0
63038,748,5.0
63039,640,5.0
63040,640,4.0
63042,1238,4.75
63046,841,5.0
63047,749,4.0
63052,841,5.0
63055,1166,4.0
63056,748,3.0
63058,640,5.0
63061,841,4.0
63062,749,4.0
63065,673,4.0
63067,640,4.0
63069,841,4.0
63070,748,1.0
63072,640,4.0
63076,640,4.0
63077,640,4.0
63077,841,5.0
63078,640,5.0
63079,1278,5.0
63083,748,5.0
63086,650,3.0
63092,748,5.0
63097,640,2.0
63097,749,4.0
63101,841,5.0
63103,737,3.0
63104,640,5.0
63109,737,5.0
63110,640,4.0
63110,841,5.0
63114,640,4.0
63115,824,4.0
63116,650,4.0
63118,650,5.0
63118,748,5.0
63124,640,3.0
63124,748,4.0
63124,749,3.0
63126,640,5.0
63129,640,5.0
63132,640,4.0
63132,748,5.0
63134,640,5.0
63135,369,3.0
63135,481,5.0
63135,737,4.0
63135,748,5.0
63138,369,3.0
63138,640,4.25
63138,673,5.0
63138,737,3.0
63138,748,4.5
63138,749,5.0
63138,824,3.5
63140,673,4.0
63141,1171,5.0
63142,1171,5.0
63144,737,5.0
63144,824,4.0
63147,841,4.0
63149,1166,2.6
63150,1133,4.0
63154,748,5.0
63155,841,5.0
63156,749,5.0
63157,481,5.0
63158,748,5.0
63161,841,5.0
63162,737,5.0
63163,824,4.0
63164,640,5.0
63164,650,4.0
63165,640,5.0
63165,650,4.0
63166,640,1.0
63167,640,3.0
63169,640,4.0
63169,673,3.0
63172,748,5.0
63178,748,4.0
63182,841,5.0
63183,748,5.0
63183,749,5.0
63184,1225,4.0
63185,640,4.0
63185,841,5.0
63186,640,4.0
63189,841,4.0
63190,737,2.0
63193,748,4.0
63197,920,4.0
63197,1171,3.875
63204,748,4.0
63206,640,4.0
63206,737,3.0
63208,841,5.0
63209,841,4.0
63211,824,4.0
63219,824,4.0
63220,1297,4.0
63221,650,3.0
63221,824,3.0
63223,640,4.0
63224,640,2.0
63227,737,4.0
63227,748,4.0
63228,650,1.0
63236,673,5.0
63238,1278,4.75
63239,640,4.0
63241,748,4.0
63242,650,2.0
63243,737,3.0
63246,640,5.0
63247,640,3.0
63248,640,5.0
63251,640,5.0
63252,640,5.0
63252,748,5.0
63252,749,3.0
63256,650,4.0
63259,640,5.0
63260,888,5.0
63262,673,4.0
63264,640,4.5
63264,748,5.0
63264,841,4.0
63265,640,5.0
63266,737,2.0
63267,640,5.0
63270,640,4.0
63271,1171,2.0
63276,841,5.0
63280,748,3.0
63280,749,1.0
63281,748,3.0
63287,673,5.0
63290,369,4.0
63293,748,3.0
63299,1297,2.0
63302,824,3.0
63306,640,5.0
63309,841,5.0
63310,481,5.0
63310,640,5.0
63311,748,4.0
63315,650,4.0
63321,749,5.0
63323,841,5.0
63326,640,3.0
63328,748,4.0
63328,824,4.0
63329,824,5.0
63333,640,5.0
63340,640,3.0
63344,650,5.0
63349,841,5.0
63352,640,5.0
63355,1171,5.0
63356,369,2.0
63359,640,3.0
63362,841,4.0
63364,481,5.0
63365,824,4.0
63369,640,3.0
63370,640,4.0
63370,737,5.0
63373,369,4.0
63374,1171,3.0
63377,737,5.0
63379,650,3.0
63383,640,3.0
63392,650,4.0
63395,640,5.0
63395,748,5.0
63398,1238,5.0
63401,824,4.0
63403,650,4.0
63407,841,5.0
63410,640,4.0
63410,673,4.0
63412,650,4.0
63414,640,2.0
63415,841,5.0
63416,369,5.0
63429,640,5.0
63431,640,4.0
63432,650,4.0
63433,824,4.0
63436,748,4.0
63436,841,5.0
63440,640,5.0
63440,749,5.0
63441,737,2.0
63442,841,5.0
63444,640,4.0
63444,749,4.0
63449,650,4.0
63453,640,5.0
63453,749,4.0
63453,841,5.0
63457,749,5.0
63459,640,5.0
63460,481,5.0
63461,640,4.0
63461,749,3.0
63461,841,5.0
63463,481,5.0
63463,1171,4.0
63464,640,3.0
63464,841,5.0
63465,841,5.0
63466,369,4.0
63466,824,5.0
63469,841,4.0
63472,748,2.0
63473,673,2.0
63475,841,4.0
63478,481,4.0
63480,673,5.0
63488,640,5.0
63489,673,2.0
63490,640,3.0
63490,749,4.0
63491,749,4.0
63493,640,2.0
63493,650,4.5
63493,748,5.0
63497,737,5.0
63499,841,5.0
63500,640,4.0
63502,640,4.0
63504,650,5.0
63504,737,4.0
63504,824,4.0
63504,841,5.0
63505,481,3.0
63505,650,4.0
63509,841,5.0
63510,640,1.0
63511,640,5.0
63513,640,3.0
63515,640,4.5
63518,737,5.0
63520,1297,3.0
63521,841,4.0
63528,841,5.0
63531,481,4.0
63531,640,3.0
63531,841,5.0
63533,640,5.0
63533,748,4.0
63534,749,4.0
63535,824,4.0
63536,1280,4.0
63537,640,5.0
63542,1166,4.0
63543,640,5.0
63546,650,4.0
63547,369,3.0
63547,640,4.0
63547,650,5.0
63549,673,5.0
63551,937,4.0
63551,1166,3.0
63552,640,3.0
63552,737,5.0
63553,673,4.0
63555,640,3.0
63555,650,5.0
63555,824,5.0
63558,748,3.0
63558,749,2.0
63560,481,5.0
63560,640,5.0
63560,737,5.0
63560,841,4.5
63562,369,4.0
63563,640,5.0
63564,369,5.0
63566,1280,3.6666666666666665
63568,841,4.0
63570,841,5.0
63576,640,2.0
63576,650,4.0
63579,1171,5.0
63580,749,3.0
63581,975,4.0
63581,1171,3.75
63582,841,5.0
63584,650,5.0
63586,640,3.0
63587,650,5.0
63588,640,5.0
63589,640,5.0
63592,640,3.0
63595,673,5.0
63596,737,2.0
63597,640,5.0
63599,673,2.0
63602,650,5.0
63602,748,4.0
63603,369,3.0
63605,640,4.0
63605,824,5.0
63605,841,5.0
63610,824,3.0
63611,640,4.0
63611,841,5.0
63615,481,4.0
63615,640,5.0
63615,749,4.0
63618,1297,2.5
63619,640,4.0
63620,650,4.0
63621,369,4.0
63622,369,5.0
63622,481,5.0
63622,748,5.0
63622,824,5.0
63624,841,5.0
63625,673,4.0
63629,1238,2.6666666666666665
63630,640,4.0
63632,673,5.0
63634,640,5.0
63635,640,4.0
63635,737,3.0
63635,748,3.0
63637,737,4.0
63638,640,5.0
63639,737,5.0
63639,824,5.0
63641,640,5.0
63641,748,5.0
63645,737,4.0
63647,640,4.0
63647,737,4.0
63647,748,5.0
63648,737,5.0
63648,824,5.0
63656,640,4.0
63656,748,4.0
63661,748,4.0
63663,737,5.0
63663,824,5.0
63664,369,3.0
63665,1238,5.0
63669,369,2.0
63669,640,5.0
63669,748,5.0
63670,640,5.0
63671,650,4.0
63674,737,3.0
63675,748,5.0
63676,640,5.0
63677,481,5.0
63677,748,5.0
63677,749,5.0
63680,369,4.0
63693,1225,4.0
63694,369,3.0
63694,673,3.0
63695,1278,3.0
63699,640,5.0
63699,824,4.0
63699,1297,5.0
63700,640,5.0
63700,748,4.0
63700,749,4.0
63701,673,4.0
63702,369,5.0
63702,841,5.0
63703,748,4.0
63703,824,5.0
63705,1171,4.333333333333333
63707,1225,1.0
63708,640,5.0
63712,737,4.0
63712,824,5.0
63714,640,4.0
63717,640,5.0
63718,1166,5.0
63722,841,5.0
63729,640,5.0
63729,650,5.0
63729,737,5.0
63730,481,5.0
63730,640,5.0
63735,640,4.0
63735,749,3.0
63736,841,5.0
63737,640,5.0
63737,748,5.0
63738,481,4.0
63740,640,5.0
63741,640,4.0
63741,748,5.0
63745,928,5.0
63745,1278,5.0
63748,640,4.0
63748,841,5.0
63749,481,4.0
63749,640,5.0
63749,749,4.0
63749,824,3.0
63750,640,2.0
63750,673,5.0
63755,640,5.0
63755,673,5.0
63758,1171,5.0
63759,369,3.0
63760,481,4.0
63763,640,4.0
63764,640,5.0
63766,841,4.0
63767,640,4.0
63768,737,5.0
63778,640,5.0
63783,640,4.0
63785,640,5.0
63785,650,5.0
63786,640,4.0
63786,748,5.0
63786,749,3.5
63787,481,4.0
63787,1171,5.0
63788,640,5.0
63788,650,3.0
63792,640,4.0
63794,749,4.0
63795,1297,2.0
63796,748,5.0
63801,673,4.0
63803,1278,5.0
63804,640,4.0
63814,737,5.0
63818,640,4.0
63818,650,3.0
63818,824,5.0
63821,369,4.0
63822,1166,3.75
63825,1171,5.0
63832,673,3.0
63835,369,4.0
63835,841,5.0
63838,1280,3.75
63841,1171,3.5
63842,481,4.0
63844,1297,4.0
63845,481,4.0
63851,737,5.0
63851,824,5.0
63852,737,3.0
63854,841,5.0
63861,1297,3.0
63862,640,3.0
63862,673,1.0
63862,824,4.0
63863,481,5.0
63863,650,5.0
63863,824,5.0
63864,369,5.0
63866,640,5.0
63866,841,5.0
63868,1280,4.0
63873,481,3.0
63874,640,4.0
63874,673,5.0
63887,841,5.0
63889,673,4.0
63890,841,3.0
63897,748,4.0
63898,737,4.0
63899,737,5.0
63907,673,5.0
63908,824,4.0
63915,673,3.0
63917,650,2.0
63921,737,5.0
63921,824,3.0
63922,1137,4.0
63923,650,2.0
63923,673,2.0
63923,748,3.0
63924,640,3.0
63924,673,5.0
63925,841,3.0
63926,650,4.0
63928,1225,5.0
63930,748,3.0
63931,673,4.0
63933,1280,5.0
63937,749,3.0
63939,481,3.0
63940,640,5.0
63941,640,4.0
63942,650,5.0
63944,749,3.0
63945,640,4.0
63947,369,2.0
63947,640,5.0
63948,1297,3.0
63952,640,5.0
63958,841,5.0
63963,640,5.0
63967,841,4.0
63975,640,4.0
63976,640,4.0
63976,748,4.0
63981,824,4.0
63983,824,4.0
63984,841,4.0
63986,369,2.0
63987,841,5.0
63988,841,5.0
63989,841,5.0
63990,481,4.0
63995,1166,4.0
63996,650,3.0
64002,1166,4.0
64003,369,5.0
64005,749,5.0
64006,673,4.0
64011,640,4.0
64015,640,5.0
64016,737,2.0
64021,749,5.0
64023,640,5.0
64023,748,5.0
64028,1280,2.0
64029,824,3.0
64031,1166,5.0
64033,1171,5.0
64038,841,5.0
64040,748,3.0
64042,1133,5.0
64043,640,5.0
64049,1297,3.0
64057,640,4.0
64057,824,2.0
64060,841,5.0
64065,1166,3.0
64066,650,5.0
64066,673,3.0
64069,737,3.0
64070,824,4.0
64071,640,4.0
64074,673,5.0
64075,640,5.0
64077,640,5.0
64078,824,4.0
64087,640,4.0
64087,748,5.0
64090,650,3.0
64099,1280,4.0
64100,640,4.0
64100,737,5.0
64105,640,5.0
64105,1220,4.0
64106,888,5.0
64107,920,5.0
64108,737,5.0
64109,640,5.0
64111,737,4.0
64117,1166,5.0
64118,481,4.0
64122,937,4.0
64125,1278,4.666666666666667
64126,841,5.0
64129,640,4.0
64130,824,5.0
64138,640,1.0
64138,650,4.0
64141,841,5.0
64143,640,3.0
64143,650,5.0
64143,737,4.0
64143,748,4.0
64148,481,5.0
64149,640,2.0
64149,748,3.0
64152,640,4.0
64154,640,4.0
64154,841,5.0
64155,481,4.0
64161,640,4.333333333333333
64161,673,4.0
64161,737,5.0
64161,748,4.0
64161,749,4.0
64161,824,3.0
64161,841,4.0
64162,1238,5.0
64163,481,5.0
64163,841,5.0
64164,640,5.0
64166,369,5.0
64169,841,5.0
64170,640,4.0
64172,640,4.0
64173,1137,2.75
64174,1166,5.0
64175,481,5.0
64177,481,4.0
64181,841,5.0
64182,640,4.0
64183,369,4.0
64188,640,5.0
64190,369,5.0
64196,640,5.0
64198,640,3.0
64199,640,4.0
64200,640,5.0
64200,650,5.0
64203,737,3.0
64205,841,2.0
64209,640,4.0
64209,748,5.0
64211,481,4.0
64214,640,3.0
64216,369,1.0
64218,640,3.0
64222,737,5.0
64222,841,4.0
64222,1171,3.4
64224,481,5.0
64226,650,5.0
64229,748,3.0
64229,749,1.0
64230,640,5.0
64230,650,3.0
64230,748,5.0
64231,640,4.0
64232,369,5.0
64232,841,4.0
64234,824,5.0
64234,841,5.0
64240,369,5.0
64240,640,4.5
64240,650,4.0
64240,673,4.0
64240,748,4.0
64240,749,4.0
64240,841,5.0
64240,1166,3.0
64241,824,3.0
64242,640,4.0
64243,1297,4.0
64246,841,5.0
64249,481,5.0
64252,824,4.0
64253,640,4.0
64253,737,4.0
64253,824,4.0
64256,640,3.0
64258,650,5.0
64259,841,2.0
64260,748,4.0
64260,824,5.0
64261,748,5.0
64262,640,5.0
64264,650,1.0
64265,841,5.0
64267,640,5.0
64268,640,5.0
64268,749,5.0
64269,640,3.0
64269,650,5.0
64272,841,5.0
64274,841,5.0
64275,640,4.0
64276,640,5.0
64282,673,4.0
64283,841,4.0
64286,481,5.0
64289,841,4.0
64294,640,4.0
64294,737,3.0
64296,369,4.5
64296,481,4.0
64296,640,4.0
64296,673,2.0
64296,748,4.0
64296,841,4.0
64300,749,2.0
64301,640,4.0
64302,640,5.0
64304,824,5.0
64305,748,3.0
64308,369,5.0
64308,640,4.0
64308,737,4.0
64308,748,4.0
64308,749,4.0
64308,824,3.0
64313,650,4.0
64317,748,4.0
64318,640,3.0
64320,640,5.0
64320,1297,3.0
64321,640,4.0
64321,650,5.0
64321,673,5.0
64321,748,5.0
64321,749,4.0
64321,824,4.0
64321,841,3.0
64323,748,3.0
64327,640,4.0
64330,640,5.0
64333,640,3.0
64334,640,5.0
64335,640,4.5
64337,640,4.0
64340,640,5.0
64340,841,5.0
64344,673,4.0
64345,369,4.0
64348,481,4.0
64349,749,5.0
64350,369,3.0
64350,673,4.0
64352,673,2.0
64353,640,5.0
64353,841,4.0
64354,640,3.0
64356,640,5.0
64357,841,5.0
64358,841,5.0
64362,481,3.0
64362,640,4.5
64362,673,5.0
64362,737,4.0
64362,749,4.0
64367,824,3.0
64368,640,5.0
64369,369,4.0
64371,481,4.0
64371,640,3.8333333333333335
64371,673,4.333333333333333
64371,824,3.0
64371,841,5.0
64372,841,5.0
64373,640,5.0
64374,481,3.0
64374,748,5.0
64374,841,4.0
64375,749,5.0
64376,1171,4.0
64381,1297,2.0
64382,640,4.0
64386,650,5.0
64387,640,4.5
64387,650,5.0
64387,673,4.0
64387,748,3.0
64387,841,5.0
64388,673,5.0
64389,748,5.0
64390,481,4.0
64391,650,5.0
64392,640,4.666666666666667
64392,650,5.0
64392,673,4.5
64392,841,5.0
64393,841,5.0
64394,1166,4.0
64395,673,4.0
64398,841,5.0
64399,640,4.0
64401,748,5.0
64405,481,3.0
64405,1278,3.5
64407,1278,5.0
64411,640,5.0
64411,748,2.0
64413,748,3.0
64415,737,5.0
64417,481,5.0
64421,748,4.0
64422,824,4.0
64423,481,4.0
64423,640,4.0
64423,673,5.0
64423,748,5.0
64423,824,5.0
64424,673,5.0
64424,748,4.0
64425,640,4.0
64427,640,4.0
64430,841,5.0
64431,640,4.0
64434,1171,4.333333333333333
64435,650,4.0
64440,640,3.0
64440,748,5.0
64442,749,5.0
64444,640,4.0
64445,673,4.0
64446,1297,1.0
64448,1171,5.0
64450,640,5.0
64452,640,5.0
64453,650,4.0
64455,640,5.0
64456,640,4.0
64456,737,5.0
64456,748,4.0
64457,640,5.0
64458,748,5.0
64458,749,5.0
64459,481,3.0
64460,650,4.0
64462,369,5.0
64468,737,5.0
64481,481,1.0
64481,640,4.0
64481,650,4.0
64481,673,4.0
64481,841,4.0
64482,673,1.0
64483,673,4.0
64484,673,3.0
64485,824,1.0
64488,481,4.0
64489,737,5.0
64490,824,5.0
64492,1171,2.5
64495,369,4.0
64495,640,4.0
64495,1220,3.0
64500,640,5.0
64500,841,1.0
64503,673,4.0
64505,1171,5.0
64507,640,5.0
64507,841,4.0
64512,737,4.0
64514,824,4.0
64516,640,1.0
64517,748,4.0
64519,369,5.0
64524,1220,4.0
64526,640,5.0
64527,841,3.0
64529,369,2.0
64532,640,5.0
64539,673,3.5
64539,841,3.0
64540,673,3.0
64541,481,5.0
64541,640,4.0
64541,650,4.0
64542,640,5.0
64543,841,5.0
64545,737,5.0
64545,748,3.0
64545,749,4.0
64546,1133,5.0
64547,673,5.0
64548,650,4.0
64549,841,5.0
64552,841,5.0
64553,481,5.0
64553,748,5.0
64553,749,5.0
64561,369,1.0
64566,640,5.0
64571,1171,5.0
64581,841,5.0
64583,748,4.0
64585,841,4.0
64592,673,5.0
64593,640,4.0
64593,748,4.0
64594,369,3.0
64595,748,4.0
64596,673,5.0
64599,1280,1.0
64601,841,5.0
64603,1280,5.0
64606,640,3.0
64611,640,5.0
64613,841,5.0
64619,824,5.0
64620,1220,5.0
64622,673,3.0
64626,1133,5.0
64631,650,5.0
64633,640,4.0
64633,748,2.0
64635,650,5.0
64636,481,5.0
64637,824,4.0
64638,640,4.0
64640,1171,3.3333333333333335
64643,748,1.0
64643,824,5.0
64646,640,5.0
64655,673,1.0
64657,841,5.0
64658,1171,3.0
64660,640,4.0
64660,737,4.0
64663,640,5.0
64663,841,4.0
64664,673,5.0
64666,841,5.0
64667,640,4.0
64671,841,5.0
64674,640,4.0
64674,749,1.0
64679,824,3.0
64680,824,4.0
64681,1220,4.0
64689,640,4.0
64690,650,5.0
64691,1171,4.0
64693,841,4.0
64698,673,2.0
64700,673,2.0
64701,824,3.0
64702,841,5.0
64706,640,5.0
64707,369,3.0
64707,640,5.0
64708,737,5.0
64708,824,4.0
64710,748,4.0
64714,369,3.0
64721,888,5.0
64721,1280,4.333333333333333
64727,640,5.0
64728,673,5.0
64734,673,4.0
64735,640,5.0
64735,650,2.5
64736,1133,5.0
64738,650,5.0
64743,640,5.0
64745,369,3.0
64748,640,4.0
64755,841,5.0
64760,673,5.0
64763,737,4.0
64766,650,3.0
64768,748,2.0
64771,841,4.0
64773,640,5.0
64776,1171,5.0
64777,640,4.0
64777,748,4.0
64779,824,4.0
64782,673,5.0
64782,841,5.0
64784,737,5.0
64786,749,5.0
64786,841,3.0
64787,841,4.5
64788,640,1.0
64793,841,4.0
64798,650,4.0
64802,1297,5.0
64805,841,5.0
64806,824,4.0
64810,640,4.0
64811,841,5.0
64821,481,4.0
64831,640,4.0
64831,748,4.0
64832,841,5.0
64833,673,5.0
64839,640,5.0
64839,748,4.0
64839,749,4.0
64840,1297,4.0
64843,640,4.0
64845,748,4.0
64846,737,5.0
64846,749,5.0
64848,673,4.0
64849,673,2.0
64855,640,4.0
64856,824,4.0
64859,481,3.0
64861,640,4.0
64862,1166,4.333333333333333
64863,640,5.0
64863,749,5.0
64864,748,5.0
64865,640,5.0
64865,749,4.0
64866,1171,4.166666666666667
64867,1297,4.0
64869,824,4.0
64870,841,5.0
64872,640,4.0
64873,640,4.0
64879,369,2.0
64881,673,3.0
64890,369,4.0
64890,841,5.0
64892,650,4.0
64894,650,5.0
64896,650,4.0
64898,369,2.0
64898,737,2.0
64900,1280,4.0
64901,640,5.0
64907,650,2.0
64913,650,4.0
64913,1171,4.0
64914,640,4.666666666666667
64914,650,4.0
64914,841,5.0
64916,640,4.0
64918,1133,3.0
64920,369,2.0
64920,640,4.0
64920,673,4.0
64920,841,5.0
64921,640,4.0
64922,481,5.0
64923,640,5.0
64923,748,4.0
64923,749,4.0
64923,841,5.0
64924,640,2.0
64925,1278,3.5
64927,650,1.0
64931,673,1.0
64932,673,3.0
64935,640,3.0
64936,1278,2.0
64938,640,5.0
64938,650,5.0
64939,640,5.0
64940,841,4.0
64942,481,4.0
64942,749,4.0
64948,369,1.0
64948,841,5.0
64950,369,4.0
64950,640,3.0
64952,640,4.0
64952,737,5.0
64955,650,4.0
64955,673,3.0
64955,737,4.0
64959,1171,3.75
64962,1225,4.0
64963,824,5.0
64964,640,1.0
64965,841,4.0
64966,1171,4.5
64968,748,2.0
64970,824,2.0
64976,1166,5.0
64980,640,5.0
64983,737,5.0
64984,481,4.0
64984,650,5.0
64984,824,4.0
64984,841,5.0
64987,640,4.0
64987,650,4.0
64987,748,3.0
64988,369,4.0
64988,640,4.5
64988,673,4.0
64993,737,5.0
64993,824,5.0
64998,748,3.0
65000,640,3.0
65004,650,4.0
65007,640,4.0
65027,640,4.0
65029,640,5.0
65029,824,5.0
65032,737,5.0
65033,673,4.0
65035,481,5.0
65036,824,4.0
65039,748,4.0
65039,1238,3.5
65041,947,5.0
65042,640,4.0
65042,673,3.0
65044,640,5.0
65044,673,3.0
65046,640,3.0
65047,841,4.0
65049,1278,4.0
65051,640,4.0
65051,737,4.0
65051,748,5.0
65052,640,3.0
65056,1225,4.0
65062,841,5.0
65069,640,5.0
65069,737,5.0
65069,748,5.0
65070,640,5.0
65071,640,5.0
65072,640,5.0
65074,640,4.0
65076,824,4.0
65077,824,4.0
65080,841,5.0
65082,640,5.0
65089,1220,4.5
65091,1220,5.0
65092,640,4.0
65094,640,5.0
65096,841,5.0
65097,749,2.0
65101,841,5.0
65102,913,5.0
65103,824,5.0
65104,673,2.0
65105,640,5.0
65106,841,5.0
65111,737,3.0
65113,737,4.0
65116,369,5.0
65116,640,5.0
65116,748,5.0
65117,640,4.0
65124,1278,3.3333333333333335
65126,650,4.0
65127,673,2.0
65128,640,4.0
65130,673,3.0
65131,841,5.0
65133,650,5.0
65134,650,5.0
65134,673,3.0
65138,841,4.0
65139,1166,3.0
65144,737,3.0
65145,650,5.0
65146,1166,3.0
65147,640,5.0
65150,749,5.0
65151,841,5.0
65152,650,5.0
65153,737,3.0
65153,841,4.0
65159,640,3.5
65159,650,3.0
65160,1171,4.0
65162,737,4.0
65162,748,4.0
65162,824,5.0
65163,824,5.0
65164,640,4.0
65168,1280,4.0
65169,640,4.0
65170,1278,5.0
65171,650,5.0
65174,640,5.0
65176,640,5.0
65176,748,5.0
65176,749,5.0
65182,640,4.0
65182,749,5.0
65184,1297,4.0
65188,673,1.0
65196,369,4.0
65199,369,2.0
65199,640,4.0
65201,737,5.0
65201,824,4.0
65202,673,4.0
65205,369,3.0
65205,841,4.0
65211,650,5.0
65212,481,5.0
65212,640,5.0
65221,369,4.0
65222,650,5.0
65224,841,4.0
65227,841,4.0
65228,824,4.0
65229,673,1.0
65232,737,4.0
65233,1171,3.5
65234,1278,4.0
65235,748,5.0
65236,640,4.0
65237,737,5.0
65240,640,1.0
65242,824,4.0
65243,481,4.0
65245,640,4.0
65245,841,5.0
65246,640,5.0
65247,1220,5.0
65252,369,4.0
65256,369,2.0
65263,673,1.0
65267,640,5.0
65270,640,5.0
65271,841,5.0
65275,841,5.0
65276,369,1.0
65280,841,5.0
65285,640,5.0
65285,737,4.0
65289,640,4.0
65289,650,4.0
65289,748,4.0
65291,824,3.0
65294,640,5.0
65295,824,5.0
65297,640,1.0
65297,737,4.0
65297,748,4.0
65298,748,5.0
65301,640,4.0
65301,824,4.0
65303,1171,4.0
65304,369,4.0
65304,640,4.0
65304,748,5.0
65311,1297,3.0
65312,737,4.0
65312,841,5.0
65313,748,4.0
65314,640,5.0
65321,640,5.0
65326,640,3.0
65326,1171,3.8
65327,369,3.0
65330,640,4.0
65331,1171,4.0
65334,640,5.0
65334,748,3.0
65338,640,5.0
65338,737,5.0
65344,640,5.0
65356,748,5.0
65357,841,5.0
65364,640,5.0
65366,640,3.0
65369,841,4.0
65371,824,4.0
65375,673,1.0
65376,640,3.0
65379,640,4.0
65382,640,3.0
65382,841,5.0
65386,748,3.0
65386,749,2.0
65388,841,5.0
65389,650,3.0
65389,748,4.0
65391,748,5.0
65391,749,4.0
65393,748,5.0
65394,1133,5.0
65405,673,5.0
65406,640,4.0
65411,640,5.0
65412,481,5.0
65413,640,5.0
65419,673,3.0
65421,748,4.0
65424,841,3.0
65427,1280,4.0
65428,1280,3.0
65429,650,5.0
65432,748,3.0
65433,640,5.0
65434,640,2.0
65435,888,5.0
65437,748,5.0
65438,748,4.0
65444,824,2.0
65444,841,5.0
65447,1280,3.8
65448,1278,5.0
65450,1280,3.0
65453,1238,5.0
65458,888,5.0
65460,640,5.0
65460,748,4.0
65461,748,3.0
65461,749,3.0
65461,824,4.0
65465,1278,3.6666666666666665
65466,640,4.0
65466,748,5.0
65466,749,3.0
65472,640,4.0
65473,369,2.0
65473,841,5.0
65476,841,4.0
65477,1297,3.5
65478,640,4.0
65483,369,4.0
65484,749,5.0
65485,737,5.0
65487,1166,3.0
65488,737,5.0
65488,824,5.0
65489,841,5.0
65491,737,5.0
65493,481,5.0
65496,824,4.0
65497,640,4.0
65497,748,4.333333333333333
65500,640,5.0
65504,640,5.0
65508,640,5.0
65508,748,3.0
65512,640,4.0
65512,749,2.0
65516,1166,4.25
65517,841,4.0
65522,748,5.0
65524,824,5.0
65524,1171,4.0
65527,1297,2.0
65529,650,5.0
65532,1278,4.5
65533,888,5.0
65540,640,3.0
65542,640,4.0
65542,650,5.0
65547,1171,5.0
65549,1280,3.0
65552,824,3.0
65557,1171,5.0
65560,640,3.0
65562,369,3.0
65563,748,5.0
65564,1137,4.0
65568,369,1.0
65568,481,4.0
65568,640,4.857142857142857
65568,650,4.0
65568,673,2.0
65568,737,4.0
65568,748,5.0
65568,841,4.285714285714286
65569,650,4.0
65572,640,4.0
65573,481,5.0
65577,748,4.0
65577,749,3.0
65582,640,5.0
65583,748,5.0
65583,824,4.0
65586,748,4.0
65587,640,5.0
65588,673,4.0
65589,481,5.0
65590,640,4.0
65591,1278,4.5
65593,737,5.0
65599,824,5.0
65600,673,3.0
65604,369,2.0
65604,481,4.0
65604,640,2.0
65604,748,4.0
65607,673,5.0
65610,650,5.0
65611,673,4.0
65614,737,5.0
65615,650,4.0
65617,369,1.0
65619,640,5.0
65619,748,2.0
65619,749,4.0
65620,640,4.0
65620,748,4.0
65622,369,5.0
65623,841,5.0
65624,481,3.0
65627,369,4.0
65627,673,4.0
65628,749,5.0
65630,673,3.0
65634,481,4.0
65635,673,4.0
65640,749,3.0
65640,1171,5.0
65651,1171,4.333333333333333
65654,369,4.0
65655,640,5.0
65658,640,5.0
65658,748,5.0
65659,824,5.0
65661,640,4.5
65662,841,1.0
65665,640,4.0
65666,640,5.0
65668,650,4.0
65669,824,4.0
65670,369,2.0
65671,369,2.0
65671,1171,4.333333333333333
65673,481,5.0
65678,650,3.0
65678,888,4.0
65680,640,2.0
65681,640,3.0
65681,748,4.0
65685,748,2.0
65686,640,5.0
65686,673,4.0
65686,737,5.0
65687,650,5.0
65688,824,5.0
65691,640,5.0
65693,1278,4.5
65694,650,5.0
65696,1297,3.5
65698,650,5.0
65699,748,4.0
65703,640,5.0
65706,650,4.0
65706,737,4.0
65707,1278,4.25
65709,737,5.0
65709,748,5.0
65712,369,1.0
65715,640,4.0
65715,737,4.0
65715,748,5.0
65715,824,3.0
65716,640,5.0
65720,1238,5.0
65723,369,4.0
65723,841,3.0
65724,640,5.0
65724,673,5.0
65724,737,3.0
65724,748,4.0
65726,841,4.0
65727,737,4.0
65731,640,4.0
65731,737,4.0
65732,640,4.0
65733,640,4.0
65736,481,3.0
65739,1171,4.0
65741,841,4.0
65742,650,4.0
65742,748,4.0
65747,481,3.0
65748,481,2.0
65750,650,3.0
65750,673,4.0
65750,748,3.0
65755,748,3.0
65756,673,5.0
65760,640,3.0
65762,650,4.0
65763,640,5.0
65764,640,4.0
65768,1171,4.0
65769,673,5.0
65770,640,4.0
65770,748,4.0
65771,1166,4.0
65773,481,4.0
65774,1171,3.0
65779,824,4.0
65782,640,5.0
65782,748,1.0
65783,748,5.0
65785,640,5.0
65788,748,4.0
65790,640,5.0
65793,841,4.0
65794,748,5.0
65802,1297,3.0
65804,673,3.0
65804,737,5.0
65809,640,3.0
65810,640,5.0
65810,748,5.0
65810,749,5.0
65812,640,2.0
65815,650,3.0
65816,640,3.0
65816,673,4.0
65816,748,4.0
65816,749,4.0
65816,888,5.0
65817,640,5.0
65818,481,5.0
65819,673,5.0
65819,1278,4.0
65820,640,5.0
65825,748,5.0
65826,481,4.0
65828,640,4.0
65829,749,5.0
65831,640,4.0
65833,640,3.0
65833,748,4.0
65835,1171,5.0
65840,640,4.0
65840,737,4.0
65841,640,5.0
65842,640,4.0
65843,748,4.0
65844,650,4.0
65851,1280,3.0
65854,1166,4.0
65855,369,2.0
65860,481,4.0
65867,737,5.0
65867,841,5.0
65868,841,1.0
65871,1171,3.5
65874,748,3.0
65874,824,3.0
65874,1297,3.5
65877,369,4.0
65880,841,5.0
65881,748,4.0
65883,640,4.0
65885,748,5.0
65889,841,5.0
65892,640,5.0
65892,748,5.0
65892,749,5.0
65895,748,4.0
65896,640,4.0
65898,640,3.0
65898,824,3.0
65903,841,5.0
65905,737,4.0
65905,824,4.0
65914,640,4.0
65914,841,5.0
65915,748,5.0
65916,650,3.0
65919,841,5.0
65922,824,5.0
65924,650,1.0
65926,673,5.0
65930,1171,3.0
65931,650,4.0
65931,1297,3.0
65932,640,1.0
65934,640,4.0
65934,748,4.0
65939,640,4.0
65939,737,2.0
65939,824,4.0
65941,841,5.0
65946,640,4.0
65946,748,3.0
65949,748,4.0
65950,650,5.0
65952,640,5.0
65953,369,4.0
65960,841,5.0
65964,369,3.0
65965,640,5.0
65965,748,5.0
65966,640,5.0
65966,737,3.0
65967,640,3.0
65969,824,5.0
65970,369,4.0
65975,749,5.0
65981,650,4.0
65982,748,1.0
65985,841,5.0
65990,369,4.0
65994,1171,3.0
65996,737,5.0
66000,748,3.0
66000,824,4.0
66001,748,5.0
66002,824,5.0
66003,369,4.0
66003,640,4.0
66003,737,4.0
66003,748,4.0
66004,824,4.0
66006,841,4.0
66007,737,4.0
66008,888,2.0
66008,937,3.0
66008,947,5.0
66011,650,5.0
66011,749,3.0
66012,673,3.0
66014,841,5.0
66015,748,1.0
66017,1220,5.0
66018,650,5.0
66019,640,5.0
66024,673,4.0
66024,748,4.0
66028,1280,3.0
66029,841,5.0
66032,888,5.0
66036,673,5.0
66038,1238,5.0
66039,841,5.0
66041,737,4.0
66046,673,4.0
66046,737,5.0
66050,748,5.0
66058,888,5.0
66058,947,5.0
66058,1171,3.0
66059,369,2.0
66059,748,2.0
66059,749,4.0
66059,824,4.0
66061,640,3.0
66061,748,3.0
66070,369,4.0
66074,640,4.0
66080,650,2.0
66082,640,3.0
66082,748,1.0
66083,1225,4.0
66086,1171,3.6666666666666665
66087,1171,4.454545454545454
66088,640,5.0
66088,824,4.0
66088,1171,4.666666666666667
66089,1297,2.6666666666666665
66093,369,4.0
66094,369,5.0
66096,640,5.0
66099,640,4.0
66100,673,4.0
66110,841,3.0
66111,1166,4.0
66116,841,5.0
66119,737,4.0
66127,673,5.0
66128,650,4.0
66133,877,4.0
66134,748,4.0
66135,640,5.0
66135,841,5.0
66140,824,5.0
66141,841,4.0
66142,369,1.0
66145,650,5.0
66152,640,5.0
66159,737,5.0
66164,640,5.0
66168,673,5.0
66171,673,5.0
66172,369,5.0
66172,841,5.0
66175,673,5.0
66178,1133,4.0
66185,640,5.0
66188,640,5.0
66188,737,5.0
66188,748,5.0
66188,824,5.0
66189,481,3.0
66189,737,5.0
66189,824,4.0
66191,1171,4.0
66192,673,5.0
66194,640,5.0
66196,640,1.0
66198,1171,5.0
66200,841,5.0
66210,1297,3.3333333333333335
66211,640,4.0
66211,824,5.0
66214,369,4.0
66214,650,5.0
66214,737,5.0
66214,824,5.0
66221,737,4.0
66221,824,4.0
66222,640,5.0
66223,369,4.0
66223,673,5.0
66225,640,5.0
66227,640,4.0
66235,640,4.0
66237,650,5.0
66243,650,4.0
66244,640,3.0
66249,673,3.0
66251,369,1.0
66252,737,5.0
66257,748,2.0
66258,481,5.0
66259,841,5.0
66262,640,4.0
66263,1171,5.0
66268,1166,3.5
66270,841,5.0
66274,1278,5.0
66275,673,4.0
66281,1278,4.5
66283,640,4.0
66284,737,4.0
66284,748,4.0
66284,824,5.0
66286,1278,5.0
66287,640,5.0
66293,841,5.0
66295,369,3.0
66295,749,4.0
66299,369,4.0
66302,737,4.0
66307,673,5.0
66310,673,5.0
66311,640,3.0
66311,737,3.0
66311,748,5.0
66311,824,4.0
66312,673,5.0
66316,737,4.0
66318,841,5.0
66321,841,5.0
66322,737,5.0
66322,748,4.0
66322,824,5.0
66323,1171,5.0
66324,369,3.0
66324,481,5.0
66324,737,5.0
66324,748,5.0
66324,749,5.0
66324,824,5.0
66325,748,3.0
66326,748,5.0
66328,369,5.0
66328,481,5.0
66328,640,4.0
66328,841,5.0
66330,841,4.0
66333,640,5.0
66333,824,5.0
66335,640,4.0
66335,748,3.0
66338,640,5.0
66341,640,3.0
66343,748,4.5
66343,749,4.0
66348,824,5.0
66350,650,5.0
66351,640,4.0
66351,749,3.0
66352,824,5.0
66354,640,4.5
66355,841,5.0
66359,737,4.0
66360,640,3.0
66360,650,3.0
66360,748,2.0
66360,824,4.0
66361,640,5.0
66366,737,5.0
66369,841,5.0
66372,841,5.0
66374,481,5.0
66376,673,4.0
66378,640,4.0
66378,650,3.0
66378,673,4.0
66378,737,3.0
66378,824,5.0
66378,841,4.5
66379,1171,5.0
66380,737,5.0
66381,673,1.0
66382,369,4.0
66382,749,4.0
66383,749,3.0
66390,748,4.0
66393,640,5.0
66393,748,5.0
66393,749,4.0
66395,673,5.0
66397,1171,5.0
66400,841,5.0
66403,841,5.0
66406,640,5.0
66408,841,5.0
66411,748,4.0
66412,748,4.0
66413,481,3.0
66415,640,4.0
66417,841,4.0
66424,1166,4.0
66435,640,3.0
66435,737,4.0
66435,824,5.0
66438,640,3.0
66441,841,5.0
66444,1166,4.0
66445,841,5.0
66446,640,5.0
66449,737,5.0
66452,841,5.0
66453,640,5.0
66453,737,5.0
66453,748,4.0
66454,1171,3.5714285714285716
66458,640,5.0
66458,737,5.0
66462,737,3.0
66464,1278,5.0
66466,640,4.0
66472,824,2.0
66473,640,5.0
66474,1171,5.0
66475,640,4.0
66477,481,5.0
66477,640,4.0
66479,749,4.0
66479,841,5.0
66481,640,5.0
66484,369,2.0
66488,481,5.0
66490,748,4.0
66491,841,5.0
66494,1171,4.0
66499,369,2.0
66499,749,3.0
66501,640,5.0
66507,824,4.0
66508,841,5.0
66510,1278,4.0
66513,640,4.0
66513,748,3.0
66515,841,5.0
66523,640,3.0
66523,841,5.0
66525,841,3.0
66532,640,3.0
66532,737,4.0
66533,369,2.0
66536,481,5.0
66537,748,3.0
66538,673,5.0
66540,1171,3.6666666666666665
66541,748,2.0
66547,1297,3.0
66555,841,5.0
66556,748,3.0
66558,640,5.0
66560,369,5.0
66561,737,3.0
66563,737,3.0
66572,650,5.0
66573,1225,5.0
66578,369,5.0
66579,481,5.0
66579,650,5.0
66593,369,5.0
66597,737,5.0
66599,640,5.0
66599,748,5.0
66599,749,5.0
66608,673,5.0
66610,841,5.0
66614,748,3.0
66618,640,4.0
66618,1166,5.0
66619,650,4.0
66621,650,4.0
66622,824,5.0
66628,1297,3.0
66632,640,3.0
66633,640,5.0
66634,841,5.0
66637,650,4.0
66637,673,4.0
66638,640,5.0
66638,824,5.0
66641,748,4.0
66646,650,5.0
66647,640,4.0
66649,1220,5.0
66650,640,4.0
66650,737,4.0
66652,1166,4.0
66653,369,3.0
66653,640,3.0
66653,748,3.0
66653,749,3.0
66657,841,5.0
66661,640,4.0
66664,640,2.0
66668,737,2.0
66671,369,1.0
66673,481,4.0
66673,737,4.0
66674,841,5.0
66675,640,5.0
66675,650,4.0
66681,824,5.0
66683,640,5.0
66684,369,5.0
66684,640,3.0
66684,650,5.0
66684,673,4.0
66684,737,4.0
66684,841,4.5
66685,748,3.0
66685,749,5.0
66687,369,2.0
66687,673,3.0
66688,369,3.0
66688,481,4.0
66688,650,4.0
66688,673,3.0
66688,748,4.0
66688,841,4.666666666666667
66690,640,5.0
66690,737,4.0
66690,748,5.0
66690,749,5.0
66691,1280,3.5
66694,369,2.0
66694,640,4.25
66694,748,3.0
66694,824,5.0
66694,841,5.0
66695,640,4.5
66695,748,5.0
66695,824,1.0
66697,748,4.0
66697,749,2.0
66697,841,5.0
66699,640,5.0
66699,737,5.0
66699,749,1.0
66699,841,5.0
66701,369,3.0
66701,640,4.0
66701,824,2.0
66706,748,5.0
66706,749,5.0
66706,841,5.0
66710,640,5.0
66710,748,4.0
66712,673,5.0
66712,841,5.0
66713,640,5.0
66713,748,4.0
66718,841,4.0
66721,748,5.0
66721,749,5.0
66724,841,5.0
66725,640,5.0
66726,640,5.0
66726,748,5.0
66728,640,4.0
66729,748,3.0
66730,1220,5.0
66736,824,5.0
66737,640,5.0
66739,640,4.0
66740,748,4.0
66741,673,5.0
66742,824,4.0
66746,640,4.0
66747,748,2.0
66747,749,2.0
66750,640,4.0
66752,369,5.0
66757,737,4.0
66761,640,5.0
66763,640,4.0
66763,748,5.0
66767,841,4.0
66770,640,4.0
66771,640,5.0
66771,748,5.0
66771,824,4.0
66772,640,5.0
66773,640,5.0
66773,841,4.0
66776,824,5.0
66777,640,3.0
66779,640,5.0
66779,748,2.0
66779,749,4.0
66786,748,5.0
66789,841,5.0
66795,737,5.0
66800,673,5.0
66803,640,4.5
66803,650,4.0
66803,748,4.5
66803,841,5.0
66807,824,4.0
66809,841,5.0
66810,640,5.0
66813,481,3.0
66813,748,3.0
66817,824,5.0
66823,1171,4.0
66826,640,5.0
66827,640,5.0
66828,650,5.0
66830,1166,4.0
66832,673,4.0
66835,481,3.0
66835,673,5.0
66836,841,5.0
66839,640,4.0
66842,640,1.0
66842,749,5.0
66843,369,1.0
66843,824,5.0
66845,640,4.0
66847,737,5.0
66848,737,5.0
66849,673,4.0
66850,748,5.0
66856,369,4.0
66856,481,4.0
66857,369,2.0
66857,748,4.0
66857,749,5.0
66857,824,5.0
66859,369,3.0
66860,673,5.0
66863,1137,1.0
66864,650,4.0
66866,841,5.0
66870,640,4.0
66872,481,5.0
66875,888,5.0
66877,650,5.0
66878,640,4.5
66878,737,4.0
66878,824,3.0
66878,841,4.0
66880,1278,4.0
66881,650,4.0
66885,640,4.333333333333333
66885,737,4.5
66885,748,3.5
66885,749,4.0
66885,824,5.0
66885,841,4.0
66890,650,4.0
66890,748,4.0
66890,824,5.0
66891,1278,4.5
66894,888,5.0
66899,481,4.0
66899,824,4.0
66901,640,4.5
66901,841,5.0
66902,749,5.0
66907,640,3.0
66913,673,5.0
66916,748,3.0
66919,737,5.0
66923,481,3.0
66923,640,4.0
66923,841,4.0
66924,640,4.0
66925,640,3.0
66926,748,5.0
66930,650,5.0
66931,824,5.0
66933,737,4.0
66933,824,4.0
66934,640,5.0
66938,841,5.0
66939,841,4.0
66941,640,5.0
66941,748,5.0
66941,749,4.0
66942,650,4.0
66943,749,3.0
66944,824,4.0
66946,640,5.0
66947,841,5.0
66948,640,5.0
66948,748,5.0
66948,841,4.0
66950,673,5.0
66954,673,4.0
66955,841,5.0
66956,841,5.0
66957,841,5.0
66958,640,4.0
66961,650,5.0
66963,748,3.0
66964,749,5.0
66965,640,4.0
66966,1166,4.5
66967,640,5.0
66968,640,1.0
66970,640,4.0
66970,737,4.0
66971,841,4.0
66973,749,4.0
66974,841,5.0
66976,640,5.0
66978,640,4.0
66979,369,1.0
66979,640,5.0
66979,824,5.0
66979,841,5.0
66980,640,4.0
66982,640,5.0
66985,640,3.0
66985,748,5.0
66986,640,4.0
66986,737,4.0
66987,1280,4.0
66988,640,5.0
66988,673,5.0
66991,640,5.0
66991,748,5.0
66993,748,4.0
66993,1278,4.0
66994,673,3.0
66994,841,5.0
66995,640,5.0
66995,737,5.0
66996,841,5.0
66998,748,4.0
67000,640,2.0
67011,824,5.0
67014,749,4.0
67016,481,5.0
67017,640,5.0
67019,640,4.0
67022,841,4.0
67029,640,3.0
67029,841,3.0
67032,673,2.0
67035,640,5.0
67040,737,5.0
67040,1225,3.75
67041,369,4.0
67042,1171,4.0
67047,673,5.0
67049,737,5.0
67051,749,4.0
67053,841,4.0
67057,640,1.0
67060,748,2.0
67061,640,5.0
67074,888,5.0
67076,1278,3.0
67078,841,3.0
67079,748,3.0
67084,737,5.0
67085,640,4.0
67085,737,4.0
67085,824,4.0
67087,369,4.0
67092,947,5.0
67098,841,5.0
67100,841,5.0
67101,640,4.0
67101,650,3.0
67101,673,4.0
67101,748,3.0
67101,749,4.0
67101,841,5.0
67102,748,5.0
67106,737,5.0
67107,481,5.0
67109,640,4.0
67110,673,4.0
67111,673,5.0
67111,1220,3.25
67113,748,5.0
67114,748,5.0
67118,841,5.0
67122,650,5.0
67124,640,5.0
67124,749,5.0
67130,650,5.0
67132,748,4.0
67138,1171,5.0
67139,640,4.0
67140,481,5.0
67141,369,3.0
67141,481,4.0
67141,640,4.0
67142,640,4.0
67142,749,5.0
67144,1238,4.142857142857143
67145,841,5.0
67147,640,4.0
67147,737,5.0
67147,748,5.0
67151,748,4.0
67153,841,5.0
67155,640,4.0
67158,481,5.0
67161,841,5.0
67163,1220,4.5
67165,1171,4.0
67167,369,5.0
67169,841,5.0
67171,841,5.0
67172,481,3.0
67173,1171,5.0
67174,1278,4.571428571428571
67175,928,5.0
67175,1166,5.0
67182,841,5.0
67183,1171,3.0
67185,640,4.0
67186,369,2.0
67190,888,5.0
67194,369,3.0
67200,640,4.0
67201,1171,5.0
67204,824,3.0
67205,737,4.0
67207,640,4.0
67210,369,5.0
67210,824,5.0
67211,640,5.0
67211,748,4.0
67218,673,4.0
67227,369,2.0
67227,748,5.0
67227,749,1.0
67229,737,4.0
67231,481,3.0
67231,640,5.0
67231,748,5.0
67231,749,5.0
67231,824,4.0
67233,824,5.0
67238,640,3.0
67239,369,4.0
67241,640,3.0
67244,481,5.0
67244,640,4.0
67244,748,5.0
67244,749,5.0
67244,824,5.0
67244,841,5.0
67247,673,4.0
67249,369,2.0
67251,1297,4.0
67256,640,5.0
67258,1171,3.5
67268,1220,3.0
67275,640,5.0
67276,640,5.0
67276,748,5.0
67277,640,4.0
67278,824,5.0
67279,841,5.0
67281,640,5.0
67281,748,5.0
67281,749,5.0
67285,824,5.0
67288,481,5.0
67289,640,4.0
67289,737,5.0
67289,824,5.0
67295,673,4.0
67296,1220,5.0
67302,481,5.0
67303,748,4.0
67303,749,4.0
67304,673,5.0
67305,673,4.0
67306,737,4.0
67307,369,4.0
67307,749,4.0
67308,640,5.0
67309,824,5.0
67314,737,3.0
67314,748,5.0
67315,481,5.0
67317,749,3.0
67319,369,3.0
67321,673,5.0
67321,737,5.0
67321,824,5.0
67323,481,4.0
67323,737,5.0
67323,749,3.0
67325,673,3.0
67329,640,5.0
67330,824,4.0
67331,824,5.0
67332,640,4.0
67332,824,3.0
67332,897,4.0
67333,748,4.0
67333,824,2.0
67335,640,5.0
67335,673,5.0
67335,748,5.0
67335,749,4.0
67337,640,3.0
67338,749,4.0
67339,1225,5.0
67341,824,4.0
67345,481,4.0
67348,1220,4.0
67349,824,5.0
67350,673,4.0
67352,369,4.0
67352,748,4.0
67352,749,4.0
67353,824,5.0
67354,1171,4.0
67356,1171,4.666666666666667
67360,673,5.0
67361,888,4.0
67363,640,5.0
67363,749,5.0
67364,640,5.0
67365,640,2.0
67366,640,5.0
67367,673,5.0
67368,824,5.0
67370,481,5.0
67370,737,5.0
67370,824,5.0
67375,481,4.0
67375,737,3.0
67381,640,5.0
67384,1225,5.0
67385,737,5.0
67388,1166,3.0
67391,748,1.0
67392,748,3.0
67392,749,5.0
67393,640,2.0
67396,650,5.0
67398,650,4.0
67400,369,3.0
67400,737,4.0
67400,841,5.0
67402,824,5.0
67404,369,3.0
67414,650,5.0
67414,737,5.0
67414,1171,3.3333333333333335
67417,369,5.0
67418,650,5.0
67420,824,5.0
67423,640,4.0
67423,749,4.0
67426,737,5.0
67427,824,4.0
67429,748,5.0
67430,673,5.0
67431,1171,5.0
67432,824,5.0
67434,481,5.0
67434,824,3.0
67444,1225,4.0
67446,841,5.0
67447,673,3.0
67448,481,4.0
67450,640,4.0
67450,748,3.0
67450,749,3.0
67451,650,4.0
67454,481,3.0
67455,640,5.0
67456,824,4.0
67458,1238,4.5
67459,640,4.0
67459,1166,4.0
67460,650,4.0
67461,748,5.0
67462,369,3.0
67462,737,4.0
67464,640,5.0
67465,1171,3.5
67471,673,2.0
67471,1297,2.0
67475,737,3.0
67477,841,5.0
67479,975,5.0
67479,1166,5.0
67481,369,3.0
67481,640,4.0
67481,748,4.0
67482,841,4.0
67483,824,3.0
67485,824,5.0
67486,640,5.0
67491,640,5.0
67495,841,5.0
67497,640,5.0
67498,824,5.0
67499,640,4.0
67499,748,5.0
67501,1171,3.25
67502,748,4.0
67502,841,5.0
67505,640,3.0
67515,640,5.0
67518,748,4.0
67520,369,1.0
67520,650,4.0
67521,841,5.0
67522,640,4.0
67523,640,3.0
67524,640,4.0
67529,888,3.0
67529,897,4.0
67531,1278,4.0
67538,369,3.0
67540,640,4.0
67542,1166,3.0
67543,1278,5.0
67545,824,4.0
67548,650,5.0
67549,481,3.0
67551,640,3.0
67551,673,5.0
67551,748,5.0
67553,824,5.0
67554,748,4.0
67555,673,4.0
67556,369,5.0
67558,737,3.0
67558,748,3.0
67561,748,5.0
67567,1220,5.0
67570,1171,4.0
67571,640,5.0
67573,1238,4.0
67578,748,4.0
67581,481,5.0
67585,841,5.0
67587,841,4.0
67588,824,4.0
67596,737,4.0
67597,640,5.0
67602,841,5.0
67603,841,4.0
67606,888,5.0
67609,888,5.0
67609,937,4.0
67610,749,3.0
67614,824,4.0
67616,640,4.0
67616,737,5.0
67616,824,5.0
67618,748,4.0
67619,824,5.0
67620,640,5.0
67621,749,3.0
67622,748,5.0
67623,737,5.0
67625,737,4.0
67630,749,3.0
67631,369,4.0
67633,650,4.0
67633,749,4.0
67634,1297,4.0
67637,673,3.0
67638,640,5.0
67638,673,4.0
67639,1238,3.5
67643,737,2.0
67643,824,4.0
67644,748,5.0
67648,673,4.0
67650,1166,4.0
67654,640,1.0
67654,748,4.0
67655,1278,5.0
67666,737,4.0
67670,650,4.5
67676,1280,5.0
67677,841,4.0
67678,673,5.0
67680,481,4.0
67692,1278,4.0
67693,1278,4.25
67694,650,5.0
67694,749,5.0
67695,737,3.0
67696,737,3.0
67699,640,5.0
67700,1278,4.5
67702,650,2.0
67704,481,1.0
67706,737,3.0
67707,673,4.0
67708,841,5.0
67710,640,5.0
67711,640,5.0
67714,1220,5.0
67718,1166,3.5
67719,1171,4.25
67721,673,4.0
67724,1171,4.4
67726,640,4.0
67726,748,4.0
67729,640,4.0
67729,748,5.0
67730,824,5.0
67732,673,3.0
67732,841,5.0
67733,650,4.0
67734,824,4.0
67737,748,4.0
67739,1220,5.0
67740,737,5.0
67744,920,4.0
67748,640,5.0
67748,673,5.0
67752,640,4.0
67756,673,3.0
67756,737,5.0
67756,824,4.0
67759,369,1.0
67761,841,4.0
67762,640,5.0
67762,748,5.0
67764,640,5.0
67768,481,5.0
67768,640,4.0
67768,673,3.0
67769,640,4.0
67770,481,5.0
67773,650,4.0
67773,841,5.0
67775,841,5.0
67776,841,4.0
67777,841,5.0
67778,369,3.0
67778,640,4.0
67780,650,5.0
67781,824,5.0
67782,673,4.0
67782,841,5.0
67783,650,5.0
67784,481,5.0
67784,640,4.0
67786,481,5.0
67789,841,4.0
67791,640,4.0
67792,1166,5.0
67793,841,3.0
67795,640,5.0
67796,1297,5.0
67799,824,2.0
67801,748,2.0
67806,640,5.0
67813,640,4.0
67814,841,5.0
67816,1171,3.8
67817,913,5.0
67817,937,4.0
67817,1166,3.5
67819,841,5.0
67822,640,3.0
67824,640,4.0
67824,749,5.0
67824,1171,4.5
67825,841,4.0
67829,737,5.0
67830,650,4.0
67830,824,5.0
67831,640,5.0
67833,1278,4.0
67835,824,4.0
67836,369,4.0
67842,1278,5.0
67845,640,4.0
67846,640,3.0
67851,673,1.0
67853,824,4.0
67857,640,4.0
67857,749,4.0
67859,841,4.0
67860,748,3.0
67861,640,4.0
67861,673,5.0
67861,737,5.0
67861,749,5.0
67864,640,4.0
67864,737,4.0
67865,748,3.0
67865,749,3.0
67866,640,4.0
67868,640,4.0
67868,748,4.0
67868,749,3.0
67870,640,5.0
67873,650,5.0
67876,640,3.0
67882,650,5.0
67883,640,5.0
67883,748,3.0
67884,369,4.0
67884,841,5.0
67886,369,5.0
67895,640,3.0
67895,748,3.0
67899,481,3.0
67902,673,3.0
67909,1280,4.333333333333333
67911,1238,4.666666666666667
67913,369,3.0
67916,1166,3.0
67926,640,5.0
67927,640,3.0
67928,841,5.0
67936,369,1.0
67936,673,4.0
67937,650,5.0
67938,748,4.0
67942,640,5.0
67947,640,5.0
67948,369,5.0
67949,640,5.0
67950,640,5.0
67950,824,4.0
67950,841,4.0
67951,650,4.0
67952,481,4.0
67952,640,4.5
67952,748,5.0
67952,841,5.0
67958,481,3.0
67958,640,4.666666666666667
67958,650,2.0
67958,841,4.0
67963,640,5.0
67964,640,5.0
67964,841,5.0
67966,1166,5.0
67967,1166,5.0
67968,1171,5.0
67970,1166,4.0
67971,1171,4.75
67979,841,4.0
67980,841,5.0
67981,673,1.0
67984,841,5.0
67985,737,5.0
67987,841,5.0
67990,640,5.0
67991,481,5.0
67996,481,4.0
67997,748,5.0
67997,749,5.0
67999,650,4.0
68001,748,5.0
68003,673,3.0
68005,640,5.0
68005,1220,5.0
68007,481,4.0
68007,640,4.0
68007,748,4.0
68007,824,4.0
68009,841,3.0
68011,824,4.0
68013,1171,3.0
68014,369,5.0
68017,841,5.0
68020,481,3.0
68021,841,5.0
68022,640,5.0
68022,749,4.0
68026,841,4.0
68027,650,3.0
68031,841,5.0
68032,748,5.0
68032,841,5.0
68038,640,4.0
68039,841,5.0
68040,841,5.0
68042,1171,4.5
68046,1297,3.3333333333333335
68053,897,4.0
68055,841,5.0
68057,737,4.0
68058,841,5.0
68059,1280,3.0
68062,824,4.0
68063,737,5.0
68066,748,5.0
68069,841,5.0
68071,650,5.0
68076,481,4.0
68076,640,4.0
68081,748,4.0
68081,824,5.0
68086,824,3.0
68087,640,3.0
68087,824,5.0
68088,640,4.0
68092,737,3.0
68096,737,5.0
68098,737,5.0
68100,737,5.0
68100,824,5.0
68100,841,5.0
68101,640,5.0
68108,369,4.0
68108,640,4.0
68108,749,4.0
68109,481,4.0
68110,1297,5.0
68115,1278,5.0
68116,640,5.0
68116,1278,5.0
68119,640,3.0
68123,640,5.0
68126,824,4.0
68127,841,4.0
68129,1297,5.0
68130,748,5.0
68132,369,3.0
68132,824,4.0
68137,481,5.0
68141,1297,5.0
68142,1297,3.0
68144,650,4.0
68146,841,5.0
68154,481,5.0
68154,824,3.0
68155,1220,5.0
68157,975,5.0
68159,640,5.0
68161,1133,4.0
68166,737,4.0
68167,481,5.0
68169,737,4.0
68171,748,4.0
68172,928,5.0
68172,1278,4.0
68173,640,4.0
68174,640,4.0
68175,737,5.0
68178,748,5.0
68180,1278,5.0
68182,673,4.0
68184,737,5.0
68184,824,5.0
68185,824,4.0
68185,877,4.0
68185,897,5.0
68185,913,4.0
68185,937,4.0
68190,369,4.0
68192,640,4.0
68192,1297,4.0
68200,1280,4.0
68201,824,3.0
68206,640,5.0
68207,369,4.0
68209,737,4.0
68210,1166,4.6
68212,1220,5.0
68220,481,5.0
68222,841,5.0
68229,481,5.0
68230,1171,5.0
68231,947,4.0
68231,975,2.0
68233,369,4.0
68233,748,4.0
68233,824,5.0
68235,1297,3.0
68239,640,5.0
68239,748,4.0
68240,640,3.0
68242,640,4.0
68242,748,4.0
68243,748,4.0
68243,749,3.0
68244,841,5.0
68245,1297,3.0
68250,640,4.0
68251,640,4.0
68252,824,4.0
68255,737,4.0
68255,824,5.0
68257,369,2.0
68257,640,4.0
68257,841,1.0
68259,737,4.0
68260,481,4.0
68260,824,4.0
68262,673,3.0
68264,369,5.0
68264,737,5.0
68267,1166,3.3333333333333335
68268,640,4.0
68269,749,4.0
68271,640,5.0
68275,841,5.0
68277,640,5.0
68281,824,4.0
68284,737,3.0
68286,841,5.0
68288,640,4.0
68292,1171,4.5
68294,888,5.0
68295,888,4.0
68296,369,5.0
68298,1278,5.0
68300,650,3.0
68301,748,5.0
68302,481,5.0
68306,1220,4.0
68307,748,4.0
68308,673,5.0
68310,650,3.0
68311,640,4.0
68316,481,4.0
68316,640,5.0
68317,369,3.0
68320,640,4.0
68322,841,5.0
68330,640,4.0
68333,640,2.0
68334,640,5.0
68336,650,5.0
68337,673,1.0
68338,737,4.0
68338,748,5.0
68338,824,5.0
68341,1297,3.0
68346,650,5.0
68347,640,4.0
68347,841,5.0
68348,841,5.0
68350,1137,5.0
68353,841,5.0
68354,841,5.0
68356,673,2.0
68361,1278,4.0
68371,1278,5.0
68376,748,5.0
68377,841,5.0
68379,640,2.0
68379,841,4.0
68380,369,4.0
68382,841,4.0
68386,640,4.0
68388,650,5.0
68391,369,3.0
68393,737,4.0
68394,748,4.0
68395,1137,4.0
68396,369,5.0
68398,1171,3.6666666666666665
68399,1278,4.0
68402,824,4.0
68403,841,5.0
68404,1220,5.0
68405,369,2.0
68405,1297,4.0
68406,640,4.0
68407,737,4.0
68407,824,5.0
68413,1225,5.0
68414,748,4.0
68422,650,4.0
68426,897,3.0
68427,640,4.0
68427,748,5.0
68429,650,5.0
68432,640,3.0
68435,1280,3.5
68444,650,4.0
68445,481,2.0
68445,737,5.0
68447,737,3.0
68449,1278,5.0
68450,888,5.0
68450,1171,5.0
68452,888,5.0
68453,1278,5.0
68457,1280,5.0
68458,841,5.0
68461,888,5.0
68461,1171,3.5
68462,640,4.0
68465,369,3.0
68465,640,4.0
68465,737,4.0
68465,748,4.0
68465,824,4.0
68470,975,1.0
68472,1225,4.0
68480,1166,4.333333333333333
68481,640,5.0
68482,640,5.0
68487,1278,4.0
68489,841,5.0
68490,888,5.0
68493,650,4.0
68496,673,4.0
68497,673,4.0
68497,888,5.0
68500,640,5.0
68501,824,3.0
68502,841,5.0
68504,748,4.0
68506,650,3.0
68507,841,4.0
68512,1278,4.25
68513,640,5.0
68515,1278,4.5
68516,737,4.0
68518,1278,4.0
68527,640,5.0
68533,824,4.0
68534,748,3.0
68536,640,4.0
68539,748,4.0
68540,481,4.0
68541,481,5.0
68542,673,3.0
68543,737,5.0
68543,748,2.0
68543,824,4.0
68544,841,5.0
68546,640,5.0
68546,748,3.0
68549,673,4.0
68549,737,5.0
68557,640,1.0
68562,748,2.0
68565,737,5.0
68566,737,3.0
68566,824,5.0
68569,824,4.0
68578,640,4.0
68579,1166,3.5
68587,841,5.0
68590,841,5.0
68592,640,3.0
68592,737,3.0
68593,841,5.0
68600,640,3.0
68602,841,5.0
68604,640,5.0
68604,824,5.0
68605,640,1.0
68606,1220,4.0
68607,640,2.0
68607,737,4.0
68613,650,4.0
68618,824,4.0
68618,1220,4.5
68619,650,4.0
68622,748,3.0
68623,1278,4.0
68627,841,4.0
68631,841,4.0
68634,841,4.0
68636,640,5.0
68637,841,4.0
68638,1137,5.0
68639,481,5.0
68640,640,4.0
68640,650,4.0
68647,824,1.0
68649,640,2.0
68651,640,5.0
68653,1171,4.0
68655,737,3.0
68660,1166,4.0
68661,1278,5.0
68662,748,4.0
68665,1220,3.0
68666,1166,4.0
68669,481,5.0
68676,1280,4.0
68677,640,4.0
68678,369,5.0
68682,748,1.0
68683,1166,3.923076923076923
68684,824,5.0
68685,640,5.0
68685,748,4.0
68689,824,4.0
68690,737,5.0
68692,841,5.0
68695,737,4.0
68698,748,5.0
68700,481,5.0
68701,1220,5.0
68707,888,5.0
68708,841,5.0
68709,640,5.0
68712,481,1.0
68714,737,5.0
68714,824,5.0
68716,737,5.0
68719,841,5.0
68720,650,3.0
68721,640,4.0
68723,640,4.0
68723,749,4.0
68726,650,4.0
68727,640,5.0
68729,640,5.0
68731,841,5.0
68733,640,5.0
68735,369,5.0
68735,640,3.6666666666666665
68735,673,4.0
68735,748,4.5
68735,841,4.0
68737,841,4.0
68738,640,4.0
68742,1171,5.0
68743,650,4.0
68745,824,4.0
68746,640,4.0
68747,748,4.0
68750,640,5.0
68751,481,5.0
68751,748,4.0
68751,841,5.0
68753,748,4.0
68755,640,5.0
68756,369,4.0
68757,650,3.0
68758,888,5.0
68759,640,5.0
68760,650,4.0
68762,640,5.0
68763,841,5.0
68765,888,5.0
68765,920,5.0
68765,937,4.0
68765,1297,5.0
68767,1297,2.0
68772,640,3.0
68772,673,2.0
68773,749,4.0
68774,841,5.0
68775,841,5.0
68776,748,3.0
68777,640,5.0
68779,748,5.0
68784,640,5.0
68784,749,4.0
68786,748,4.0
68787,640,5.0
68787,673,5.0
68787,737,5.0
68787,748,4.0
68788,737,5.0
68788,748,5.0
68795,1133,4.0
68796,748,5.0
68797,640,4.0
68797,841,4.0
68808,749,5.0
68809,640,5.0
68812,640,5.0
68814,640,4.0
68815,650,3.0
68815,749,3.0
68816,640,4.0
68816,748,3.0
68817,640,4.0
68817,748,3.0
68818,749,5.0
68819,841,4.0
68821,749,4.0
68825,1166,1.0
68830,749,4.0
68830,824,4.0
68833,1171,2.0
68837,749,5.0
68839,673,5.0
68842,640,5.0
68844,737,4.0
68844,841,4.0
68845,749,4.0
68845,1220,4.5
68846,640,5.0
68847,737,4.0
68848,481,5.0
68852,640,4.0
68852,749,3.0
68853,824,3.0
68858,841,4.0
68863,748,4.0
68864,841,4.0
68867,841,5.0
68869,640,4.0
68872,369,1.0
68878,369,3.0
68880,913,4.0
68886,640,4.0
68887,1280,4.0
68898,1166,5.0
68902,640,5.0
68907,640,1.0
68908,481,4.0
68908,640,5.0
68908,749,3.0
68912,481,4.0
68913,640,5.0
68913,748,5.0
68913,749,5.0
68913,888,5.0
68913,897,5.0
68916,1297,5.0
68918,841,5.0
68920,949,3.0
68921,673,5.0
68923,673,3.0
68926,841,5.0
68927,841,5.0
68931,737,5.0
68937,1220,5.0
68944,841,5.0
68946,673,3.0
68948,748,5.0
68949,640,4.0
68950,640,5.0
68954,640,3.0
68957,749,5.0
68958,1238,5.0
68962,841,5.0
68964,640,3.0
68970,369,5.0
68970,841,5.0
68974,650,4.0
68976,640,4.0
68978,640,4.0
68980,841,4.0
68981,640,5.0
68981,748,5.0
68981,824,3.0
68984,748,4.0
68994,1278,5.0
68995,673,5.0
69000,1278,5.0
69006,888,5.0
69008,1166,5.0
69009,673,5.0
69011,650,5.0
69013,369,4.0
69013,748,5.0
69017,640,5.0
69023,481,5.0
69030,748,5.0
69034,640,3.0
69034,1278,3.5
69035,1166,4.0
69039,841,5.0
69040,673,1.0
69041,650,4.0
69044,1166,4.0
69046,748,5.0
69047,640,4.0
69051,640,5.0
69058,650,3.0
69058,748,4.0
69059,640,5.0
69060,1278,5.0
69061,673,3.0
69062,640,4.0
69062,913,4.0
69065,640,4.0
69065,749,3.0
69067,1297,4.0
69070,737,5.0
69070,841,5.0
69072,650,5.0
69077,737,5.0
69085,640,5.0
69085,824,5.0
69086,1166,4.0
69091,640,5.0
69096,1278,4.0
69104,1278,5.0
69105,640,4.0
69105,673,4.0
69105,824,5.0
69109,841,5.0
69110,888,4.0
69111,888,4.0
69112,640,5.0
69112,748,5.0
69114,640,5.0
69114,748,4.0
69114,749,1.0
69117,650,4.0
69117,737,4.0
69119,640,5.0
69125,824,5.0
69126,749,3.0
69127,369,5.0
69128,748,4.0
69129,673,5.0
69134,481,5.0
69136,673,3.0
69140,481,5.0
69145,737,5.0
69146,748,2.0
69147,640,4.0
69149,737,4.0
69151,824,5.0
69153,640,4.0
69154,1280,4.0
69156,640,5.0
69158,640,5.0
69163,748,5.0
69165,650,4.0
69167,841,3.0
69171,748,5.0
69172,481,4.0
69172,748,4.0
69174,481,5.0
69175,737,5.0
69179,640,3.0
69181,877,3.0
69183,824,5.0
69183,1166,4.666666666666667
69185,749,4.0
69192,673,5.0
69192,1238,5.0
69194,481,4.0
69196,947,5.0
69196,1278,5.0
69197,1220,5.0
69199,748,5.0
69203,841,5.0
69204,841,5.0
69207,841,5.0
69208,737,4.0
69212,737,5.0
69213,640,3.0
69215,640,4.0
69215,749,5.0
69216,640,4.0
69217,640,4.0
69217,737,5.0
69218,369,3.0
69218,749,5.0
69223,640,3.0
69225,749,3.0
69227,841,5.0
69229,369,5.0
69233,640,4.0
69234,640,5.0
69238,841,5.0
69239,841,4.0
69239,1297,3.0
69240,640,4.0
69240,1171,5.0
69242,481,5.0
69246,369,3.0
69247,1171,5.0
69248,640,3.0
69248,650,2.0
69248,748,5.0
69248,749,5.0
69250,841,4.0
69251,640,3.0
69251,1297,4.0
69252,640,3.0
69256,640,4.0
69257,640,3.0
69257,748,3.0
69257,749,4.0
69259,841,5.0
69262,640,4.0
69263,369,3.0
69264,1238,4.0
69265,749,3.0
69266,369,5.0
69266,650,4.0
69267,640,4.0
69268,369,4.0
69268,673,4.0
69272,481,4.0
69272,640,5.0
69274,748,5.0
69274,824,5.0
69280,1171,1.0
69282,1171,5.0
69285,640,5.0
69285,673,4.0
69285,737,5.0
69285,748,4.0
69287,640,4.0
69287,824,4.0
69288,640,4.0
69288,841,5.0
69290,640,4.0
69292,748,2.0
69294,481,4.0
69296,369,5.0
69296,481,5.0
69297,737,5.0
69299,369,3.0
69300,640,4.0
69302,1166,3.0
69303,928,5.0
69304,640,5.0
69304,673,3.0
69310,369,4.0
69311,841,5.0
69313,1280,4.0
69314,640,4.0
69314,748,5.0
69315,841,4.0
69319,1220,5.0
69321,841,5.0
69322,640,4.0
69325,640,5.0
69328,673,5.0
69328,841,5.0
69334,737,5.0
69334,748,5.0
69338,481,5.0
69339,650,5.0
69340,640,5.0
69352,640,5.0
69354,369,3.0
69355,737,5.0
69356,1280,4.0
69358,640,5.0
69360,640,2.0
69365,748,5.0
69366,369,4.0
69366,481,5.0
69366,650,5.0
69366,824,4.0
69371,650,4.0
69372,824,3.0
69373,640,5.0
69374,640,5.0
69374,737,4.0
69376,841,5.0
69379,650,4.0
69383,640,4.0
69383,737,3.0
69391,640,5.0
69391,748,5.0
69393,640,5.0
69393,650,5.0
69395,748,5.0
69396,1297,4.0
69402,640,4.0
69402,650,3.0
69403,650,3.0
69412,841,5.0
69414,748,4.0
69415,650,4.0
69418,640,3.0
69418,737,3.0
69419,640,4.0
69419,748,3.0
69420,481,5.0
69421,1280,4.0
69424,1280,3.5
69425,1220,4.0
69429,650,5.0
69431,673,5.0
69432,650,2.0
69435,369,1.0
69435,640,3.0
69436,640,5.0
69439,650,4.0
69440,369,1.0
69440,640,3.0
69440,650,5.0
69440,748,4.0
69440,841,5.0
69443,650,5.0
69443,749,3.0
69443,841,5.0
69444,824,2.5
69446,1171,3.0
69449,481,5.0
69450,640,4.0
69452,748,5.0
69453,640,5.0
69454,640,5.0
69455,640,5.0
69456,481,5.0
69456,640,5.0
69456,748,5.0
69456,749,4.0
69458,737,5.0
69458,748,4.0
69458,824,4.0
69459,650,5.0
69462,748,3.0
69463,640,3.0
69463,824,3.0
69469,481,5.0
69473,640,3.0
69473,737,4.0
69474,640,4.0
69476,369,5.0
69476,640,5.0
69477,481,5.0
69477,841,5.0
69478,640,5.0
69480,640,5.0
69480,748,3.0
69481,640,4.0
69482,841,4.0
69483,749,4.0
69486,640,5.0
69488,748,5.0
69490,481,5.0
69494,640,5.0
69495,481,5.0
69498,1297,5.0
69499,640,4.0
69500,640,4.0
69507,369,3.0
69511,737,2.0
69512,369,4.0
69515,640,5.0
69518,1166,3.0
69519,369,3.0
69520,640,4.5
69521,737,3.0
69523,640,5.0
69523,650,4.0
69523,748,3.0
69523,749,3.0
69524,748,5.0
69527,640,4.0
69529,640,5.0
69530,673,4.0
69531,650,3.0
69537,640,3.0
69540,640,3.0
69544,369,2.0
69548,650,4.0
69548,841,4.0
69548,1297,2.5
69549,650,4.0
69549,824,3.0
69550,673,4.0
69551,640,4.0
69551,650,5.0
69551,748,4.0
69551,841,4.0
69553,1166,1.0
69554,640,4.0
69557,640,5.0
69561,673,5.0
69563,481,5.0
69564,640,3.0
69565,640,4.0
69566,640,4.0
69568,640,5.0
69568,737,3.0
69571,369,2.0
69571,673,5.0
69571,737,3.0
69571,841,5.0
69576,1278,4.0
69578,650,3.0
69579,841,5.0
69580,749,3.0
69581,841,5.0
69584,640,3.0
69584,841,5.0
69588,640,5.0
69589,673,4.0
69590,369,5.0
69593,640,4.0
69594,640,5.0
69594,841,5.0
69595,1297,1.0
69596,841,5.0
69597,673,4.0
69600,1238,5.0
69601,640,5.0
69601,824,4.0
69602,640,5.0
69603,640,4.0
69603,748,4.5
69603,749,5.0
69603,841,5.0
69604,749,3.0
69614,481,5.0
69621,640,4.0
69621,748,5.0
69621,824,4.0
69630,650,3.0
69631,640,4.0
69635,650,5.0
69636,640,3.0
69636,824,5.0
69637,841,5.0
69641,640,5.0
69644,841,5.0
69648,640,4.0
69650,640,1.0
69650,748,1.0
69658,640,4.0
69659,650,3.0
69660,841,5.0
69661,748,4.0
69663,481,3.0
69666,841,4.0
69669,737,3.0
69671,640,4.0
69672,650,5.0
69672,841,3.0
69674,481,4.0
69674,640,4.0
69674,748,5.0
69675,640,4.0
69676,650,5.0
69681,737,5.0
69685,640,5.0
69688,640,5.0
69689,650,3.0
69693,640,5.0
69693,748,3.0
69693,749,4.0
69694,640,5.0
69694,748,5.0
69695,640,4.0
69700,824,5.0
69702,481,3.0
69703,841,5.0
69704,673,5.0
69705,650,4.75
69705,673,4.0
69714,673,4.0
69715,481,5.0
69716,640,4.0
69716,737,4.0
69716,824,4.0
69720,640,5.0
69723,640,4.0
69723,748,3.0
69726,673,1.0
69726,737,2.0
69726,841,4.0
69727,841,5.0
69733,949,3.0
69742,650,3.0
69742,737,4.0
69745,640,5.0
69745,748,3.0
69745,749,3.0
69745,824,5.0
69746,748,4.0
69748,640,3.0
69750,650,3.0
69750,824,5.0
69762,640,5.0
69762,748,5.0
69765,640,5.0
69767,737,4.0
69769,369,5.0
69770,481,4.0
69770,640,1.0
69770,673,5.0
69772,673,4.0
69772,749,5.0
69773,748,5.0
69775,481,3.0
69776,640,4.0
69776,673,5.0
69777,841,5.0
69780,1278,4.0
69782,737,5.0
69796,640,3.0
69799,640,3.0
69799,748,4.0
69799,749,4.0
69801,640,5.0
69802,748,4.0
69803,748,4.0
69806,673,5.0
69808,841,5.0
69809,737,5.0
69812,824,5.0
69814,369,4.0
69814,748,5.0
69815,640,4.0
69816,481,5.0
69816,737,5.0
69817,640,4.0
69817,824,3.0
69821,1171,4.5
69823,841,5.0
69829,748,3.0
69830,640,3.0
69830,748,5.0
69831,1171,5.0
69834,650,4.0
69834,748,4.0
69837,640,5.0
69837,673,2.0
69837,737,3.0
69837,888,5.0
69837,937,4.0
69837,947,5.0
69837,1297,4.2
69840,640,4.0
69840,673,4.0
69841,1171,4.6
69844,737,5.0
69845,650,4.0
69846,640,5.0
69848,640,5.0
69856,748,5.0
69859,1297,4.0
69861,369,2.0
69861,841,5.0
69862,737,4.0
69865,748,5.0
69869,737,4.0
69871,640,5.0
69871,737,5.0
69871,748,5.0
69871,749,5.0
69877,650,4.0
69884,650,3.0
69888,640,1.0
69889,481,5.0
69897,640,5.0
69897,673,4.0
69897,737,3.0
69897,749,4.0
69897,824,4.0
69898,737,5.0
69901,748,4.0
69902,1238,4.666666666666667
69904,481,4.0
69905,824,5.0
69905,1280,5.0
69908,841,5.0
69910,1171,2.3333333333333335
69912,1297,4.0
69919,947,5.0
69921,640,5.0
69923,640,4.0
69923,748,4.0
69925,640,5.0
69925,749,5.0
69931,888,4.0
69932,369,5.0
69934,748,5.0
69935,640,4.0
69935,749,4.0
69937,640,5.0
69939,1297,4.0
69940,640,5.0
69944,1238,5.0
69946,640,5.0
69947,640,5.0
69950,841,5.0
69951,748,4.0
69951,749,5.0
69954,481,5.0
69959,841,5.0
69960,673,3.0
69962,640,4.0
69962,737,3.0
69963,748,4.0
69965,748,3.0
69966,481,5.0
69966,640,5.0
69968,369,5.0
69969,1171,5.0
69972,369,3.0
69978,640,4.0
69982,369,2.0
69984,640,5.0
69984,824,5.0
69985,640,5.0
69994,673,5.0
69995,640,5.0
69995,748,5.0
69995,749,5.0
69996,369,1.0
69998,1137,3.3333333333333335
69999,640,4.0
70000,824,5.0
70003,748,3.0
70004,673,5.0
70010,673,3.0
70011,1280,2.0
70012,1220,5.0
70013,481,4.0
70023,737,1.0
70025,748,3.0
70029,650,5.0
70029,748,5.0
70029,877,4.0
70029,888,5.0
70029,897,3.0
70029,913,4.0
70031,640,5.0
70032,841,5.0
70033,841,4.0
70035,824,4.0
70037,748,5.0
70038,824,5.0
70041,841,3.0
70043,640,5.0
70044,640,3.0
70044,841,4.0
70051,737,4.0
70051,824,5.0
70053,1220,5.0
70054,640,4.0
70055,640,4.0
70055,748,5.0
70055,824,5.0
70057,673,4.0
70057,737,4.0
70057,824,4.0
70064,737,5.0
70065,369,1.0
70066,650,2.0
70066,749,5.0
70073,640,4.0
70077,640,4.0
70078,481,4.0
70078,640,5.0
70083,673,4.0
70085,640,5.0
70089,1171,4.0
70090,841,5.0
70094,640,3.0
70095,640,5.0
70095,749,2.0
70096,650,2.0
70100,640,3.0
70110,1297,4.0
70112,748,4.0
70114,640,4.0
70120,650,5.0
70122,841,5.0
70128,640,4.0
70129,640,4.0
70129,737,5.0
70132,673,5.0
70135,841,4.0
70136,650,5.0
70137,841,5.0
70140,640,3.0
70140,748,5.0
70141,640,5.0
70143,640,4.0
70146,640,4.0
70147,737,5.0
70148,369,3.0
70150,841,5.0
70151,888,4.0
70152,749,3.0
70153,640,3.0
70155,369,5.0
70155,841,3.0
70162,841,5.0
70165,640,4.0
70165,748,5.0
70166,369,4.0
70167,749,3.0
70170,748,3.0
70173,640,4.0
70173,650,3.0
70173,748,4.0
70173,749,3.0
70176,481,3.0
70180,650,3.0
70181,673,2.0
70182,737,4.0
70185,673,3.0
70185,737,5.0
70188,481,4.0
70188,841,5.0
70191,481,5.0
70194,737,5.0
70196,481,3.0
70197,673,4.0
70202,369,3.0
70202,640,5.0
70202,748,4.0
70204,841,4.0
70205,841,5.0
70214,841,4.0
70215,1166,4.0
70222,640,5.0
70222,748,2.0
70222,1280,5.0
70223,748,4.0
70224,737,5.0
70225,749,5.0
70229,640,2.0
70229,748,4.0
70231,481,5.0
70231,650,4.0
70231,824,5.0
70234,650,5.0
70236,673,5.0
70237,949,5.0
70237,1171,4.2
70238,737,4.0
70238,824,5.0
70241,748,5.0
70243,650,5.0
70247,913,5.0
70249,841,5.0
70257,640,4.0
70257,749,4.0
70258,841,4.0
70259,673,3.0
70269,369,2.0
70269,640,4.0
70269,841,5.0
70273,640,5.0
70275,673,4.5
70276,841,4.0
70278,369,5.0
70278,824,5.0
70279,748,5.0
70281,640,5.0
70282,481,3.0
70283,640,5.0
70283,824,5.0
70286,640,2.0
70286,650,4.0
70286,673,5.0
70286,737,4.0
70286,748,4.0
70288,640,4.0
70290,841,5.0
70303,748,3.0
70307,369,4.0
70307,841,5.0
70308,748,3.0
70309,673,1.0
70312,640,5.0
70313,640,5.0
70313,748,5.0
70313,888,3.0
70313,913,5.0
70314,841,5.0
70315,1238,4.333333333333333
70318,640,5.0
70323,640,4.0
70323,748,4.0
70325,369,5.0
70325,749,5.0
70325,841,5.0
70326,841,5.0
70333,640,5.0
70334,1171,4.428571428571429
70335,1171,4.0
70336,640,3.0
70338,841,5.0
70339,749,4.0
70342,888,5.0
70347,737,5.0
70353,369,5.0
70355,640,5.0
70361,640,5.0
70362,1137,4.5
70365,640,4.0
70365,748,4.0
70366,640,4.0
70367,824,5.0
70374,1220,4.0
70376,640,5.0
70377,640,3.0
70379,640,4.0
70380,640,4.0
70383,640,3.0
70385,824,4.0
70386,640,4.0
70386,737,5.0
70392,640,4.0
70392,824,5.0
70395,640,4.0
70396,369,3.0
70396,737,4.0
70396,824,4.0
70398,369,4.0
70398,640,4.0
70398,737,4.0
70399,650,3.0
70401,673,4.0
70403,673,3.0
70408,1166,3.0
70409,481,5.0
70411,841,5.0
70412,640,5.0
70413,888,5.0
70413,1225,4.5
70419,748,5.0
70420,748,2.0
70421,640,3.0
70422,888,5.0
70423,841,5.0
70429,928,4.0
70430,369,5.0
70430,841,4.0
70433,369,4.0
70433,888,5.0
70436,1238,4.333333333333333
70438,841,5.0
70439,748,5.0
70444,737,4.0
70449,640,4.0
70449,748,5.0
70449,749,4.0
70452,748,5.0
70456,640,5.0
70457,369,3.0
70462,1171,4.0
70465,737,5.0
70467,841,5.0
70473,841,5.0
70475,369,1.0
70477,841,5.0
70483,824,4.0
70483,841,5.0
70484,369,2.0
70484,481,5.0
70484,640,5.0
70484,824,4.0
70486,640,5.0
70488,749,3.0
70489,640,4.0
70489,650,3.3333333333333335
70489,737,1.0
70491,640,3.0
70491,650,2.0
70492,1278,4.333333333333333
70493,1297,2.0
70494,673,2.0
70497,737,1.0
70498,748,5.0
70498,749,4.0
70503,640,5.0
70503,673,4.0
70503,748,3.0
70503,749,3.0
70504,640,4.0
70504,650,4.0
70504,841,5.0
70505,748,5.0
70506,369,4.0
70509,369,4.0
70510,841,4.0
70511,824,5.0
70513,841,5.0
70514,481,5.0
70516,640,4.0
70520,1297,3.5
70525,640,5.0
70529,1297,2.0
70533,673,2.0
70543,1238,5.0
70546,481,2.0
70547,640,3.0
70549,841,5.0
70550,650,4.0
70551,369,5.0
70552,640,2.0
70554,824,2.0
70555,369,5.0
70557,737,2.0
70560,640,4.0
70564,640,5.0
70567,1166,4.0
70569,824,4.0
70571,640,5.0
70573,749,5.0
70580,673,5.0
70584,1171,4.0
70588,481,5.0
70589,369,1.0
70590,640,4.0
70593,1171,4.0
70594,481,5.0
70595,369,4.0
70595,673,4.0
70595,824,4.0
70599,841,3.0
70600,369,4.0
70601,737,4.0
70611,748,3.0
70614,640,5.0
70614,650,5.0
70615,640,3.0
70619,1225,5.0
70624,1220,4.4
70627,481,3.0
70627,673,4.0
70628,737,4.0
70633,640,3.0
70633,650,4.0
70636,481,4.0
70639,640,4.0
70639,650,4.0
70639,748,3.0
70643,640,5.0
70647,673,3.0
70648,640,3.0
70650,640,5.0
70650,737,5.0
70651,481,4.0
70653,748,4.0
70655,737,5.0
70656,841,5.0
70661,481,1.0
70662,640,3.0
70663,369,4.0
70663,737,4.0
70663,748,5.0
70663,824,4.0
70663,841,5.0
70663,1171,3.8
70667,640,5.0
70669,824,4.0
70671,737,5.0
70672,481,4.0
70679,369,1.0
70679,650,3.0
70679,737,4.0
70683,640,4.0
70687,748,5.0
70689,640,2.0
70690,640,4.0
70691,824,3.0
70692,640,5.0
70695,640,5.0
70695,737,5.0
70695,824,5.0
70696,841,4.0
70698,369,5.0
70699,640,3.0
70700,748,2.0
70704,748,5.0
70704,749,3.0
70706,369,1.0
70709,1171,5.0
70713,369,2.0
70713,737,4.0
70714,481,4.0
70717,841,5.0
70721,1133,5.0
70722,673,3.0
70726,673,3.0
70727,640,4.0
70727,673,4.0
70727,824,4.0
70731,673,3.0
70732,640,4.0
70738,841,4.0
70738,1166,4.5
70739,673,5.0
70739,748,3.0
70740,1171,4.0
70741,640,5.0
70742,650,4.0
70742,748,4.0
70746,640,4.5
70746,748,3.0
70746,824,4.0
70749,640,5.0
70751,369,2.0
70751,640,4.0
70751,650,4.0
70751,673,4.0
70751,737,5.0
70751,748,5.0
70751,749,4.0
70755,737,4.0
70761,640,4.0
70761,749,5.0
70768,369,2.0
70768,640,5.0
70768,748,4.0
70768,749,4.0
70773,640,4.0
70780,673,3.0
70781,650,4.0
70787,369,3.0
70787,824,5.0
70789,481,4.0
70789,640,3.0
70790,737,4.0
70790,824,4.0
70792,640,4.0
70792,824,4.0
70794,640,5.0
70794,748,5.0
70796,737,4.0
70801,824,5.0
70801,1297,3.0
70802,369,4.0
70802,481,5.0
70802,650,3.0
70803,481,4.0
70805,1166,5.0
70806,748,4.0
70806,1166,4.0
70807,640,5.0
70807,650,3.0
70810,1166,5.0
70811,1166,5.0
70812,673,4.0
70812,737,4.0
70819,369,4.0
70823,673,2.0
70823,824,3.0
70823,841,5.0
70826,673,4.0
70835,640,5.0
70836,640,4.0
70836,748,4.0
70837,640,2.0
70837,748,3.0
70837,749,5.0
70837,841,4.0
70837,888,5.0
70837,947,5.0
70838,640,3.0
70843,841,5.0
70846,640,5.0
70848,640,5.0
70851,369,3.0
70851,841,4.0
70853,640,5.0
70853,748,4.0
70854,369,3.0
70854,640,4.0
70858,640,3.0
70858,673,5.0
70858,748,4.0
70859,640,5.0
70860,640,3.0
70862,640,4.0
70863,673,4.0
70864,481,5.0
70865,481,4.0
70867,640,4.0
70867,650,3.0
70867,748,4.0
70868,650,4.0
70872,1225,4.0
70877,1238,3.0
70880,369,1.0
70885,841,5.0
70886,749,5.0
70891,369,5.0
70895,481,2.0
70895,824,5.0
70899,737,3.0
70905,673,5.0
70906,737,5.0
70908,481,5.0
70910,737,4.0
70913,640,5.0
70916,824,5.0
70916,841,5.0
70917,640,4.0
70918,748,5.0
70920,640,5.0
70930,841,5.0
70932,748,1.0
70933,888,5.0
70934,1171,4.0
70935,640,5.0
70936,737,5.0
70939,1280,4.0
70940,640,4.0
70940,748,3.0
70940,749,4.0
70940,841,5.0
70945,640,5.0
70946,1137,4.5
70955,1220,3.0
70956,673,5.0
70956,748,5.0
70957,640,5.0
70963,640,4.0
70965,650,3.0
70967,640,4.6
70967,748,5.0
70967,841,4.666666666666667
70969,748,5.0
70971,841,5.0
70975,481,5.0
70975,748,5.0
70978,673,5.0
70978,841,5.0
70982,748,5.0
70983,824,5.0
70985,737,3.0
70986,737,5.0
70986,1278,5.0
70987,673,4.0
70987,824,4.0
70988,640,4.5
70988,748,5.0
70994,640,3.0
70997,888,5.0
70997,975,4.0
70997,1278,5.0
70999,640,5.0
70999,673,3.0
71006,841,5.0
71007,737,4.0
71007,748,4.0
71010,369,2.0
71010,841,5.0
71015,481,4.0
71015,640,4.0
71015,749,3.0
71018,369,4.0
71019,650,4.0
71019,737,4.0
71019,749,4.0
71021,640,4.0
71025,1220,4.0
71026,928,5.0
71027,824,5.0
71028,737,5.0
71031,481,5.0
71032,748,3.0
71035,1133,5.0
71036,824,5.0
71038,650,3.0
71041,640,4.0
71044,748,4.0
71047,673,4.0
71051,1225,3.0
71055,673,3.0
71055,748,4.0
71057,824,5.0
71072,748,1.0
71073,640,5.0
71074,640,5.0
71075,748,5.0
71079,650,4.0
71079,1166,4.0
71081,650,5.0
71082,481,5.0
71084,737,2.0
71085,1220,2.0
71087,673,2.0
71089,640,4.0
71089,1220,4.333333333333333
71094,640,4.0
71096,640,5.0
71097,841,5.0
71098,640,4.0
71102,640,4.0
71102,748,2.0
71107,640,4.0
71107,841,5.0
71108,1280,4.0
71111,1166,3.6666666666666665
71113,1171,4.75
71114,824,5.0
71119,1278,3.0
71122,737,5.0
71122,749,2.0
71123,737,4.0
71124,748,4.0
71124,824,5.0
71125,749,5.0
71126,749,3.0
71130,640,4.0
71132,841,5.0
71136,748,5.0
71138,369,3.0
71138,640,5.0
71138,737,5.0
71138,824,5.0
71140,640,5.0
71150,640,5.0
71152,369,4.0
71154,737,5.0
71154,748,5.0
71154,749,4.0
71155,640,5.0
71157,748,4.0
71161,369,4.0
71161,737,5.0
71161,841,5.0
71162,650,5.0
71163,1166,3.0
71166,737,4.0
71168,650,4.0
71171,640,5.0
71173,673,5.0
71173,748,5.0
71175,737,5.0
71176,640,5.0
71176,824,5.0
71180,1166,4.0
71181,1166,5.0
71184,737,5.0
71185,737,5.0
71187,748,4.0
71188,737,2.0
71189,640,5.0
71192,640,3.0
71192,737,3.0
71196,1297,5.0
71199,640,3.0
71202,1278,4.0
71205,824,4.0
71207,1171,4.0
71208,673,4.0
71209,640,4.0
71214,640,4.0
71219,1166,4.0
71220,841,5.0
71221,1171,4.0
71224,748,4.0
71226,650,4.0
71232,824,4.0
71233,369,3.0
71234,369,5.0
71235,824,4.0
71237,640,5.0
71239,748,4.0
71240,640,5.0
71240,748,5.0
71243,481,5.0
71248,748,4.0
71249,824,5.0
71250,650,4.0
71251,640,4.0
71253,737,4.0
71255,841,5.0
71256,841,5.0
71258,640,4.0
71258,748,3.0
71266,737,5.0
71268,749,4.0
71268,841,5.0
71269,481,3.0
71269,841,5.0
71272,748,5.0
71274,841,4.0
71275,369,5.0
71276,650,4.0
71276,673,3.0
71277,650,2.0
71282,481,4.0
71284,640,1.0
71284,737,5.0
71285,640,4.0
71290,640,5.0
71290,748,5.0
71291,640,5.0
71291,748,4.0
71291,749,5.0
71296,748,4.0
71302,640,4.0
71308,640,3.0
71308,748,3.0
71308,749,4.0
71309,841,5.0
71310,640,3.0
71311,650,5.0
71312,673,3.0
71313,1280,3.5
71316,640,5.0
71316,737,4.0
71316,748,5.0
71316,824,5.0
71323,650,5.0
71331,650,5.0
71332,1280,4.0
71334,673,3.0
71335,640,5.0
71336,640,4.0
71336,737,5.0
71340,650,3.0
71341,737,5.0
71341,748,4.0
71342,841,5.0
71343,640,5.0
71344,640,4.0
71345,481,5.0
71345,824,4.0
71347,369,3.0
71347,824,4.0
71348,748,3.0
71351,841,4.0
71352,369,1.0
71352,640,5.0
71352,748,3.0
71352,841,5.0
71353,737,3.0
71363,640,2.0
71363,737,5.0
71369,640,4.0
71370,640,5.0
71370,748,5.0
71371,369,2.0
71371,841,5.0
71372,640,4.0
71373,841,4.0
71377,1133,5.0
71378,640,5.0
71382,640,4.5
71382,748,5.0
71384,737,3.0
71384,824,5.0
71385,481,4.0
71386,640,5.0
71386,841,5.0
71389,841,5.0
71394,640,3.0
71397,481,4.0
71397,640,5.0
71398,640,4.0
71398,749,5.0
71400,369,3.0
71412,748,4.0
71415,650,5.0
71416,640,5.0
71416,748,4.0
71417,640,4.0
71422,640,3.0
71422,650,4.0
71423,640,5.0
71423,673,4.0
71424,369,2.0
71424,640,4.5
71426,1297,3.0
71428,748,3.0
71428,888,3.0
71429,640,1.0
71430,640,4.0
71431,841,5.0
71432,640,4.0
71435,1238,4.0
71436,737,5.0
71436,748,5.0
71440,369,4.0
71442,640,4.0
71442,841,5.0
71443,640,5.0
71444,748,5.0
71448,1280,4.0
71451,737,3.0
71453,640,5.0
71454,841,5.0
71456,640,4.0
71456,748,5.0
71456,824,2.0
71463,824,3.0
71466,737,4.0
71467,640,5.0
71470,841,5.0
71472,841,3.0
71475,748,3.0
71477,841,4.0
71483,650,5.0
71486,640,5.0
71488,841,4.0
71489,640,4.0
71489,673,3.0
71490,673,3.0
71493,673,4.0
71496,824,4.0
71498,640,3.5
71499,1166,2.0
71503,824,5.0
71504,673,4.0
71504,841,5.0
71510,841,4.0
71510,1297,3.3333333333333335
71511,640,5.0
71511,673,5.0
71511,749,5.0
71513,748,5.0
71514,650,5.0
71514,841,4.0
71516,841,5.0
71518,640,5.0
71519,841,4.0
71521,640,5.0
71521,824,5.0
71527,481,4.0
71527,640,3.0
71527,737,4.0
71527,748,3.0
71529,748,4.0
71529,841,4.0
71530,640,4.0
71533,640,2.0
71534,650,3.0
71535,640,5.0
71535,737,4.0
71535,748,3.0
71535,841,5.0
71535,1297,4.5
71538,640,5.0
71540,1171,5.0
71542,640,4.0
71543,673,2.0
71543,748,1.0
71546,841,5.0
71549,748,5.0
71556,841,4.0
71559,640,5.0
71560,737,5.0
71560,748,4.0
71561,1171,4.0
71562,640,5.0
71562,824,4.0
71564,841,4.0
71566,824,5.0
71567,640,5.0
71568,481,4.0
71571,640,4.0
71571,737,4.0
71571,748,5.0
71571,841,5.0
71572,640,5.0
71573,737,5.0
71573,748,4.0
71573,749,4.0
71575,640,5.0
71578,640,4.0
71579,640,5.0
71579,748,3.0
71581,824,4.0
71581,1171,4.0
71582,841,4.0
71584,673,4.0
71584,748,4.0
71584,824,4.0
71585,841,5.0
71588,748,4.0
71588,824,4.0
71589,673,4.0
71590,640,5.0
71590,673,4.0
71596,640,4.0
71596,650,4.5
71598,1297,1.0
71600,369,4.0
71602,369,4.0
71608,824,4.0
71609,824,3.0
71610,749,5.0
71615,481,4.0
71615,640,3.0
71615,737,4.0
71615,748,5.0
71616,369,3.0
71617,640,5.0
71617,673,4.0
71617,737,4.0
71619,1166,2.5
71624,824,3.0
71626,748,4.0
71626,824,4.0
71628,673,4.0
71629,369,4.0
71629,737,4.0
71629,824,4.0
71631,640,5.0
71631,737,5.0
71632,640,3.0
71632,673,3.0
71632,748,5.0
71632,841,5.0
71634,737,5.0
71636,841,5.0
71645,369,2.0
71645,640,4.5
71645,748,4.0
71645,749,5.0
71646,1166,3.0
71650,1220,4.0
71652,640,3.0
71654,737,5.0
71655,640,5.0
71657,1278,5.0
71658,841,5.0
71661,640,5.0
71661,650,5.0
71661,748,5.0
71664,640,3.0
71670,481,5.0
71675,1280,4.0
71676,640,4.0
71676,737,4.0
71677,1171,3.0
71678,673,4.0
71682,1220,5.0
71687,640,5.0
71687,1166,5.0
71689,640,3.0
71689,650,4.0
71689,737,5.0
71689,841,5.0
71690,841,1.0
71691,841,5.0
71694,650,5.0
71698,481,4.0
71703,640,4.0
71705,481,5.0
71705,640,5.0
71705,737,5.0
71708,640,3.0
71709,640,4.0
71710,640,5.0
71710,841,5.0
71711,369,3.0
71711,640,5.0
71712,673,4.0
71713,1166,5.0
71715,640,4.0
71715,673,3.0
71716,640,4.0
71716,650,5.0
71716,749,5.0
71717,673,3.0
71719,650,4.0
71721,841,5.0
71722,640,3.0
71722,737,5.0
71723,640,4.0
71724,841,5.0
71725,640,5.0
71725,748,2.0
71725,749,2.0
71727,673,3.0
71729,877,5.0
71729,897,4.0
71729,949,5.0
71729,1280,4.0
71730,841,5.0
71731,481,5.0
71732,640,4.0
71736,369,4.0
71739,640,5.0
71739,737,4.0
71742,640,4.0
71742,737,4.0
71750,640,3.0
71750,748,5.0
71753,369,3.0
71756,481,3.0
71756,1238,5.0
71758,841,5.0
71760,673,3.0
71761,673,1.0
71763,841,5.0
71764,737,5.0
71767,640,5.0
71767,748,5.0
71768,640,5.0
71768,748,3.0
71769,737,5.0
71771,650,4.0
71774,640,5.0
71774,749,4.0
71774,841,4.0
71776,650,5.0
71776,749,5.0
71776,841,5.0
71778,650,4.0
71779,841,5.0
71788,650,5.0
71790,673,5.0
71790,748,1.0
71794,369,3.0
71796,748,5.0
71797,481,4.0
71797,737,4.0
71798,650,2.0
71804,673,5.0
71806,1166,4.75
71808,841,5.0
71809,673,4.0
71809,737,4.0
71812,1220,5.0
71814,888,5.0
71816,1297,4.666666666666667
71822,841,3.0
71823,737,5.0
71823,824,5.0
71826,640,5.0
71832,481,5.0
71837,481,4.0
71838,673,5.0
71839,824,4.0
71840,737,5.0
71846,1137,4.0
71848,824,4.0
71850,841,5.0
71852,824,5.0
71853,824,5.0
71855,673,4.0
71859,640,2.0
71860,748,4.0
71861,640,3.0
71870,640,4.0
71874,1133,5.0
71876,737,4.0
71876,824,5.0
71882,640,5.0
71883,673,4.0
71885,640,5.0
71886,640,4.0
71889,1166,3.3333333333333335
71900,640,3.0
71904,640,5.0
71910,481,4.0
71914,640,4.0
71916,1225,4.0
71920,640,4.0
71920,650,4.0
71923,640,5.0
71925,748,5.0
71926,737,5.0
71927,824,4.0
71929,841,5.0
71930,748,5.0
71933,1171,5.0
71943,640,2.0
71946,640,3.0
71947,640,4.0
71947,748,3.0
71948,737,4.0
71948,824,4.0
71949,650,2.0
71950,640,3.0
71951,640,5.0
71951,748,5.0
71951,824,5.0
71954,749,5.0
71957,481,5.0
71959,640,4.0
71959,748,4.0
71959,749,3.0
71959,841,5.0
71960,737,1.0
71961,640,4.0
71966,640,5.0
71967,748,3.0
71969,369,2.0
71969,673,4.0
71970,841,4.0
71972,841,5.0
71974,640,4.0
71981,640,5.0
71981,824,4.0
71982,640,1.0
71984,841,5.0
71986,748,5.0
71989,841,5.0
71992,737,3.0
71992,749,3.0
71994,748,3.0
71997,369,5.0
71998,1238,4.0
72005,640,5.0
72005,748,5.0
72008,640,5.0
72009,1166,4.0
72013,640,4.0
72015,1297,3.5
72016,824,3.0
72018,369,1.0
72021,640,5.0
72024,1220,3.3333333333333335
72026,369,5.0
72026,841,5.0
72029,673,5.0
72031,640,5.0
72031,841,5.0
72032,640,4.0
72034,481,5.0
72035,1166,4.333333333333333
72036,640,5.0
72037,673,5.0
72038,640,5.0
72040,640,5.0
72040,748,5.0
72042,1166,4.0
72044,640,5.0
72046,640,4.333333333333333
72046,748,5.0
72046,841,4.75
72047,748,3.6666666666666665
72047,841,4.0
72048,841,4.0
72058,673,1.0
72058,749,2.0
72059,824,4.0
72061,841,5.0
72062,640,5.0
72062,748,3.0
72063,650,5.0
72066,640,4.0
72068,640,5.0
72071,841,4.0
72073,369,4.0
72073,481,3.0
72073,673,4.0
72073,737,3.0
72073,748,4.0
72073,824,4.0
72075,640,4.0
72078,650,4.0
72079,888,5.0
72080,640,4.0
72081,1137,1.0
72085,481,5.0
72085,640,4.0
72085,749,3.0
72086,640,5.0
72087,673,4.0
72089,481,4.0
72090,841,5.0
72091,1280,1.0
72092,888,1.0
72097,748,5.0
72098,640,5.0
72099,640,4.0
72104,1171,5.0
72105,640,4.666666666666667
72105,841,5.0
72107,841,5.0
72108,481,3.5
72108,640,3.0
72116,481,3.0
72116,748,4.0
72123,841,5.0
72126,841,4.0
72127,841,5.0
72129,1171,4.0
72135,841,5.0
72137,640,3.0
72137,748,2.0
72138,481,4.0
72138,749,5.0
72139,737,4.0
72140,841,5.0
72141,841,4.0
72142,1220,5.0
72144,1297,3.0
72147,749,5.0
72148,481,5.0
72151,841,5.0
72151,888,5.0
72151,975,4.0
72151,1171,3.5
72153,640,5.0
72154,640,5.0
72154,748,4.0
72156,749,5.0
72159,841,4.0
72162,841,5.0
72164,650,3.0
72164,824,2.0
72169,650,3.0
72169,737,4.0
72170,673,5.0
72170,824,4.0
72170,841,2.0
72173,1280,3.5
72179,841,3.0
72181,640,5.0
72181,737,4.0
72181,748,4.0
72183,650,5.0
72187,673,4.0
72190,737,3.0
72190,1133,4.0
72193,640,5.0
72202,640,5.0
72202,673,4.0
72202,749,3.0
72204,481,5.0
72208,1166,4.4
72211,640,5.0
72211,673,5.0
72218,673,3.0
72224,369,2.0
72224,640,1.0
72224,737,5.0
72228,640,4.0
72228,737,4.0
72235,640,3.0
72237,640,4.0
72239,1278,5.0
72243,640,4.0
72246,640,3.0
72248,1166,5.0
72249,1171,3.6666666666666665
72258,737,3.0
72263,673,5.0
72263,824,4.0
72264,640,4.0
72267,640,4.0
72268,841,4.0
72270,640,4.0
72270,748,5.0
72270,749,3.0
72272,841,5.0
72275,824,5.0
72277,737,4.0
72277,824,4.0
72279,673,5.0
72279,749,5.0
72282,841,5.0
72286,673,3.0
72289,975,4.0
72290,1220,5.0
72291,1278,5.0
72293,640,5.0
72294,748,5.0
72299,1171,5.0
72300,913,5.0
72302,748,5.0
72303,369,5.0
72304,369,4.0
72304,1225,4.5
72306,1278,4.0
72309,947,4.0
72311,369,4.0
72315,369,5.0
72321,824,4.0
72322,749,4.0
72324,481,5.0
72326,640,4.0
72328,737,5.0
72330,481,5.0
72330,640,5.0
72330,748,5.0
72333,673,1.0
72336,841,4.0
72337,640,4.0
72338,737,5.0
72338,749,5.0
72339,640,3.0
72342,673,4.0
72342,841,5.0
72344,640,5.0
72347,640,4.0
72351,640,5.0
72351,673,4.0
72356,650,5.0
72356,737,5.0
72356,824,4.0
72358,640,5.0
72363,737,4.0
72363,824,4.0
72367,640,4.666666666666667
72371,650,3.0
72372,841,5.0
72375,640,5.0
72379,673,1.0
72381,369,5.0
72381,650,5.0
72381,841,5.0
72382,1166,4.0
72383,841,3.0
72384,748,5.0
72386,673,5.0
72387,737,4.0
72395,748,1.0
72396,1220,4.333333333333333
72397,369,4.0
72397,640,4.0
72399,1166,4.0
72405,737,5.0
72407,841,5.0
72409,369,5.0
72414,673,4.0
72416,640,5.0
72417,749,4.0
72419,673,4.0
72420,369,4.5
72420,481,2.0
72420,640,4.166666666666667
72420,650,3.3333333333333335
72420,673,4.0
72420,748,3.0
72425,640,5.0
72426,841,5.0
72427,640,4.0
72427,748,5.0
72428,841,5.0
72431,673,5.0
72432,737,4.0
72435,737,5.0
72437,748,3.0
72437,749,3.0
72438,841,5.0
72439,640,3.0
72439,673,2.0
72439,748,4.0
72439,749,4.0
72440,650,1.0
72441,841,5.0
72442,748,2.0
72443,640,5.0
72447,481,4.0
72448,841,5.0
72452,640,5.0
72453,640,5.0
72454,369,3.0
72456,841,5.0
72457,841,5.0
72459,749,4.0
72461,748,5.0
72462,841,5.0
72463,824,4.0
72464,673,5.0
72465,737,4.0
72467,824,5.0
72468,640,5.0
72469,369,4.0
72479,640,4.0
72481,650,3.0
72482,841,5.0
72492,673,1.0
72493,1171,4.5
72496,640,4.0
72496,650,4.0
72496,748,5.0
72496,841,5.0
72497,369,4.0
72497,640,5.0
72500,947,5.0
72500,1166,3.6666666666666665
72501,841,5.0
72506,737,4.0
72506,841,4.0
72507,640,5.0
72509,640,5.0
72510,640,3.0
72510,650,3.0
72512,650,5.0
72519,640,2.0
72522,640,4.0
72523,673,3.0
72524,640,4.0
72525,841,5.0
72527,841,3.0
72529,824,5.0
72531,824,5.0
72532,749,4.0
72535,650,4.0
72538,650,4.0
72540,748,4.0
72543,673,5.0
72548,1133,5.0
72549,748,4.0
72550,841,5.0
72555,737,4.0
72556,673,3.0
72557,673,4.0
72559,640,4.5
72559,650,5.0
72560,841,5.0
72565,650,4.0
72566,1171,3.75
72568,673,5.0
72568,749,4.0
72569,640,4.5
72569,841,5.0
72570,841,5.0
72575,650,4.0
72576,640,4.0
72581,640,5.0
72586,748,4.0
72589,748,5.0
72597,640,4.0
72597,824,4.0
72598,640,5.0
72598,748,5.0
72599,650,5.0
72601,673,4.0
72602,640,5.0
72603,640,4.0
72611,640,4.0
72616,369,2.0
72617,640,5.0
72618,640,4.0
72618,1297,4.0
72619,1133,5.0
72620,737,3.0
72620,824,4.0
72621,369,3.0
72623,481,5.0
72625,640,5.0
72630,640,5.0
72630,748,4.0
72631,481,5.0
72632,640,3.0
72632,748,4.0
72634,369,4.0
72635,481,3.0
72635,640,4.0
72635,673,3.0
72635,737,4.0
72635,841,5.0
72637,640,4.0
72638,640,5.0
72639,640,5.0
72642,369,1.0
72646,937,2.0
72650,640,5.0
72650,748,5.0
72651,369,5.0
72652,640,3.0
72655,640,2.0
72660,640,5.0
72662,640,4.0
72663,841,5.0
72666,369,3.0
72669,640,5.0
72672,640,3.0
72672,748,3.0
72674,640,5.0
72676,673,4.0
72679,841,5.0
72688,640,5.0
72688,673,5.0
72688,737,5.0
72688,748,4.0
72688,824,5.0
72691,640,1.0
72691,841,5.0
72694,640,5.0
72697,640,5.0
72697,841,5.0
72697,888,5.0
72697,920,4.0
72698,640,5.0
72703,650,4.0
72703,737,3.0
72703,841,2.5
72704,640,4.0
72704,737,5.0
72704,748,5.0
72705,640,2.0
72707,650,4.0
72707,737,5.0
72707,748,4.0
72710,640,4.0
72712,640,4.0
72715,748,3.0
72719,841,5.0
72722,640,4.0
72722,737,5.0
72723,650,3.0
72723,748,3.0
72724,640,4.0
72724,748,4.0
72727,737,5.0
72727,824,5.0
72730,841,5.0
72731,1171,3.6666666666666665
72733,841,4.0
72734,737,3.0
72735,888,5.0
72735,1297,3.0
72738,841,5.0
72741,841,5.0
72742,640,5.0
72745,640,5.0
72746,369,3.0
72747,640,5.0
72750,481,3.0
72754,640,3.0
72754,841,5.0
72757,650,3.0
72758,824,5.0
72759,640,4.0
72759,737,4.0
72759,748,4.0
72765,640,4.0
72766,640,5.0
72774,1166,3.0
72775,640,5.0
72777,650,4.0
72780,640,3.0
72780,650,4.0
72783,640,3.0
72787,650,4.0
72789,640,2.0
72790,824,5.0
72791,369,3.0
72791,640,5.0
72792,369,5.0
72792,748,3.0
72793,640,5.0
72793,748,3.0
72799,640,5.0
72801,650,3.0
72802,640,4.0
72803,640,4.0
72803,748,5.0
72804,640,5.0
72804,841,5.0
72805,640,5.0
72807,673,5.0
72807,824,5.0
72811,650,2.0
72813,640,5.0
72813,749,2.0
72813,841,5.0
72816,640,5.0
72820,841,5.0
72821,640,2.0
72821,841,5.0
72824,1171,5.0
72830,640,5.0
72832,1171,5.0
72833,824,2.0
72844,640,5.0
72846,650,4.0
72848,748,5.0
72849,640,5.0
72849,737,5.0
72850,481,5.0
72851,1171,4.0
72852,748,4.0
72853,369,4.0
72855,1133,5.0
72856,640,5.0
72856,824,5.0
72863,673,5.0
72863,737,5.0
72867,640,5.0
72873,640,4.0
72876,673,2.0
72876,737,3.0
72881,1166,2.0
72882,640,4.0
72888,749,5.0
72891,1220,5.0
72892,841,1.0
72895,749,4.0
72896,841,2.0
72897,737,3.0
72898,640,5.0
72898,748,5.0
72903,640,4.0
72903,748,4.0
72907,1278,4.5
72909,640,5.0
72910,640,5.0
72911,369,4.0
72911,650,4.0
72912,841,5.0
72913,640,5.0
72916,749,3.0
72917,640,5.0
72917,748,5.0
72922,369,2.0
72922,640,4.0
72922,841,4.0
72923,640,4.0
72927,749,3.0
72932,673,4.0
72933,748,4.0
72933,749,5.0
72933,824,5.0
72934,824,5.0
72937,749,5.0
72940,841,5.0
72941,749,4.0
72942,737,4.0
72942,824,3.0
72943,640,4.0
72943,748,5.0
72946,650,5.0
72947,841,5.0
72951,737,5.0
72952,640,4.0
72953,640,5.0
72955,640,4.0
72958,650,4.0
72960,640,3.0
72960,748,5.0
72961,673,3.0
72961,824,5.0
72961,841,5.0
72962,824,4.0
72962,841,4.0
72964,640,4.0
72965,481,4.0
72969,1171,4.0
72974,841,4.0
72980,841,5.0
72983,673,3.0
72985,640,5.0
72986,748,1.0
72987,640,3.0
72991,640,4.0
72991,841,4.0
72996,841,5.0
73001,640,5.0
73001,841,5.0
73002,369,3.0
73002,748,5.0
73008,1137,5.0
73009,673,4.0
73010,841,4.0
73012,841,5.0
73019,1278,2.3333333333333335
73021,673,3.0
73022,737,5.0
73023,640,4.0
73023,748,5.0
73025,841,5.0
73028,1166,5.0
73030,1225,5.0
73035,748,3.0
73036,824,5.0
73044,640,5.0
73044,737,5.0
73044,748,5.0
73044,749,5.0
73050,640,4.0
73052,888,5.0
73053,369,3.0
73053,749,3.0
73053,824,5.0
73053,897,5.0
73055,737,4.0
73055,748,3.0
73055,824,4.0
73058,650,4.0
73059,640,5.0
73059,748,3.0
73060,748,5.0
73063,749,5.0
73064,481,5.0
73067,640,5.0
73071,481,3.0
73077,640,3.0
73077,737,4.0
73077,749,4.0
73082,824,5.0
73083,1297,4.0
73084,481,4.0
73086,673,4.0
73086,841,5.0
73089,841,5.0
73096,1225,4.0
73098,369,4.0
73099,748,4.0
73103,748,4.0
73104,481,4.0
73106,841,5.0
73107,640,5.0
73111,841,5.0
73112,841,4.0
73118,824,4.0
73120,640,4.0
73121,737,3.0
73121,841,5.0
73124,1220,5.0
73126,748,2.0
73128,673,2.0
73131,481,4.0
73132,369,4.0
73133,748,5.0
73134,737,4.0
73134,748,2.0
73135,640,5.0
73137,640,4.0
73137,748,5.0
73141,640,4.0
73151,841,1.0
73154,481,5.0
73156,640,5.0
73159,640,4.0
73159,748,5.0
73162,673,4.0
73163,369,3.0
73165,640,5.0
73170,640,5.0
73171,888,5.0
73172,640,5.0
73172,748,4.0
73172,749,4.0
73173,748,5.0
73174,650,3.0
73179,748,5.0
73183,640,5.0
73186,1171,3.0
73188,369,3.0
73189,928,4.0
73197,650,2.0
73197,1171,2.0
73200,737,3.0
73201,481,5.0
73201,640,4.0
73201,737,3.0
73203,640,5.0
73210,640,3.0
73212,640,5.0
73221,748,5.0
73222,640,4.0
73225,481,4.0
73232,640,4.0
73234,640,3.0
73235,481,1.0
73238,841,5.0
73244,640,5.0
73244,748,2.0
73245,640,5.0
73248,640,5.0
73250,481,4.0
73251,640,5.0
73254,1280,3.0
73255,673,4.0
73255,748,5.0
73258,841,4.0
73261,841,4.0
73269,1297,4.5
73270,640,5.0
73271,737,4.0
73272,748,4.0
73274,673,4.0
73275,640,4.0
73277,640,3.0
73277,748,4.0
73278,650,5.0
73278,673,5.0
73278,824,5.0
73279,1171,4.111111111111111
73280,749,2.0
73281,841,4.0
73282,748,4.0
73284,640,5.0
73287,841,4.0
73289,640,5.0
73290,1278,4.75
73291,737,2.0
73295,640,3.0
73307,481,5.0
73308,640,5.0
73309,824,3.0
73310,673,4.0
73312,748,4.0
73312,1220,5.0
73313,888,4.0
73316,640,4.0
73316,748,4.0
73316,841,5.0
73317,824,5.0
73319,1171,4.0
73323,640,4.0
73324,737,4.0
73326,369,4.0
73327,749,3.0
73330,640,3.0
73330,748,4.0
73333,824,4.0
73334,640,5.0
73335,640,5.0
73335,841,4.0
73336,841,5.0
73337,640,4.0
73341,640,4.0
73342,640,4.0
73342,824,4.0
73346,841,5.0
73348,481,5.0
73349,841,5.0
73351,640,4.0
73361,481,5.0
73365,1171,3.0
73366,737,4.0
73366,824,4.0
73367,824,5.0
73371,737,3.0
73372,640,4.0
73373,1171,4.0
73374,737,5.0
73378,369,4.0
73379,640,5.0
73381,824,3.0
73381,841,5.0
73382,673,3.0
73382,748,4.0
73383,369,1.0
73384,841,3.0
73385,673,4.0
73386,749,4.0
73393,748,2.0
73397,1171,3.0
73398,737,4.0
73400,748,3.0
73401,1225,2.0
73402,1166,5.0
73405,1171,5.0
73407,369,3.0
73407,824,5.0
73409,824,4.0
73410,841,5.0
73412,673,3.0
73413,737,4.0
73417,640,4.0
73417,749,4.0
73419,369,4.0
73419,737,5.0
73420,673,4.0
73421,640,4.0
73423,841,5.0
73424,640,5.0
73432,640,5.0
73438,369,5.0
73438,841,5.0
73445,640,5.0
73448,737,4.0
73452,640,4.0
73456,640,5.0
73458,1238,5.0
73460,737,5.0
73464,640,5.0
73467,673,2.0
73468,640,4.0
73472,824,5.0
73474,737,5.0
73477,640,4.0
73478,841,5.0
73479,748,4.0
73480,748,4.0
73481,650,4.0
73485,369,2.0
73486,640,5.0
73490,640,4.0
73491,640,5.0
73496,481,5.0
73500,841,4.0
73504,369,4.0
73504,841,5.0
73504,888,5.0
73505,748,4.0
73506,650,5.0
73509,640,4.0
73509,748,5.0
73509,749,5.0
73510,841,4.0
73511,841,5.0
73515,640,5.0
73515,748,4.0
73516,737,5.0
73522,481,4.0
73524,749,2.0
73526,737,3.0
73530,640,5.0
73531,824,4.0
73533,640,5.0
73535,369,3.0
73536,737,4.0
73536,748,3.0
73536,824,5.0
73537,673,5.0
73544,748,3.0
73547,737,5.0
73547,824,4.0
73548,640,5.0
73549,749,4.0
73549,841,5.0
73551,640,4.0
73554,824,4.0
73555,749,2.0
73557,640,4.0
73557,749,4.0
73558,481,5.0
73560,737,5.0
73560,748,5.0
73563,640,3.6666666666666665
73563,824,3.0
73563,841,5.0
73564,369,1.0
73565,841,5.0
73567,749,5.0
73568,640,3.0
73568,748,4.0
73573,841,5.0
73575,737,4.0
73576,369,1.0
73576,650,3.0
73576,737,5.0
73576,841,4.0
73578,640,3.0
73579,673,3.0
73580,640,5.0
73581,841,5.0
73584,640,5.0
73584,748,4.0
73586,481,4.0
73589,937,4.0
73589,1278,4.333333333333333
73591,640,4.0
73595,673,3.0
73596,841,5.0
73602,369,2.0
73604,841,4.0
73605,1171,5.0
73608,1297,3.0
73610,824,5.0
73611,369,5.0
73615,737,4.0
73618,1278,5.0
73622,481,4.0
73626,1166,4.5
73632,1297,4.0
73633,1171,4.0
73637,737,5.0
73640,640,4.0
73644,673,4.0
73646,640,4.0
73646,841,5.0
73648,841,5.0
73650,841,5.0
73652,888,5.0
73653,673,2.0
73653,824,4.0
73655,1171,4.0
73657,369,4.0
73658,640,4.0
73661,640,4.0
73664,841,5.0
73667,841,5.0
73670,369,5.0
73671,640,4.0
73671,824,5.0
73672,640,5.0
73674,841,5.0
73676,1220,4.0
73677,824,4.0
73679,841,5.0
73681,640,5.0
73681,841,2.0
73682,481,5.0
73683,841,5.0
73684,481,5.0
73684,640,4.333333333333333
73684,650,5.0
73684,673,5.0
73684,749,4.0
73684,824,5.0
73685,640,4.0
73686,640,1.0
73686,749,3.0
73687,673,5.0
73691,640,5.0
73692,640,4.0
73696,640,4.0
73697,640,5.0
73697,824,4.5
73698,640,4.0
73698,650,2.0
73698,748,5.0
73698,749,4.0
73699,749,5.0
73700,824,5.0
73701,640,4.0
73702,640,5.0
73709,673,4.0
73711,737,4.0
73713,748,3.5
73713,841,4.333333333333333
73714,640,5.0
73715,640,5.0
73715,673,4.0
73715,748,5.0
73715,841,5.0
73716,1137,4.5
73720,481,4.0
73720,841,5.0
73724,640,4.0
73724,748,4.0
73725,369,5.0
73726,369,3.0
73726,737,4.0
73728,369,3.0
73731,841,5.0
73732,640,4.0
73732,841,4.0
73733,640,5.0
73733,748,4.0
73740,841,5.0
73746,481,5.0
73747,824,4.0
73751,737,3.0
73751,749,5.0
73751,824,5.0
73752,369,4.0
73752,737,4.0
73752,824,3.0
73752,888,5.0
73752,975,5.0
73752,1171,4.25
73753,673,3.0
73754,749,4.0
73759,1171,4.0
73760,369,1.0
73760,737,4.0
73761,640,5.0
73764,737,4.0
73771,841,5.0
73772,640,5.0
73773,481,3.5
73773,841,4.5
73775,737,5.0
73776,650,4.0
73776,673,4.0
73776,841,5.0
73779,1225,4.0
73783,640,4.0
73783,650,5.0
73786,640,4.0
73786,673,4.0
73786,737,4.0
73788,748,3.0
73788,841,5.0
73790,1137,1.0
73793,824,5.0
73796,640,4.0
73796,749,3.0
73797,748,5.0
73799,640,4.0
73801,640,4.0
73804,640,5.0
73808,640,5.0
73815,748,5.0
73816,640,4.0
73816,841,5.0
73819,824,4.0
73821,737,5.0
73824,650,5.0
73826,1171,4.333333333333333
73828,640,4.0
73833,481,2.0
73833,841,4.0
73835,650,3.0
73837,369,4.0
73839,650,5.0
73839,737,5.0
73841,640,4.0
73845,841,5.0
73847,1171,4.0
73848,748,4.0
73849,748,5.0
73852,640,5.0
73857,640,5.0
73861,748,3.0
73862,640,5.0
73866,640,5.0
73869,824,3.0
73871,824,5.0
73877,369,3.0
73879,824,5.0
73880,749,4.0
73881,640,5.0
73881,748,4.0
73885,369,4.0
73885,673,4.0
73885,749,3.0
73886,640,3.0
73888,369,1.0
73890,673,2.0
73891,841,5.0
73892,841,5.0
73894,640,5.0
73896,640,5.0
73896,748,5.0
73897,1171,5.0
73898,841,5.0
73901,369,3.0
73905,1171,5.0
73907,1278,4.333333333333333
73909,640,5.0
73910,640,5.0
73910,824,5.0
73912,824,2.0
73913,841,5.0
73917,824,5.0
73917,1278,4.333333333333333
73925,737,3.0
73931,640,5.0
73934,640,5.0
73938,1280,5.0
73939,673,2.0
73942,841,5.0
73943,640,4.0
73944,841,5.0
73945,640,3.0
73945,841,5.0
73948,673,3.0
73949,369,5.0
73951,640,4.0
73954,824,2.0
73956,640,4.0
73957,640,4.0
73957,749,5.0
73957,824,3.0
73958,640,4.0
73960,369,1.0
73960,1280,5.0
73961,640,4.0
73963,640,4.0
73965,640,5.0
73965,748,5.0
73967,841,5.0
73968,673,2.0
73970,640,4.0
73970,748,5.0
73973,650,4.0
73973,841,5.0
73978,640,4.0
73979,737,5.0
73979,749,4.0
73979,824,5.0
73980,481,5.0
73983,640,5.0
73983,748,4.0
73985,650,5.0
73987,481,5.0
73989,841,5.0
73995,841,3.0
73999,1137,5.0
74001,737,4.0
74002,369,4.0
74002,841,5.0
74003,1278,5.0
74008,841,5.0
74010,640,4.0
74011,1171,4.0
74017,640,4.0
74017,650,5.0
74018,640,3.0
74019,748,3.0
74024,650,4.0
74027,824,4.0
74029,650,4.0
74031,640,5.0
74032,640,5.0
74034,481,4.0
74036,1171,3.5
74042,841,5.0
74043,841,5.0
74044,748,4.0
74044,749,4.0
74044,841,5.0
74046,650,4.0
74047,640,5.0
74047,749,5.0
74048,841,5.0
74049,748,5.0
74050,841,4.0
74052,737,4.0
74054,888,4.0
74059,369,3.0
74059,737,4.0
74059,748,4.0
74061,1278,4.5
74062,1238,5.0
74064,369,4.0
74065,1166,4.25
74069,841,5.0
74071,650,5.0
74073,369,5.0
74073,841,5.0
74078,748,4.0
74080,640,4.0
74084,824,5.0
74085,824,5.0
74091,481,5.0
74096,650,5.0
74100,824,4.0
74102,749,3.0
74102,841,5.0
74104,737,4.0
74109,369,3.0
74114,737,3.0
74116,640,3.0
74117,640,5.0
74120,640,5.0
74125,369,4.0
74126,673,5.0
74127,737,5.0
74128,841,5.0
74130,640,5.0
74138,1166,4.0
74140,748,3.0
74141,841,5.0
74142,824,4.0
74145,841,5.0
74148,841,5.0
74149,1171,5.0
74150,640,5.0
74153,640,3.0
74155,650,4.0
74157,640,3.0
74159,737,4.0
74159,749,4.0
74160,1133,5.0
74161,841,4.0
74164,1171,4.0
74166,640,4.0
74166,737,5.0
74168,737,3.0
74170,640,4.0
74170,749,5.0
74171,749,5.0
74172,640,4.0
74172,748,3.0
74172,824,5.0
74174,640,5.0
74176,481,4.0
74176,650,3.0
74176,748,4.0
74178,650,3.0
74185,1137,3.0
74188,1166,5.0
74193,481,4.0
74193,640,4.0
74199,749,4.0
74201,748,5.0
74202,824,4.0
74203,841,5.0
74208,369,4.0
74208,673,4.0
74210,640,4.0
74211,748,4.0
74213,673,3.0
74213,748,5.0
74215,640,4.0
74215,841,4.0
74216,1171,5.0
74217,673,5.0
74217,841,5.0
74219,748,2.0
74219,841,5.0
74221,640,5.0
74221,824,4.0
74228,640,4.0
74228,748,4.0
74231,749,3.0
74238,1166,2.0
74240,824,5.0
74245,1171,3.0
74250,481,5.0
74252,640,3.0
74252,748,5.0
74253,824,4.0
74254,673,5.0
74258,640,5.0
74259,640,5.0
74263,1171,5.0
74264,841,4.0
74266,640,5.0
74267,640,4.0
74267,824,4.0
74270,481,4.0
74271,640,3.0
74272,841,5.0
74275,841,5.0
74276,640,4.0
74281,841,5.0
74282,737,5.0
74282,824,5.0
74282,841,5.0
74283,841,5.0
74287,640,5.0
74287,748,5.0
74290,640,2.0
74290,650,4.0
74292,369,5.0
74293,824,3.0
74294,749,5.0
74295,737,5.0
74295,749,3.0
74303,748,5.0
74307,640,5.0
74311,650,3.0
74311,824,5.0
74311,1171,4.0
74312,749,3.0
74313,749,4.0
74315,841,5.0
74316,748,5.0
74317,640,5.0
74317,748,3.0
74319,640,5.0
74319,748,5.0
74324,748,5.0
74328,369,3.0
74330,824,3.0
74330,841,4.0
74331,737,5.0
74332,737,5.0
74340,737,5.0
74340,824,4.0
74342,640,4.0
74343,640,3.0
74344,481,4.0
74344,749,3.0
74347,640,3.0
74349,673,5.0
74349,748,4.0
74351,481,5.0
74351,737,5.0
74351,824,5.0
74352,640,4.0
74352,650,4.0
74353,1220,5.0
74354,640,3.0
74354,748,4.0
74355,640,3.0
74355,650,4.0
74355,748,5.0
74356,650,5.0
74358,737,5.0
74359,650,4.0
74360,737,2.0
74362,481,5.0
74362,640,3.0
74362,737,4.0
74364,824,4.0
74365,824,3.0
74365,841,4.0
74366,841,5.0
74369,650,2.0
74370,650,5.0
74373,640,5.0
74376,369,4.0
74376,737,5.0
74377,1166,5.0
74380,824,5.0
74382,640,4.0
74382,650,4.0
74386,737,4.0
74386,824,4.0
74387,1171,5.0
74389,369,5.0
74392,640,3.0
74392,748,4.0
74393,481,4.0
74394,1238,4.0
74395,1171,4.0
74397,841,5.0
74402,737,5.0
74402,824,5.0
74403,748,5.0
74406,640,4.0
74409,748,5.0
74410,369,5.0
74410,841,5.0
74412,481,5.0
74413,650,2.0
74414,824,5.0
74415,824,5.0
74417,841,5.0
74418,824,3.0
74422,640,3.0
74422,737,4.0
74422,748,5.0
74422,749,4.0
74425,640,4.0
74426,824,5.0
74426,841,4.0
74428,640,3.0
74429,369,4.0
74429,737,5.0
74429,748,3.0
74429,1166,4.333333333333333
74432,748,5.0
74433,481,5.0
74435,650,3.0
74439,949,4.0
74442,1171,4.0
74443,1278,5.0
74445,737,4.0
74446,1297,3.5
74447,673,4.0
74450,1133,5.0
74452,1171,5.0
74457,1278,4.0
74458,824,3.0
74460,824,5.0
74461,888,5.0
74467,481,5.0
74468,650,3.0
74471,841,4.0
74472,673,3.0
74474,481,5.0
74477,673,3.0
74487,824,5.0
74488,369,4.0
74490,748,1.0
74490,749,4.0
74492,640,1.0
74493,640,5.0
74494,640,5.0
74495,640,4.0
74496,824,5.0
74498,369,2.0
74498,640,2.0
74499,650,3.0
74500,640,5.0
74503,650,4.0
74503,824,5.0
74505,481,4.0
74506,824,3.0
74506,841,4.0
74509,1280,5.0
74511,640,4.0
74515,640,5.0
74515,748,3.0
74516,748,5.0
74520,1133,3.0
74521,737,5.0
74526,640,4.0
74532,748,2.0
74544,640,5.0
74545,369,5.0
74545,737,5.0
74547,481,4.0
74547,640,4.0
74547,824,5.0
74547,1171,4.0
74549,1238,4.666666666666667
74551,369,5.0
74554,650,3.0
74555,640,5.0
74556,650,3.0
74559,640,4.0
74561,841,5.0
74570,640,5.0
74573,1278,5.0
74579,640,5.0
74588,481,5.0
74589,481,3.0
74593,369,1.0
74595,640,5.0
74603,640,4.0
74605,1225,4.0
74608,640,4.0
74609,640,5.0
74611,640,5.0
74612,1137,3.6666666666666665
74613,888,5.0
74619,824,4.0
74620,824,4.0
74622,841,5.0
74624,1297,4.0
74628,640,3.0
74634,650,3.5
74636,481,3.0
74637,841,4.0
74646,748,3.0
74648,369,5.0
74648,737,5.0
74648,824,1.0
74649,640,4.0
74655,737,4.0
74656,749,2.0
74658,748,3.0
74659,640,4.0
74660,841,5.0
74662,841,5.0
74666,640,4.0
74666,748,3.0
74667,841,5.0
74671,640,5.0
74671,748,3.0
74672,673,5.0
74672,748,5.0
74673,841,5.0
74677,369,3.0
74678,841,5.0
74683,748,4.0
74683,749,5.0
74685,640,4.0
74685,650,5.0
74686,369,2.0
74686,640,4.5
74686,737,2.0
74686,748,4.0
74686,841,5.0
74687,748,4.0
74691,650,4.0
74698,640,4.0
74698,650,5.0
74699,673,5.0
74699,737,4.0
74701,640,5.0
74701,737,5.0
74702,737,5.0
74702,748,4.0
74705,640,4.0
74710,824,3.0
74713,1171,3.0
74714,640,4.0
74714,841,5.0
74717,640,3.0
74724,841,5.0
74725,640,3.0
74725,748,5.0
74726,737,3.0
74726,841,4.0
74734,640,1.0
74734,673,4.0
74735,640,4.0
74736,841,4.0
74740,640,5.0
74746,640,4.0
74746,748,4.0
74746,749,4.0
74748,481,3.0
74748,748,5.0
74749,749,4.0
74755,1278,4.0
74756,841,5.0
74757,640,5.0
74759,748,5.0
74760,749,5.0
74761,1171,5.0
74763,640,4.0
74763,737,3.0
74763,824,4.0
74765,841,4.0
74769,1220,5.0
74771,737,5.0
74772,748,4.0
74777,888,5.0
74777,1137,3.0
74782,640,4.0
74783,1225,3.5
74786,737,5.0
74786,824,5.0
74786,1171,4.75
74787,369,5.0
74792,650,5.0
74794,640,4.0
74795,1278,4.75
74798,640,4.0
74799,748,3.0
74800,640,3.0
74800,748,5.0
74801,737,4.0
74803,737,5.0
74803,824,5.0
74804,640,3.0
74804,737,5.0
74806,369,5.0
74809,1225,5.0
74810,1278,5.0
74819,650,4.0
74822,1137,4.333333333333333
74825,737,4.0
74826,369,4.0
74826,748,4.0
74826,824,4.0
74827,1220,5.0
74828,1171,3.25
74832,640,4.0
74832,841,5.0
74840,650,5.0
74842,640,4.0
74843,1280,5.0
74845,748,4.0
74846,673,4.0
74852,1220,3.5
74853,824,5.0
74855,481,3.0
74856,841,4.0
74857,841,3.0
74864,673,2.0
74864,748,5.0
74865,640,5.0
74868,640,3.0
74868,673,4.0
74868,737,4.0
74870,640,3.0
74871,640,4.0
74875,640,3.0
74875,748,4.0
74878,673,5.0
74884,369,2.0
74886,749,2.0
74887,1220,4.0
74888,640,4.0
74891,841,5.0
74893,481,3.0
74894,673,4.0
74894,748,4.0
74896,640,5.0
74896,748,3.0
74896,824,4.0
74897,1278,4.0
74898,1171,4.0
74901,1280,3.6666666666666665
74902,640,2.0
74903,749,2.0
74906,640,5.0
74908,481,5.0
74912,737,4.0
74913,748,2.0
74915,481,5.0
74919,481,3.0
74922,673,4.0
74928,737,4.0
74929,749,2.0
74930,640,5.0
74930,673,5.0
74930,841,5.0
74932,481,4.0
74934,841,3.0
74938,650,2.0
74938,841,4.0
74939,650,5.0
74941,640,3.0
74951,369,1.0
74952,650,3.0
74953,481,5.0
74955,369,4.0
74956,640,5.0
74958,841,5.0
74959,888,4.0
74963,1171,4.25
74964,841,4.0
74972,737,4.0
74977,824,5.0
74978,640,4.0
74978,737,3.0
74979,369,5.0
74983,1171,4.0
74986,640,5.0
74990,824,5.0
74992,640,5.0
74995,1171,4.0
75001,841,5.0
75009,640,5.0
75010,650,4.0
75011,650,5.0
75012,650,1.0
75014,1171,4.0
75015,841,4.0
75019,824,5.0
75021,640,5.0
75022,1297,4.0
75023,748,5.0
75028,1220,3.25
75029,673,1.0
75031,650,3.0
75034,824,4.0
75040,650,5.0
75041,650,3.0
75041,748,2.0
75045,640,3.0
75048,650,4.0
75049,640,3.5
75049,748,5.0
75051,737,4.0
75051,748,5.0
75051,749,4.0
75051,824,5.0
75059,640,5.0
75064,673,3.0
75065,640,4.0
75066,640,4.0
75066,748,3.0
75067,640,4.0
75069,481,5.0
75071,673,2.0
75071,748,4.0
75072,640,5.0
75072,673,4.0
75072,737,5.0
75074,824,4.0
75075,640,5.0
75077,369,4.0
75079,748,5.0
75083,824,4.0
75083,841,4.0
75084,737,4.0
75084,824,5.0
75084,928,5.0
75085,640,3.0
75092,748,4.0
75092,1297,3.0
75094,737,3.0
75096,673,5.0
75098,841,5.0
75105,640,5.0
75105,673,3.0
75105,748,3.0
75107,640,5.0
75111,841,5.0
75112,673,5.0
75114,650,4.0
75117,650,5.0
75118,640,5.0
75120,841,5.0
75125,640,4.0
75135,369,5.0
75136,841,5.0
75138,640,4.0
75139,640,4.0
75140,369,2.0
75142,841,5.0
75147,737,3.0
75150,650,3.0
75150,824,5.0
75151,640,3.0
75153,640,4.0
75156,841,5.0
75157,748,4.0
75160,937,4.0
75161,673,4.0
75164,841,5.0
75169,640,5.0
75169,748,5.0
75169,841,5.0
75170,481,4.0
75170,640,4.0
75170,673,5.0
75170,737,5.0
75170,748,5.0
75170,824,5.0
75173,748,3.0
75175,673,5.0
75175,748,4.0
75177,640,5.0
75177,748,5.0
75178,841,4.0
75179,748,2.0
75183,640,5.0
75189,369,4.0
75195,481,5.0
75196,640,3.0
75196,749,2.0
75196,824,5.0
75197,481,4.0
75198,673,5.0
75201,1171,4.333333333333333
75202,841,4.0
75204,673,4.0
75205,650,5.0
75208,824,4.0
75209,369,4.0
75212,841,5.0
75213,737,5.0
75213,824,5.0
75214,841,5.0
75216,640,4.0
75216,749,2.0
75223,640,5.0
75224,1297,4.0
75226,1133,5.0
75229,737,5.0
75229,824,3.0
75231,737,5.0
75233,748,5.0
75236,841,4.0
75239,1171,4.0
75240,841,5.0
75241,673,4.0
75245,640,4.0
75246,673,4.0
75247,737,4.0
75247,824,5.0
75248,748,3.0
75248,749,3.0
75251,640,4.0
75259,673,4.0
75260,640,5.0
75267,481,5.0
75270,640,4.833333333333333
75270,737,4.0
75270,748,4.5
75270,749,4.5
75270,841,5.0
75271,1280,5.0
75272,640,5.0
75272,748,4.0
75274,640,4.0
75276,841,4.0
75277,824,4.0
75280,737,5.0
75282,640,4.0
75283,748,4.0
75284,640,4.0
75284,650,4.0
75284,673,2.0
75284,748,5.0
75284,841,4.0
75285,824,4.0
75291,737,4.0
75291,748,3.0
75293,673,5.0
75293,1238,5.0
75294,481,5.0
75300,640,4.0
75300,673,2.0
75301,650,5.0
75304,888,5.0
75306,841,5.0
75307,640,4.0
75308,841,5.0
75309,737,4.0
75309,748,3.0
75311,640,5.0
75312,824,4.0
75315,369,3.0
75316,673,3.0
75321,481,5.0
75321,640,5.0
75321,673,5.0
75323,640,5.0
75326,650,5.0
75328,673,5.0
75332,737,5.0
75338,841,5.0
75343,748,3.0
75343,1280,4.0
75346,640,4.0
75347,640,3.0
75350,640,5.0
75350,749,5.0
75352,748,5.0
75357,841,5.0
75358,640,5.0
75361,748,3.0
75362,841,5.0
75367,640,5.0
75367,841,5.0
75368,841,5.0
75371,841,5.0
75381,650,4.0
75381,737,5.0
75381,824,4.0
75383,841,5.0
75386,748,3.0
75388,749,5.0
75390,650,4.0
75394,673,4.0
75395,737,5.0
75396,737,5.0
75398,841,5.0
75402,841,5.0
75403,748,5.0
75406,369,4.0
75408,640,3.0
75409,369,3.0
75409,673,3.0
75410,1297,3.0
75411,640,5.0
75412,481,5.0
75412,673,4.0
75414,841,5.0
75417,640,5.0
75420,673,5.0
75420,737,5.0
75421,841,5.0
75424,650,4.0
75426,640,4.0
75429,369,4.0
75431,640,4.0
75431,737,4.0
75436,748,5.0
75438,650,2.0
75440,640,5.0
75443,369,3.0
75446,640,3.0
75446,748,4.0
75448,737,5.0
75448,824,5.0
75449,640,4.0
75449,824,5.0
75450,737,5.0
75457,748,5.0
75458,640,3.0
75461,737,3.0
75463,824,5.0
75464,640,4.0
75464,650,2.0
75467,737,5.0
75467,824,4.0
75471,640,4.0
75473,1278,5.0
75474,640,4.0
75478,1238,4.25
75481,481,5.0
75483,640,3.0
75488,640,5.0
75489,737,4.0
75490,369,4.0
75492,1280,1.0
75493,640,4.0
75493,1220,4.0
75499,640,4.0
75502,640,5.0
75506,748,4.0
75511,640,3.0
75512,369,4.0
75513,1225,3.0
75515,640,4.0
75516,640,4.0
75528,640,5.0
75532,640,5.0
75532,748,5.0
75533,748,3.0
75536,737,2.0
75537,640,5.0
75537,748,5.0
75539,369,2.0
75539,640,5.0
75539,748,4.0
75540,737,5.0
75540,824,5.0
75541,841,5.0
75542,1166,3.0
75544,640,4.0
75546,748,5.0
75547,640,5.0
75551,748,4.0
75552,748,3.0
75553,640,5.0
75556,748,4.0
75558,1166,4.5
75561,369,5.0
75562,748,5.0
75563,1225,5.0
75570,748,4.0
75579,369,5.0
75583,737,5.0
75586,841,4.0
75587,640,5.0
75588,841,5.0
75589,640,3.0
75591,640,4.0
75598,824,5.0
75598,841,3.0
75599,737,4.0
75602,640,4.0
75612,749,3.0
75613,841,5.0
75614,737,4.0
75618,369,5.0
75618,650,3.0
75618,748,4.0
75619,640,3.0
75621,737,4.0
75622,640,5.0
75627,737,4.0
75628,737,5.0
75630,640,4.0
75630,748,5.0
75630,749,3.0
75634,841,5.0
75637,640,5.0
75637,737,5.0
75637,748,5.0
75646,640,3.0
75647,640,5.0
75648,748,4.0
75653,824,5.0
75654,481,4.0
75656,650,4.0
75657,650,3.0
75659,640,5.0
75660,369,2.0
75660,841,5.0
75661,824,5.0
75663,1171,4.0
75664,640,5.0
75668,640,5.0
75671,824,2.0
75672,748,3.0
75673,640,4.0
75675,640,4.0
75675,737,4.0
75675,748,4.0
75675,749,3.0
75675,824,4.0
75676,481,5.0
75682,369,2.0
75682,824,5.0
75683,481,5.0
75686,369,5.0
75686,640,5.0
75686,650,3.5
75688,640,4.5
75688,748,4.0
75688,749,5.0
75694,673,5.0
75699,369,2.0
75705,640,5.0
75706,640,3.0
75708,369,5.0
75708,640,1.0
75708,748,4.0
75708,749,5.0
75710,640,4.0
75710,673,4.0
75710,824,3.0
75710,1171,1.0
75712,640,4.0
75712,1297,2.0
75713,748,4.0
75715,824,5.0
75716,640,5.0
75716,737,5.0
75716,824,5.0
75717,824,3.0
75719,737,4.0
75720,748,4.0
75722,640,4.0
75722,748,4.0
75726,369,4.0
75727,737,5.0
75727,824,4.0
75728,824,5.0
75732,673,2.0
75732,841,4.5
75733,1225,5.0
75737,1238,4.0
75745,824,3.0
75746,640,4.0
75746,673,5.0
75747,824,5.0
75748,841,5.0
75751,673,5.0
75751,748,4.0
75754,841,5.0
75757,640,4.0
75758,673,2.0
75764,824,5.0
75765,748,5.0
75768,369,3.0
75773,737,1.0
75775,737,5.0
75779,841,4.0
75781,824,4.0
75783,841,5.0
75784,640,5.0
75785,749,3.0
75787,749,5.0
75793,481,4.0
75794,1171,5.0
75799,1171,3.5
75800,640,4.0
75800,748,4.0
75804,1171,4.666666666666667
75806,748,3.0
75808,481,5.0
75809,369,4.0
75809,737,4.0
75809,748,5.0
75809,749,5.0
75809,824,4.0
75809,841,4.0
75813,650,3.0
75815,748,4.0
75818,640,3.0
75820,1171,1.0
75821,640,3.0
75823,841,5.0
75824,841,5.0
75824,1133,5.0
75828,841,4.0
75829,640,3.0
75830,748,4.0
75841,640,5.0
75842,1171,5.0
75845,737,5.0
75850,841,4.0
75852,1238,5.0
75854,640,4.0
75857,640,4.0
75859,824,4.0
75860,737,4.0
75861,369,1.0
75866,640,5.0
75866,1171,2.0
75871,369,2.0
75874,1280,3.5
75883,640,5.0
75886,824,4.0
75889,824,5.0
75890,369,5.0
75890,640,5.0
75890,650,4.0
75892,841,5.0
75893,640,5.0
75896,369,5.0
75897,749,4.0
75898,650,4.0
75898,737,5.0
75904,650,4.0
75904,841,5.0
75905,640,5.0
75909,640,2.0
75909,748,5.0
75909,749,4.0
75910,749,5.0
75911,640,5.0
75913,640,5.0
75914,749,4.0
75916,1225,5.0
75922,640,5.0
75923,650,3.0
75926,824,4.0
75927,640,1.0
75927,824,4.0
75933,640,3.0
75934,748,4.0
75934,841,5.0
75935,737,5.0
75936,369,2.0
75941,749,3.0
75942,640,5.0
75944,650,5.0
75950,737,5.0
75953,737,5.0
75965,640,4.0
75969,640,5.0
75971,824,5.0
75972,824,5.0
75973,369,5.0
75974,824,4.0
75976,640,5.0
75981,824,5.0
75984,640,4.0
75985,369,4.0
75985,737,5.0
75985,824,5.0
75986,481,4.0
75986,1238,4.0
75987,640,5.0
75987,737,5.0
75989,1171,5.0
75993,481,3.0
75998,841,4.0
75999,640,5.0
76000,1171,3.0
76006,824,4.0
76008,650,3.0
76009,673,5.0
76012,640,5.0
76012,824,5.0
76015,748,5.0
76016,673,3.0
76017,369,1.0
76023,640,3.0
76023,748,4.0
76025,640,5.0
76026,673,5.0
76027,640,2.0
76029,748,1.0
76034,1297,3.0
76037,650,4.0
76038,841,5.0
76039,640,5.0
76041,640,2.0
76045,841,4.0
76046,824,4.0
76047,737,5.0
76049,369,4.0
76052,640,5.0
76053,737,4.0
76054,640,3.0
76059,640,4.0
76059,673,2.0
76063,841,5.0
76064,841,3.0
76065,640,5.0
76067,640,4.0
76067,748,5.0
76070,640,3.0
76070,748,3.0
76072,640,5.0
76075,650,5.0
76075,1220,3.25
76077,824,4.0
76078,640,4.0
76078,737,2.0
76079,640,4.0
76080,1171,4.0
76081,928,5.0
76083,481,4.0
76084,650,4.0
76086,369,4.0
76088,737,4.0
76088,824,4.0
76090,841,5.0
76095,640,3.0
76095,748,3.0
76095,749,2.5
76096,841,5.0
76097,640,3.0
76098,841,5.0
76099,650,4.0
76100,1166,4.0
76101,748,4.0
76102,640,5.0
76105,369,5.0
76106,640,5.0
76106,749,4.0
76106,841,5.0
76108,673,5.0
76108,824,5.0
76111,841,5.0
76112,369,1.0
76112,640,4.0
76112,748,3.0
76113,481,5.0
76113,673,5.0
76113,748,4.0
76113,749,4.0
76114,369,1.0
76117,481,5.0
76118,737,3.0
76118,824,3.0
76120,481,4.0
76122,1280,1.0
76126,640,3.0
76127,748,4.0
76129,650,2.0
76132,369,5.0
76132,737,5.0
76132,824,5.0
76133,640,3.0
76137,841,5.0
76138,824,5.0
76141,369,3.0
76141,749,5.0
76142,650,4.0
76144,481,4.0
76149,650,4.0
76151,748,3.0
76151,824,4.0
76152,640,4.0
76156,640,3.0
76159,841,4.0
76164,841,5.0
76165,640,5.0
76168,640,3.0
76169,640,4.0
76169,650,3.0
76171,640,5.0
76171,748,4.0
76174,841,4.0
76175,369,5.0
76179,640,4.0
76180,640,5.0
76180,748,4.0
76184,640,5.0
76185,841,5.0
76188,640,4.0
76190,650,3.0
76192,824,3.0
76197,640,5.0
76204,673,3.0
76208,748,5.0
76214,748,2.0
76216,1225,4.0
76217,640,4.0
76217,737,5.0
76217,824,2.0
76219,640,3.0
76223,369,4.0
76224,369,1.0
76224,640,5.0
76224,748,5.0
76224,841,4.0
76227,841,5.0
76232,1297,3.0
76240,369,4.0
76243,737,5.0
76243,748,5.0
76243,749,4.0
76243,824,5.0
76244,737,5.0
76246,841,4.0
76247,1171,5.0
76249,369,3.0
76251,1220,4.0
76252,369,3.0
76253,841,5.0
76255,640,5.0
76256,640,2.0
76257,737,5.0
76261,1278,3.0
76263,673,5.0
76265,640,5.0
76270,824,5.0
76275,937,4.0
76276,824,2.0
76277,824,4.0
76279,748,5.0
76279,749,5.0
76281,369,5.0
76281,841,5.0
76283,369,5.0
76288,1278,4.0
76289,1166,4.0
76290,640,5.0
76292,481,4.0
76293,481,5.0
76297,640,5.0
76298,673,5.0
76299,673,4.0
76300,748,5.0
76302,640,5.0
76306,650,3.0
76307,1220,5.0
76309,841,5.0
76312,640,3.0
76318,640,4.0
76319,824,3.0
76320,1166,3.0
76322,650,4.0
76322,748,5.0
76322,824,5.0
76323,640,5.0
76326,841,5.0
76327,841,4.0
76328,640,5.0
76329,841,5.0
76331,481,5.0
76332,640,4.0
76341,673,5.0
76346,748,4.0
76348,673,3.0
76350,748,5.0
76352,841,4.0
76354,841,5.0
76356,1137,5.0
76358,1137,4.0
76359,841,5.0
76363,1166,4.0
76365,824,5.0
76366,1280,4.0
76370,824,5.0
76373,824,5.0
76375,824,4.0
76377,369,3.0
76378,640,4.0
76380,640,2.0
76382,841,5.0
76383,640,3.0
76384,640,5.0
76385,841,5.0
76389,650,4.0
76389,737,3.0
76389,749,2.0
76390,748,5.0
76393,640,5.0
76393,841,4.0
76394,737,5.0
76399,640,5.0
76402,640,3.0
76403,640,4.0
76403,748,5.0
76404,748,3.0
76407,1238,3.6666666666666665
76408,824,4.0
76410,748,4.0
76411,640,5.0
76411,841,5.0
76412,650,3.0
76412,841,5.0
76415,640,5.0
76417,748,2.0
76418,824,3.0
76419,650,3.0
76431,737,1.0
76433,640,5.0
76438,369,2.0
76438,481,4.0
76442,673,2.0
76444,737,3.0
76444,824,4.0
76449,673,4.0
76450,824,5.0
76450,841,4.5
76451,737,3.0
76455,673,5.0
76456,737,5.0
76457,824,1.0
76460,650,5.0
76462,640,4.0
76465,640,5.0
76467,748,4.0
76467,749,5.0
76471,824,5.0
76472,640,4.0
76473,748,3.0
76477,673,5.0
76477,824,4.0
76478,673,3.0
76481,748,5.0
76482,640,4.0
76482,650,5.0
76487,737,5.0
76487,748,5.0
76491,640,4.0
76492,640,4.0
76498,650,4.0
76499,640,4.0
76500,369,4.0
76501,650,4.0
76502,640,3.0
76505,749,5.0
76508,650,4.0
76510,640,5.0
76511,369,3.0
76527,1171,4.5
76529,481,5.0
76532,640,3.0
76533,748,5.0
76534,369,3.0
76534,673,3.0
76535,841,4.0
76538,841,4.0
76539,841,5.0
76543,640,4.0
76546,640,4.0
76547,640,1.0
76548,824,5.0
76549,650,4.0
76550,640,4.0
76557,640,4.0
76564,1278,4.5
76565,749,4.0
76574,640,4.0
76574,824,4.0
76577,640,5.0
76577,673,5.0
76583,1278,5.0
76585,640,4.0
76585,737,4.0
76586,640,5.0
76588,650,3.0
76588,737,4.0
76589,640,4.0
76593,640,5.0
76593,1297,3.0
76597,737,3.0
76598,640,5.0
76601,737,4.0
76602,481,5.0
76603,673,3.0
76605,748,5.0
76607,1278,4.4
76608,640,4.0
76611,1171,5.0
76617,1297,2.0
76618,824,3.0
76626,640,4.0
76627,650,4.0
76629,481,4.0
76630,748,3.0
76630,824,4.0
76634,640,4.0
76646,650,3.0
76646,748,4.0
76646,749,4.0
76647,673,1.0
76650,640,4.0
76657,748,5.0
76658,640,5.0
76660,640,5.0
76662,1171,4.166666666666667
76665,748,3.0
76666,640,4.0
76672,650,4.0
76673,640,5.0
76673,737,5.0
76675,640,3.0
76675,748,5.0
76686,640,5.0
76686,737,3.0
76688,640,5.0
76688,748,3.0
76688,824,5.0
76691,640,4.0
76691,824,4.0
76695,748,3.0
76696,673,5.0
76697,640,3.0
76699,673,4.0
76700,369,3.0
76701,640,4.0
76701,841,5.0
76705,640,3.0
76706,841,4.0
76708,748,5.0
76710,640,4.0
76711,673,5.0
76715,640,3.5
76715,650,4.0
76715,748,3.5
76723,640,5.0
76725,369,4.0
76725,650,4.0
76725,748,5.0
76725,824,4.0
76725,841,4.0
76729,673,5.0
76732,640,3.0
76732,748,4.0
76734,640,3.0
76736,748,3.0
76736,841,4.0
76737,640,4.0
76737,748,4.0
76739,481,4.0
76744,640,5.0
76744,748,5.0
76746,369,2.0
76749,640,3.0
76750,640,4.0
76751,748,5.0
76751,841,4.0
76752,824,5.0
76754,1171,5.0
76762,748,5.0
76762,749,4.0
76765,640,5.0
76766,824,1.0
76770,650,4.0
76771,841,5.0
76772,640,4.0
76772,749,4.0
76773,841,5.0
76775,640,4.0
76777,650,3.0
76779,640,5.0
76783,640,4.0
76784,888,5.0
76788,640,4.0
76788,748,5.0
76788,749,3.0
76789,640,2.0
76791,673,4.0
76794,640,5.0
76795,369,3.0
76795,841,4.0
76796,650,5.0
76797,369,4.0
76800,841,5.0
76801,824,4.0
76803,481,5.0
76803,640,4.5
76803,824,4.0
76804,737,4.0
76806,841,5.0
76809,737,5.0
76810,650,5.0
76812,1220,2.0
76814,640,5.0
76815,841,4.0
76817,748,4.0
76819,640,4.0
76819,673,4.0
76819,737,4.0
76819,748,5.0
76819,824,5.0
76819,841,4.666666666666667
76824,748,4.0
76826,673,1.0
76827,841,4.0
76828,481,4.0
76831,824,5.0
76831,841,5.0
76832,369,4.0
76832,481,4.0
76832,640,5.0
76833,650,5.0
76833,749,5.0
76839,640,4.0
76839,650,5.0
76839,673,4.0
76840,481,5.0
76841,369,3.0
76841,841,4.0
76842,737,4.0
76843,841,4.0
76844,640,2.0
76844,748,5.0
76844,841,4.0
76847,640,4.0
76848,369,5.0
76848,481,4.0
76848,824,4.0
76849,749,5.0
76850,640,3.0
76853,640,5.0
76857,737,5.0
76859,640,5.0
76859,748,5.0
76859,749,4.0
76861,369,2.0
76861,824,4.0
76861,1166,3.0
76862,369,2.0
76862,748,4.0
76869,1297,3.0
76870,749,4.0
76872,481,5.0
76872,748,5.0
76872,841,5.0
76875,640,4.0
76875,673,3.0
76880,640,5.0
76880,650,4.0
76880,748,4.0
76880,841,5.0
76883,640,4.0
76885,640,4.0
76888,1171,3.5
76890,640,5.0
76890,650,5.0
76890,673,4.0
76890,748,5.0
76890,841,4.0
76897,369,1.0
76900,640,4.0
76901,640,5.0
76902,640,4.0
76904,748,5.0
76905,640,5.0
76905,650,4.5
76905,737,4.0
76905,748,4.5
76907,369,4.0
76909,640,5.0
76909,824,5.0
76909,841,5.0
76910,481,5.0
76910,650,3.0
76911,824,4.0
76914,841,4.0
76915,841,5.0
76919,640,4.0
76921,673,5.0
76922,673,4.0
76925,481,3.0
76926,640,4.0
76926,841,4.0
76936,1166,4.0
76940,481,5.0
76940,824,3.0
76941,673,5.0
76942,640,5.0
76945,640,4.0
76945,841,5.0
76946,481,4.0
76946,640,3.0
76946,841,5.0
76947,481,2.0
76947,749,3.0
76953,1280,3.0
76954,748,3.0
76955,650,2.0
76955,737,3.0
76955,749,4.0
76956,650,2.0
76958,640,3.0
76961,640,5.0
76963,640,2.0
76963,737,3.0
76963,824,2.0
76963,841,5.0
76965,369,3.0
76965,640,4.0
76965,673,4.0
76965,737,4.0
76965,748,5.0
76965,841,5.0
76968,640,4.333333333333333
76968,737,4.0
76970,640,2.0
76975,1280,3.0
76977,369,4.0
76978,640,4.0
76979,1171,3.0
76980,673,3.0
76982,369,1.0
76982,841,5.0
76984,737,4.0
76985,640,4.0
76987,841,5.0
76988,748,3.0
76989,841,5.0
76994,369,5.0
76995,737,4.0
76998,481,4.0
76999,748,5.0
77001,481,5.0
77001,640,5.0
77001,748,5.0
77004,640,5.0
77004,673,4.0
77006,650,4.0
77009,640,4.0
77009,748,4.0
77009,749,4.0
77012,640,5.0
77012,748,5.0
77024,841,4.0
77025,737,5.0
77026,673,5.0
77031,640,4.0
77031,841,5.0
77032,369,5.0
77043,640,3.0
77044,640,5.0
77044,749,4.0
77045,640,4.0
77048,640,4.0
77049,841,5.0
77051,748,4.0
77051,841,5.0
77052,841,4.0
77057,640,5.0
77057,748,4.0
77058,841,4.0
77059,748,4.0
77060,640,5.0
77061,1166,3.0
77071,640,4.0
77071,748,4.0
77074,640,3.0
77075,640,5.0
77075,748,5.0
77075,749,3.0
77078,841,5.0
77080,481,5.0
77084,369,4.0
77084,824,5.0
77084,841,5.0
77088,737,2.0
77093,841,5.0
77094,640,4.0
77095,650,4.0
77096,748,5.0
77096,749,3.0
77097,640,3.0
77099,640,4.0
77099,748,5.0
77102,824,2.0
77102,841,5.0
77103,640,5.0
77104,1280,3.0
77105,640,5.0
77105,749,4.0
77112,841,5.0
77116,369,2.0
77116,640,4.0
77116,748,4.666666666666667
77116,841,5.0
77118,749,2.0
77121,748,4.0
77122,369,5.0
77122,640,5.0
77122,824,5.0
77122,841,4.0
77124,737,5.0
77125,481,5.0
77128,640,5.0
77129,841,5.0
77131,1225,3.0
77135,640,5.0
77137,640,5.0
77138,640,4.0
77143,640,4.0
77145,481,4.0
77145,640,5.0
77145,748,4.0
77147,640,5.0
77150,749,4.0
77151,748,4.0
77159,640,5.0
77160,748,4.0
77161,369,4.0
77165,1171,5.0
77166,640,5.0
77166,737,5.0
77166,824,5.0
77167,640,4.0
77167,737,4.0
77168,481,5.0
77168,673,4.0
77169,640,4.0
77172,640,4.0
77172,748,5.0
77173,481,5.0
77175,640,4.0
77175,673,4.0
77181,737,4.0
77181,824,4.0
77183,841,4.0
77186,1166,3.0
77190,737,5.0
77191,824,5.0
77194,841,4.0
77197,1166,4.0
77199,1171,4.0
77202,481,4.0
77207,737,5.0
77207,749,4.0
77208,737,5.0
77208,824,5.0
77210,737,4.0
77210,749,4.0
77211,1166,4.4
77213,748,5.0
77215,640,5.0
77215,737,5.0
77216,824,4.0
77216,1171,4.0
77217,650,3.0
77218,650,5.0
77218,824,5.0
77222,824,5.0
77222,841,5.0
77223,650,4.0
77224,369,4.0
77226,481,5.0
77228,824,3.0
77231,737,5.0
77232,841,4.0
77234,640,5.0
77234,748,3.0
77236,841,5.0
77237,673,4.0
77239,737,5.0
77241,1278,3.0
77243,640,4.0
77243,673,4.0
77245,1171,4.0
77246,640,5.0
77247,650,5.0
77247,737,5.0
77247,824,5.0
77248,1278,4.0
77254,841,4.0
77255,640,4.0
77255,748,4.0
77256,640,5.0
77256,749,3.0
77257,640,4.0
77257,650,5.0
77261,824,4.0
77262,1297,3.5
77264,481,4.0
77265,640,4.0
77265,748,4.0
77267,640,4.0
77269,640,4.0
77269,748,3.0
77271,841,5.0
77276,824,3.0
77277,824,4.0
77277,841,4.0
77278,640,5.0
77284,841,5.0
77285,1171,5.0
77286,640,5.0
77293,481,4.0
77295,824,5.0
77296,640,4.0
77297,640,5.0
77297,673,5.0
77297,748,5.0
77299,640,5.0
77300,737,4.0
77302,481,4.5
77302,640,4.0
77302,841,5.0
77303,640,5.0
77306,1297,4.333333333333333
77307,841,3.0
77311,841,5.0
77315,748,4.0
77316,673,4.0
77317,1297,3.0
77320,650,5.0
77326,841,5.0
77327,748,5.0
77328,640,5.0
77328,748,5.0
77328,749,3.0
77333,640,5.0
77340,369,4.0
77341,749,4.0
77341,947,4.0
77341,1166,3.0
77342,650,5.0
77347,1171,5.0
77348,748,4.0
77350,640,5.0
77350,748,4.0
77351,640,5.0
77351,748,5.0
77352,369,3.0
77352,748,4.0
77352,841,5.0
77353,369,5.0
77354,1280,5.0
77357,841,5.0
77358,640,4.0
77359,737,5.0
77359,748,4.0
77360,748,1.0
77367,640,4.0
77367,737,4.0
77369,737,5.0
77369,749,5.0
77369,824,5.0
77370,824,5.0
77371,841,4.0
77376,481,4.0
77377,369,5.0
77378,640,5.0
77378,748,5.0
77381,640,3.0
77383,640,5.0
77383,749,4.0
77383,1137,2.0
77385,640,5.0
77386,737,5.0
77389,369,2.0
77389,640,5.0
77389,673,5.0
77389,748,4.0
77389,824,5.0
77389,841,4.0
77390,673,4.0
77391,481,5.0
77393,1220,5.0
77394,640,1.0
77396,1166,3.0
77399,748,4.0
77400,673,4.0
77401,841,4.0
77402,877,5.0
77403,748,4.0
77404,824,4.0
77405,673,5.0
77410,640,5.0
77411,841,5.0
77413,748,5.0
77416,640,5.0
77419,841,5.0
77420,481,5.0
77421,369,2.0
77422,481,4.0
77423,481,5.0
77426,1166,4.333333333333333
77428,481,5.0
77431,640,5.0
77433,481,4.0
77440,640,5.0
77440,824,5.0
77446,673,4.0
77450,749,3.0
77450,824,5.0
77452,748,3.0
77458,640,5.0
77458,737,5.0
77459,369,2.0
77469,640,5.0
77471,737,4.0
77471,749,5.0
77477,640,3.0
77477,650,3.0
77477,841,5.0
77478,673,4.0
77478,749,3.0
77480,824,3.0
77481,673,4.0
77483,640,4.0
77484,481,5.0
77486,369,3.0
77491,640,5.0
77491,748,5.0
77492,737,4.0
77495,640,4.0
77495,748,5.0
77497,841,4.0
77500,737,5.0
77501,640,5.0
77502,640,5.0
77505,640,5.0
77505,748,5.0
77506,673,5.0
77507,1225,4.833333333333333
77508,841,5.0
77509,369,1.0
77511,640,2.0
77515,650,5.0
77516,640,5.0
77516,748,4.0
77518,481,4.0
77519,481,4.0
77520,640,4.0
77520,650,5.0
77520,748,4.0
77520,749,4.0
77521,650,4.0
77521,824,5.0
77524,748,5.0
77526,749,3.0
77527,640,3.0
77527,737,3.0
77529,640,4.0
77534,748,4.0
77536,650,4.0
77539,1171,4.666666666666667
77541,748,5.0
77542,737,5.0
77543,369,3.0
77543,481,4.0
77544,650,5.0
77545,640,5.0
77546,640,5.0
77550,1166,5.0
77554,737,4.0
77556,481,4.0
77558,737,3.0
77562,640,4.0
77568,841,5.0
77574,737,4.0
77577,748,5.0
77581,673,4.0
77583,824,5.0
77584,650,5.0
77585,640,3.0
77586,640,4.0
77588,640,5.0
77590,640,5.0
77593,749,3.0
77593,841,5.0
77594,481,5.0
77596,748,3.0
77599,369,3.0
77599,640,4.0
77600,369,3.0
77600,650,3.0
77600,748,5.0
77600,749,3.0
77601,749,3.0
77605,640,5.0
77606,369,4.0
77609,481,5.0
77609,640,5.0
77609,673,4.0
77612,369,2.0
77617,640,5.0
77621,650,5.0
77623,841,4.0
77624,481,4.0
77625,640,5.0
77625,824,5.0
77626,481,5.0
77634,748,5.0
77635,673,2.0
77639,640,4.25
77639,673,4.0
77639,748,4.5
77639,824,5.0
77645,673,5.0
77649,737,5.0
77650,640,4.0
77654,841,5.0
77655,481,4.5
77655,824,4.0
77655,841,3.5
77657,640,5.0
77659,640,5.0
77659,748,4.0
77660,640,4.0
77662,369,4.0
77662,640,5.0
77662,673,5.0
77662,748,4.5
77662,749,4.0
77662,824,5.0
77662,841,4.0
77663,640,4.0
77665,640,5.0
77667,640,5.0
77668,640,5.0
77669,749,4.0
77670,749,5.0
77673,1278,4.0
77674,640,4.0
77675,640,4.0
77676,640,4.0
77678,640,4.0
77679,749,3.0
77680,673,3.0
77687,1171,4.0
77689,748,5.0
77692,824,5.0
77694,1278,4.0
77696,650,2.0
77697,841,4.0
77698,640,4.0
77700,640,5.0
77700,748,3.0
77702,737,4.0
77703,1278,4.0
77709,1297,2.0
77710,824,3.0
77711,748,5.0
77714,640,3.0
77715,737,5.0
77716,481,4.0
77717,369,5.0
77717,481,5.0
77717,737,3.0
77717,824,4.0
77717,1297,2.3333333333333335
77719,1297,2.0
77720,481,4.0
77720,640,4.0
77720,748,5.0
77723,640,5.0
77727,673,5.0
77728,369,4.0
77733,737,5.0
77733,748,4.0
77733,824,3.0
77735,1166,3.6666666666666665
77736,737,4.0
77738,1171,5.0
77741,673,4.0
77749,749,5.0
77751,640,4.0
77751,748,4.0
77756,650,4.0
77760,369,4.0
77761,650,5.0
77766,737,4.0
77772,673,5.0
77773,640,4.0
77779,841,5.0
77780,841,5.0
77781,841,4.0
77784,841,5.0
77786,481,5.0
77787,369,4.0
77787,650,3.0
77787,737,5.0
77787,748,4.0
77787,1166,3.888888888888889
77793,673,5.0
77794,369,3.0
77799,888,5.0
77803,748,4.0
77803,824,4.0
77808,737,4.0
77809,748,4.0
77811,640,4.0
77812,640,4.0
77814,640,4.0
77814,748,3.0
77814,824,4.0
77818,1297,5.0
77819,841,4.0
77825,369,3.0
77828,640,5.0
77831,640,4.0
77832,1225,4.0
77834,1166,4.0
77838,748,4.0
77838,749,3.0
77840,640,5.0
77842,748,5.0
77843,824,3.0
77846,481,4.0
77846,640,4.0
77846,650,4.0
77846,748,4.0
77846,824,4.0
77846,841,5.0
77847,640,5.0
77848,1278,4.5
77849,640,3.0
77849,748,5.0
77850,481,4.0
77854,481,4.0
77856,737,4.0
77858,481,4.0
77867,737,3.0
77869,481,5.0
77873,640,4.0
77876,640,5.0
77876,650,5.0
77876,748,5.0
77886,481,5.0
77887,737,4.0
77888,841,5.0
77890,841,5.0
77891,640,4.0
77893,640,4.0
77894,640,5.0
77899,737,5.0
77902,369,5.0
77906,640,3.0
77907,640,5.0
77910,481,5.0
77910,640,5.0
77912,841,5.0
77913,673,5.0
77914,369,4.0
77918,749,3.0
77920,673,3.0
77921,640,4.0
77921,748,4.0
77923,640,1.0
77923,748,5.0
77929,481,3.0
77929,640,3.0
77929,748,4.0
77929,841,3.0
77930,748,5.0
77931,737,4.0
77932,1171,5.0
77934,841,5.0
77946,650,4.0
77947,640,3.0
77948,841,5.0
77951,737,5.0
77957,824,4.0
77959,640,4.0
77961,640,5.0
77965,650,3.0
77965,841,4.0
77966,888,4.0
77970,1166,5.0
77974,640,5.0
77978,673,2.0
77983,640,4.0
77984,640,3.0
77985,673,4.0
77989,737,5.0
77990,640,5.0
77990,824,4.0
77991,1166,1.0
77999,650,3.0
78003,481,5.0
78003,673,5.0
78004,640,4.0
78005,640,3.0
78007,481,4.0
78007,673,5.0
78008,650,5.0
78009,640,4.0
78009,748,5.0
78010,650,2.0
78011,841,5.0
78013,640,2.0
78015,640,5.0
78015,650,3.0
78018,824,3.0
78020,841,5.0
78022,640,4.0
78022,748,4.0
78026,640,5.0
78026,748,4.0
78026,749,4.0
78030,748,5.0
78030,749,4.0
78036,640,5.0
78040,640,5.0
78040,748,4.0
78042,737,5.0
78051,748,3.0
78053,640,3.0
78054,640,4.0
78054,737,5.0
78057,369,1.0
78057,650,5.0
78062,640,4.0
78066,824,5.0
78068,640,4.0
78070,650,5.0
78070,748,5.0
78071,369,3.0
78071,481,5.0
78071,640,4.0
78071,737,4.0
78071,748,3.0
78071,824,5.0
78072,1137,4.0
78077,841,5.0
78082,640,5.0
78082,650,4.0
78084,640,4.0
78085,481,5.0
78088,737,5.0
78091,841,5.0
78092,841,5.0
78094,369,4.0
78102,640,5.0
78102,824,5.0
78103,1278,5.0
78104,673,4.0
78104,749,4.0
78105,640,5.0
78106,640,4.0
78106,737,4.0
78110,841,5.0
78111,640,5.0
78114,481,4.0
78114,640,4.0
78118,673,4.0
78119,640,5.0
78119,748,4.0
78121,640,5.0
78122,748,5.0
78131,673,3.0
78135,841,2.0
78137,737,5.0
78137,748,4.0
78137,824,4.0
78139,737,2.0
78140,737,4.0
78142,824,5.0
78145,650,3.0
78146,650,4.0
78147,737,5.0
78147,748,5.0
78147,824,5.0
78148,369,2.0
78148,640,5.0
78148,737,3.0
78149,748,5.0
78150,369,5.0
78155,673,5.0
78160,650,4.0
78161,650,4.0
78163,673,4.0
78174,640,4.0
78174,1166,3.0
78177,640,4.0
78187,650,4.0
78187,748,4.0
78187,749,5.0
78187,824,4.0
78188,481,1.0
78189,748,5.0
78193,640,4.0
78193,650,5.0
78193,737,3.0
78194,1297,4.25
78196,673,5.0
78197,737,5.0
78198,640,5.0
78200,841,5.0
78201,481,3.0
78202,369,4.0
78204,369,2.0
78204,640,5.0
78204,1280,4.0
78210,1171,3.8333333333333335
78220,737,5.0
78221,1171,5.0
78222,481,5.0
78224,369,3.0
78224,481,5.0
78224,640,4.0
78224,650,4.0
78224,673,4.0
78224,737,5.0
78224,748,5.0
78225,673,3.0
78227,673,4.0
78231,888,4.0
78235,1220,5.0
78237,748,5.0
78239,1278,3.0
78241,369,1.0
78242,841,5.0
78243,824,5.0
78245,841,4.0
78248,841,4.0
78249,640,5.0
78254,673,1.0
78257,841,5.0
78259,841,5.0
78261,640,4.0
78262,673,1.0
78266,369,3.0
78266,841,4.0
78267,650,4.0
78273,737,5.0
78273,824,5.0
78274,841,3.0
78278,650,4.0
78278,824,5.0
78278,841,5.0
78279,1171,5.0
78280,369,2.0
78283,1220,4.6
78285,640,4.0
78286,1166,4.0
78287,748,4.0
78288,650,2.0
78289,1278,4.0
78301,640,5.0
78305,481,5.0
78305,640,3.0
78307,369,4.0
78318,673,4.0
78319,824,5.0
78321,640,5.0
78323,841,4.0
78324,673,5.0
78324,737,5.0
78324,824,5.0
78325,650,4.0
78327,640,4.0
78330,673,3.0
78338,1171,5.0
78343,737,5.0
78349,640,4.0
78350,369,3.0
78350,481,4.0
78350,640,4.0
78350,673,4.0
78354,1133,4.0
78359,1171,5.0
78362,650,4.0
78363,640,5.0
78363,737,2.0
78366,640,5.0
78367,640,4.0
78367,673,5.0
78367,748,5.0
78368,1297,4.0
78369,650,3.0
78371,640,4.0
78371,748,4.0
78373,737,4.0
78373,888,3.0
78377,640,5.0
78377,748,5.0
78384,737,4.0
78384,748,4.0
78384,824,5.0
78385,640,4.333333333333333
78385,650,4.5
78385,737,5.0
78385,748,4.0
78385,824,4.5
78385,841,5.0
78386,640,5.0
78386,650,4.0
78386,748,4.0
78387,841,5.0
78388,824,4.0
78393,640,4.0
78393,650,4.0
78393,673,5.0
78393,841,5.0
78394,650,4.0
78397,1278,5.0
78398,877,5.0
78399,640,3.0
78399,749,3.0
78402,481,2.0
78402,640,3.0
78403,673,3.0
78403,749,2.0
78405,841,5.0
78407,841,4.0
78411,640,5.0
78411,673,5.0
78414,1171,5.0
78416,481,5.0
78417,640,4.0
78418,640,4.5
78418,673,3.0
78418,748,5.0
78423,650,5.0
78424,481,4.0
78427,673,3.0
78429,737,3.0
78431,640,5.0
78431,749,5.0
78431,841,5.0
78435,650,4.0
78436,640,5.0
78440,640,4.0
78440,748,3.0
78441,640,5.0
78443,369,2.0
78448,824,4.0
78453,748,3.0
78455,481,5.0
78456,640,4.0
78456,737,3.0
78459,748,5.0
78461,481,1.0
78461,673,5.0
78462,640,5.0
78462,824,5.0
78462,1297,4.5
78463,673,5.0
78463,748,5.0
78463,824,5.0
78466,1225,4.333333333333333
78468,640,5.0
78468,748,5.0
78470,673,3.0
78471,650,5.0
78474,824,3.0
78475,640,5.0
78477,640,5.0
78477,749,4.0
78480,824,4.0
78481,369,4.0
78481,841,4.0
78485,481,5.0
78487,841,5.0
78490,640,4.0
78490,824,5.0
78490,841,4.0
78495,749,3.0
78496,673,5.0
78503,640,4.0
78503,824,5.0
78503,1171,4.625
78504,650,4.0
78504,824,4.0
78505,841,5.0
78506,481,3.0
78506,640,4.0
78506,748,5.0
78511,640,1.0
78512,824,5.0
78513,737,5.0
78516,824,4.0
78517,737,4.0
78517,1171,4.0
78519,650,1.0
78521,673,1.0
78522,748,4.0
78524,640,4.0
78525,737,5.0
78525,888,5.0
78525,897,5.0
78527,841,5.0
78532,640,2.0
78535,640,4.0
78535,650,4.0
78536,748,4.0
78538,841,5.0
78541,369,3.0
78542,749,5.0
78547,369,2.0
78548,748,5.0
78551,748,4.0
78554,640,5.0
78554,673,4.0
78554,748,5.0
78554,749,5.0
78554,824,5.0
78556,1278,5.0
78557,369,2.0
78559,737,4.0
78559,824,4.0
78559,1166,4.0
78560,640,5.0
78564,749,1.0
78579,640,4.0
78579,748,4.0
78579,749,3.0
78583,737,5.0
78584,481,4.0
78585,824,5.0
78588,369,3.0
78592,1171,3.0
78596,737,3.0
78596,748,5.0
78596,824,4.0
78597,841,5.0
78599,1280,4.0
78601,640,5.0
78601,748,5.0
78604,841,4.0
78610,640,5.0
78610,737,5.0
78610,824,5.0
78611,673,4.0
78614,640,5.0
78614,841,4.0
78619,640,4.0
78620,640,5.0
78620,650,5.0
78625,369,1.0
78625,640,2.0
78625,673,3.0
78625,748,2.0
78627,841,4.0
78628,749,4.0
78629,481,4.0
78630,640,1.0
78633,824,5.0
78636,369,3.0
78637,824,5.0
78640,748,4.5
78644,737,3.0
78644,824,5.0
78645,1278,5.0
78649,640,4.0
78649,748,3.0
78651,640,5.0
78653,640,5.0
78653,650,5.0
78653,749,4.0
78659,640,5.0
78664,640,5.0
78665,369,5.0
78669,369,4.0
78669,640,5.0
78669,748,4.0
78673,481,4.0
78673,841,4.0
78674,640,5.0
78674,737,3.0
78674,749,4.0
78675,640,4.0
78675,748,5.0
78677,748,4.0
78679,748,5.0
78684,841,4.0
78687,369,5.0
78689,841,5.0
78690,640,5.0
78693,640,5.0
78694,748,5.0
78694,824,5.0
78695,640,3.0
78697,481,5.0
78702,841,5.0
78706,369,5.0
78710,1278,4.666666666666667
78711,748,5.0
78715,640,5.0
78721,650,3.0
78725,673,4.0
78726,824,3.0
78726,841,5.0
78729,369,4.0
78731,673,3.0
78731,824,5.0
78732,640,5.0
78734,1297,3.0
78735,824,4.0
78738,824,5.0
78738,841,5.0
78740,640,4.0
78745,673,5.0
78746,920,3.0
78750,748,5.0
78750,749,4.0
78751,640,5.0
78751,737,5.0
78751,841,5.0
78752,841,4.0
78755,824,4.0
78756,1220,5.0
78757,650,3.0
78758,1280,5.0
78760,749,5.0
78761,673,4.0
78764,673,4.0
78764,737,3.0
78764,824,3.0
78766,748,5.0
78767,640,4.0
78770,748,5.0
78773,640,5.0
78774,748,3.0
78774,824,5.0
78777,369,3.0
78778,824,5.0
78781,369,5.0
78782,650,5.0
78784,841,5.0
78786,749,2.0
78794,640,4.0
78795,748,4.0
78799,841,5.0
78802,737,5.0
78804,920,5.0
78806,877,3.0
78809,841,5.0
78810,1278,5.0
78812,947,5.0
78816,737,5.0
78819,640,3.0
78819,748,3.0
78822,841,4.0
78825,749,4.0
78828,737,5.0
78828,749,4.0
78829,749,5.0
78832,1137,4.333333333333333
78834,841,5.0
78838,481,3.0
78839,640,5.0
78839,841,5.0
78841,640,5.0
78843,640,5.0
78844,841,4.0
78849,748,4.0
78849,841,5.0
78850,640,5.0
78850,673,2.0
78850,748,3.5
78850,824,4.0
78851,640,4.0
78851,673,3.0
78854,481,5.0
78854,749,3.0
78854,841,5.0
78855,640,5.0
78855,650,3.0
78859,737,4.0
78869,1238,5.0
78873,737,4.0
78878,824,5.0
78879,749,4.0
78880,841,5.0
78881,369,1.0
78881,841,5.0
78884,640,4.0
78886,640,5.0
78889,824,5.0
78894,650,4.0
78896,824,5.0
78898,640,5.0
78899,1297,5.0
78900,841,5.0
78908,841,5.0
78913,841,5.0
78915,640,5.0
78916,640,3.0
78918,824,4.0
78919,640,4.0
78922,920,5.0
78926,640,4.0
78926,748,5.0
78927,640,1.0
78928,824,4.0
78928,841,5.0
78930,640,4.0
78930,748,5.0
78931,369,5.0
78932,481,4.0
78934,640,4.0
78937,673,1.0
78940,640,5.0
78941,841,5.0
78944,640,3.0
78945,640,3.0
78945,650,4.0
78945,749,4.0
78946,841,5.0
78950,673,2.0
78950,1166,4.5
78954,673,1.0
78955,640,4.0
78955,841,5.0
78961,841,5.0
78962,824,4.0
78967,481,4.0
78968,650,5.0
78971,841,4.0
78972,841,5.0
78973,650,3.0
78975,650,5.0
78978,841,5.0
78979,737,3.0
78979,824,4.0
78980,841,5.0
78986,673,5.0
78989,748,5.0
78989,841,5.0
78990,841,4.0
78992,640,5.0
78995,824,5.0
78998,640,5.0
79001,841,4.0
79002,640,4.0
79004,640,5.0
79005,640,3.0
79007,369,4.0
79007,841,5.0
79008,640,4.0
79008,749,5.0
79009,369,3.0
79009,640,4.0
79009,748,4.0
79009,841,5.0
79011,841,4.0
79015,1297,3.0
79017,737,4.0
79017,748,5.0
79017,824,4.0
79019,841,4.0
79022,650,3.0
79024,369,3.0
79025,737,5.0
79025,824,4.0
79026,640,4.0
79026,749,4.0
79027,369,3.0
79031,650,5.0
79033,824,4.0
79041,369,1.0
79044,824,5.0
79047,650,5.0
79048,673,3.0
79049,841,5.0
79055,888,5.0
79056,673,4.0
79061,640,3.0
79063,841,3.0
79066,841,5.0
79067,640,5.0
79068,841,5.0
79069,640,5.0
79072,640,5.0
79073,640,5.0
79076,1238,5.0
79077,640,2.0
79080,369,5.0
79080,737,5.0
79080,841,4.0
79083,650,4.0
79083,749,3.0
79084,673,2.0
79085,1278,5.0
79086,673,4.0
79090,673,3.0
79091,640,4.0
79091,673,4.0
79093,841,5.0
79096,1297,4.0
79098,673,4.0
79100,640,4.0
79102,737,5.0
79103,640,5.0
79106,640,5.0
79110,748,4.0
79110,824,4.0
79113,841,5.0
79114,673,2.0
79118,748,5.0
79120,737,3.0
79121,640,3.0
79121,748,5.0
79122,640,5.0
79122,749,5.0
79123,748,5.0
79124,824,4.0
79129,640,5.0
79130,749,4.0
79130,824,3.0
79132,640,5.0
79132,673,5.0
79132,748,5.0
79135,841,3.0
79136,841,4.0
79138,748,5.0
79146,841,5.0
79147,481,5.0
79148,640,5.0
79152,1171,3.6666666666666665
79153,369,1.0
79153,841,5.0
79154,673,5.0
79154,748,5.0
79154,749,5.0
79155,650,4.0
79155,673,4.0
79158,737,4.0
79161,369,3.0
79163,673,3.0
79163,841,5.0
79167,481,5.0
79169,737,1.0
79170,1220,5.0
79174,640,5.0
79182,369,5.0
79183,824,3.0
79184,369,1.0
79184,640,5.0
79184,824,4.0
79185,481,1.0
79186,841,5.0
79190,640,5.0
79191,841,4.0
79194,673,4.0
79196,640,3.0
79199,369,5.0
79199,640,4.0
79199,841,5.0
79200,650,4.0
79200,748,4.0
79201,640,5.0
79202,640,3.0
79202,748,3.0
79202,749,3.0
79204,748,4.0
79205,640,5.0
79206,640,5.0
79207,640,5.0
79208,481,2.0
79210,824,5.0
79211,640,4.0
79212,650,4.0
79212,1137,3.0
79214,640,5.0
79217,481,4.0
79220,640,3.0
79222,748,3.0
79224,640,5.0
79225,481,5.0
79227,841,5.0
79228,841,5.0
79233,748,5.0
79237,650,5.0
79239,640,4.0
79240,640,5.0
79240,748,3.0
79241,841,4.0
79244,640,4.0
79244,748,3.0
79245,369,3.0
79247,841,4.0
79250,877,4.0
79250,913,4.0
79259,1220,5.0
79265,640,4.0
79266,640,5.0
79267,841,4.0
79270,748,3.0
79273,748,5.0
79277,749,2.0
79278,640,4.0
79283,640,5.0
79286,640,4.0
79287,748,3.0
79288,841,3.0
79289,1238,4.333333333333333
79291,841,5.0
79292,640,3.0
79292,748,5.0
79292,749,5.0
79293,673,4.0
79295,640,1.0
79298,650,3.0
79299,748,4.0
79307,841,5.0
79308,841,5.0
79310,481,3.0
79312,640,5.0
79313,640,5.0
79313,1220,5.0
79316,841,4.0
79325,1171,4.25
79326,640,3.0
79328,748,5.0
79329,748,5.0
79332,640,5.0
79332,841,4.0
79335,749,5.0
79338,369,2.0
79339,841,5.0
79340,737,3.0
79342,748,5.0
79342,841,4.0
79346,1297,3.0
79347,650,3.0
79350,650,4.0
79352,369,3.0
79353,650,3.0
79355,841,3.0
79357,841,5.0
79362,841,5.0
79363,640,5.0
79371,640,3.0
79371,748,3.0
79372,748,3.0
79375,888,5.0
79375,1166,5.0
79376,737,3.0
79380,673,3.0
79381,824,4.0
79385,481,4.0
79389,673,4.0
79389,824,4.0
79390,841,5.0
79393,748,5.0
79394,640,4.0
79394,749,4.0
79397,640,5.0
79398,841,5.0
79402,673,4.0
79403,640,4.0
79405,1278,4.75
79406,369,3.0
79410,640,4.0
79418,888,5.0
79418,1220,5.0
79420,640,4.0
79421,481,5.0
79421,737,5.0
79421,824,5.0
79425,369,4.0
79426,640,5.0
79426,748,3.0
79428,737,4.0
79430,824,5.0
79432,481,5.0
79435,640,3.0
79436,888,5.0
79438,737,4.0
79446,748,5.0
79447,888,4.0
79447,897,3.0
79449,640,5.0
79450,748,5.0
79452,640,5.0
79452,748,4.0
79453,749,5.0
79456,673,3.0
79458,640,5.0
79458,749,3.0
79465,748,5.0
79467,640,1.0
79468,1220,3.0
79472,1171,3.6666666666666665
79473,640,5.0
79473,841,5.0
79481,1171,4.333333333333333
79482,673,4.0
79483,824,4.0
79485,1166,3.6666666666666665
79488,369,3.0
79488,640,3.0
79490,640,5.0
79494,737,5.0
79494,824,5.0
79494,1225,5.0
79496,824,5.0
79497,640,4.0
79497,748,5.0
79502,673,4.0
79505,749,3.0
79510,640,5.0
79510,841,5.0
79517,640,4.0
79520,824,3.0
79520,841,4.333333333333333
79521,913,5.0
79522,369,4.0
79522,673,4.0
79523,748,3.0
79525,640,5.0
79525,748,4.0
79529,640,5.0
79529,650,5.0
79529,748,5.0
79531,640,5.0
79533,640,4.0
79535,640,4.0
79536,640,3.0
79537,481,4.0
79537,824,2.0
79538,369,2.0
79538,748,4.0
79540,369,5.0
79545,481,5.0
79545,841,5.0
79548,640,5.0
79549,650,1.0
79552,640,3.0
79553,737,5.0
79555,749,4.0
79556,640,5.0
79557,841,5.0
79559,640,4.0
79562,481,3.0
79562,841,5.0
79566,673,5.0
79568,369,3.0
79568,749,4.0
79569,640,4.0
79569,748,4.0
79569,749,4.0
79571,481,5.0
79571,640,4.0
79572,748,5.0
79577,640,4.0
79577,673,5.0
79577,748,5.0
79581,1166,4.2
79582,650,4.0
79583,748,4.0
79585,640,3.0
79585,749,3.0
79588,369,5.0
79589,841,5.0
79590,640,4.0
79590,824,3.0
79592,824,4.0
79599,640,4.0
79600,369,4.0
79600,737,4.0
79600,748,4.0
79600,824,4.0
79600,1280,3.0
79601,369,2.0
79601,841,4.0
79603,824,5.0
79604,748,5.0
79613,640,5.0
79613,748,5.0
79613,824,5.0
79614,824,4.0
79617,673,3.0
79617,737,3.0
79617,1166,3.0
79618,640,4.0
79618,737,4.0
79618,748,3.0
79618,749,4.0
79618,841,5.0
79620,1297,4.0
79621,1278,2.0
79624,640,5.0
79625,737,5.0
79626,640,5.0
79631,1278,5.0
79635,947,5.0
79636,650,4.0
79636,748,5.0
79636,888,5.0
79638,737,4.0
79638,841,4.0
79639,824,5.0
79643,369,5.0
79646,841,5.0
79648,369,3.0
79648,481,5.0
79651,640,5.0
79651,841,5.0
79653,824,5.0
79656,640,4.0
79657,841,5.0
79660,640,5.0
79663,824,3.0
79666,824,5.0
79669,1166,3.5
79670,673,5.0
79673,640,5.0
79675,673,3.0
79676,1297,3.5
79680,640,4.0
79682,841,5.0
79690,673,3.0
79691,673,5.0
79692,640,3.0
79692,748,3.0
79692,749,4.0
79697,640,4.0
79700,1171,4.333333333333333
79702,640,5.0
79702,737,5.0
79702,748,5.0
79702,749,5.0
79702,824,5.0
79703,824,5.0
79709,1171,3.6666666666666665
79711,748,5.0
79714,841,4.0
79715,748,5.0
79718,824,4.0
79721,737,4.0
79721,824,4.0
79722,640,5.0
79722,748,4.0
79722,749,5.0
79723,841,5.0
79726,888,5.0
79727,650,4.0
79730,748,5.0
79733,748,4.0
79735,673,3.0
79738,640,4.0
79739,640,4.0
79742,737,4.0
79742,1297,5.0
79747,1278,4.0
79748,748,3.0
79749,640,4.0
79750,481,5.0
79750,748,4.0
79751,640,5.0
79751,748,5.0
79752,640,4.0
79752,737,3.0
79752,748,5.0
79752,749,5.0
79753,640,3.0
79754,640,2.0
79754,748,5.0
79754,749,5.0
79761,369,3.0
79762,369,5.0
79762,640,4.0
79762,824,5.0
79763,841,4.0
79764,841,5.0
79768,1238,3.5
79770,640,4.0
79770,749,5.0
79773,640,4.0
79773,841,5.0
79774,841,4.0
79775,748,4.0
79775,1171,4.5
79777,888,3.0
79778,841,5.0
79780,369,5.0
79781,1171,5.0
79783,640,4.0
79787,640,5.0
79787,748,4.0
79787,749,4.0
79787,841,5.0
79788,481,5.0
79789,748,4.0
79791,737,5.0
79793,748,5.0
79794,824,5.0
79796,640,4.0
79802,369,4.0
79805,369,3.0
79806,640,5.0
79811,749,5.0
79813,640,2.0
79814,640,4.0
79814,748,4.0
79816,640,5.0
79816,748,4.0
79818,640,4.0
79818,749,3.0
79825,640,4.0
79827,737,4.0
79832,737,3.0
79833,640,5.0
79834,640,4.0
79835,824,2.0
79843,673,4.0
79845,640,3.0
79846,841,4.0
79847,640,5.0
79849,841,5.0
79850,749,4.0
79852,650,4.0
79855,369,3.0
79855,1166,4.375
79856,640,3.0
79856,748,5.0
79864,481,5.0
79870,640,5.0
79871,824,4.0
79873,824,5.0
79873,888,5.0
79873,937,3.0
79875,481,1.0
79875,640,5.0
79875,673,4.0
79881,640,5.0
79882,640,5.0
79883,481,3.0
79884,841,5.0
79886,640,3.0
79886,748,2.0
79891,841,5.0
79895,737,5.0
79895,748,5.0
79895,749,3.0
79895,824,5.0
79896,748,4.0
79897,841,4.0
79899,640,4.0
79900,748,2.0
79901,1166,3.0
79903,640,5.0
79904,1280,1.0
79907,824,4.0
79908,640,4.0
79909,369,2.0
79910,640,4.0
79911,640,5.0
79911,748,5.0
79924,650,5.0
79925,748,4.0
79926,673,4.0
79926,737,3.0
79928,888,5.0
79931,640,5.0
79934,481,2.0
79934,640,4.0
79934,650,3.0
79934,749,3.0
79935,650,5.0
79942,673,3.0
79943,640,4.0
79943,748,4.0
79946,650,5.0
79948,481,5.0
79949,640,4.0
79949,748,4.0
79950,737,5.0
79951,369,2.0
79952,749,3.0
79954,640,5.0
79957,673,4.0
79959,650,4.0
79959,673,5.0
79960,748,3.0
79962,1297,3.0
79965,640,4.0
79968,640,2.0
79968,650,5.0
79969,640,5.0
79970,650,5.0
79971,481,5.0
79971,673,3.0
79973,640,5.0
79975,650,5.0
79977,640,3.0
79978,748,4.0
79980,841,1.0
79982,1171,3.0
79983,748,5.0
79984,748,1.0
79985,737,5.0
79988,369,1.0
79991,748,3.0
79993,640,5.0
79995,640,4.0
79996,640,2.0
79997,841,5.0
80002,481,4.0
80002,673,3.0
80002,737,4.0
80002,748,4.0
80004,748,3.0
80011,748,3.0
80011,824,4.0
80011,1238,4.5
80012,640,3.0
80012,737,3.0
80012,748,4.0
80012,824,4.0
80014,640,2.0
80018,749,4.0
80022,640,4.0
80022,748,5.0
80022,824,4.0
80024,640,4.0
80025,640,4.0
80026,975,5.0
80027,888,5.0
80028,481,5.0
80032,673,3.0
80033,749,5.0
80034,673,3.0
80035,640,5.0
80035,737,5.0
80035,748,4.0
80036,369,1.0
80039,481,2.0
80040,824,4.0
80041,841,5.0
80044,841,5.0
80048,640,5.0
80049,369,5.0
80050,640,5.0
80054,841,5.0
80056,824,5.0
80057,640,4.0
80057,650,5.0
80057,673,5.0
80057,748,5.0
80057,841,4.0
80068,640,4.0
80075,369,1.0
80075,748,3.0
80077,841,5.0
80079,369,1.0
80079,640,3.0
80079,748,3.0
80079,749,3.0
80080,640,4.0
80081,640,5.0
80083,640,3.0
80084,640,5.0
80085,673,4.0
80085,737,5.0
80085,748,5.0
80086,841,4.0
80090,640,3.0
80091,1297,3.0
80093,640,5.0
80095,640,4.0
80108,640,3.0
80109,640,2.0
80110,640,5.0
80110,749,5.0
80113,841,5.0
80114,640,5.0
80117,748,5.0
80121,841,5.0
80124,640,4.0
80125,640,4.0
80127,640,5.0
80130,640,3.0
80130,737,5.0
80142,737,4.0
80149,1278,5.0
80150,650,5.0
80151,841,4.0
80152,1171,4.0
80157,640,5.0
80157,748,4.0
80158,640,5.0
80158,824,5.0
80160,1278,3.0
80161,369,5.0
80164,1166,4.25
80169,841,4.0
80170,673,4.0
80170,748,3.0
80170,1297,2.0
80171,640,5.0
80171,737,4.0
80174,1278,4.0
80175,369,1.0
80177,640,5.0
80177,737,5.0
80177,748,5.0
80177,824,5.0
80185,748,4.0
80185,749,3.0
80187,640,5.0
80187,737,5.0
80187,824,5.0
80189,640,5.0
80191,640,5.0
80198,640,3.0
80199,481,4.0
80199,673,4.0
80199,737,2.0
80201,640,5.0
80202,640,4.0
80204,824,5.0
80205,1278,5.0
80207,640,4.0
80207,737,3.0
80211,1171,5.0
80212,640,5.0
80212,748,4.0
80213,650,4.0
80214,640,5.0
80215,640,3.0
80217,824,5.0
80221,841,5.0
80222,737,4.0
80222,824,4.0
80222,1220,3.6666666666666665
80223,640,5.0
80223,749,2.0
80225,748,4.0
80227,841,5.0
80232,824,5.0
80236,748,2.0
80236,749,3.0
80237,369,4.0
80238,824,4.0
80239,640,5.0
80242,1238,5.0
80243,1220,5.0
80246,640,4.0
80250,1166,3.0
80254,640,3.0
80254,748,3.0
80255,824,5.0
80260,640,4.0
80260,748,5.0
80261,748,5.0
80263,947,5.0
80263,1297,5.0
80266,1280,3.0
80267,640,5.0
80267,748,4.0
80268,748,5.0
80271,640,4.0
80273,650,3.0
80275,737,3.0
80275,749,4.0
80278,640,5.0
80282,640,4.0
80287,369,4.5
80287,640,4.0
80287,650,5.0
80287,841,4.0
80289,749,4.0
80291,640,3.0
80291,748,3.0
80292,673,4.0
80293,749,5.0
80293,841,5.0
80294,673,4.0
80294,824,4.0
80295,640,5.0
80295,841,3.5
80297,640,4.0
80298,1278,4.0
80299,640,4.0
80299,673,4.0
80299,748,5.0
80299,749,4.0
80299,1278,3.0
80300,841,5.0
80301,481,5.0
80302,650,5.0
80303,481,5.0
80303,737,5.0
80303,748,3.0
80303,824,5.0
80309,748,4.0
80311,737,2.0
80315,737,5.0
80315,841,5.0
80316,1297,4.0
80317,737,4.0
80318,824,4.0
80319,737,4.0
80319,824,4.0
80324,1171,3.0
80327,640,4.0
80333,1171,5.0
80335,824,4.0
80335,841,5.0
80336,673,5.0
80341,673,5.0
80342,673,5.0
80343,481,4.0
80348,640,4.0
80353,841,4.0
80354,640,4.0
80358,481,3.0
80358,640,3.0
80358,737,3.0
80360,749,5.0
80361,673,3.0
80361,748,3.0
80363,640,5.0
80364,650,4.0
80367,888,4.0
80368,640,5.0
80369,748,5.0
80370,640,5.0
80375,748,5.0
80376,640,5.0
80378,640,5.0
80379,841,5.0
80380,640,5.0
80382,748,4.0
80383,640,4.0
80387,748,4.0
80389,1166,3.888888888888889
80393,737,4.0
80394,640,4.0
80396,841,5.0
80398,640,5.0
80398,824,5.0
80402,650,5.0
80402,673,3.0
80402,737,5.0
80402,824,5.0
80403,640,5.0
80406,673,5.0
80407,369,1.0
80409,748,5.0
80409,749,3.0
80416,640,4.0
80425,640,5.0
80427,640,4.0
80427,737,4.0
80429,640,5.0
80430,640,4.0
80432,949,4.0
80435,640,3.0
80436,640,5.0
80437,824,5.0
80439,650,2.0
80442,640,5.0
80443,748,1.0
80446,737,5.0
80451,1220,5.0
80453,673,4.0
80467,748,5.0
80467,749,5.0
80468,640,4.0
80471,640,3.0
80472,841,5.0
80473,640,5.0
80474,640,3.0
80476,640,5.0
80478,737,5.0
80478,824,4.0
80481,737,5.0
80486,748,5.0
80487,841,5.0
80488,481,4.0
80489,748,4.0
80496,640,4.0
80497,481,4.0
80497,673,4.0
80497,737,4.5
80497,748,5.0
80498,650,4.0
80501,749,5.0
80503,640,5.0
80505,650,4.0
80506,841,5.0
80509,640,5.0
80512,640,4.0
80518,650,5.0
80526,737,3.0
80529,888,3.0
80534,841,5.0
80539,673,3.0
80540,640,4.0
80545,673,3.0
80547,841,4.0
80550,369,5.0
80554,640,5.0
80555,369,2.0
80555,481,5.0
80555,640,5.0
80555,748,5.0
80555,841,4.0
80556,841,4.0
80559,640,5.0
80563,841,4.0
80566,1278,2.0
80567,841,5.0
80568,841,5.0
80570,481,3.0
80571,1166,5.0
80573,640,4.0
80573,650,4.0
80575,673,4.0
80578,640,5.0
80581,640,5.0
80583,748,5.0
80585,737,5.0
80585,1297,4.0
80586,640,4.0
80587,673,4.0
80588,1297,4.0
80589,841,5.0
80592,369,5.0
80592,640,4.0
80592,673,4.0
80592,737,5.0
80592,841,4.666666666666667
80596,673,5.0
80596,737,5.0
80596,749,5.0
80596,824,5.0
80596,920,5.0
80596,1133,5.0
80602,841,5.0
80606,673,4.0
80615,673,5.0
80616,748,3.0
80619,481,4.0
80620,640,4.0
80621,640,4.0
80623,640,3.0
80627,481,4.0
80628,1171,3.6666666666666665
80633,640,5.0
80634,640,5.0
80635,650,2.0
80637,650,2.0
80639,824,3.0
80642,640,2.0
80644,1238,5.0
80645,640,4.0
80645,673,4.5
80645,737,4.0
80645,841,5.0
80647,841,5.0
80650,1171,4.0
80652,640,3.0
80656,640,4.0
80658,369,5.0
80658,748,4.0
80659,824,3.0
80660,737,4.0
80660,749,3.0
80661,673,1.0
80665,640,4.0
80667,640,5.0
80667,650,5.0
80667,748,5.0
80667,841,5.0
80668,841,5.0
80669,650,4.0
80670,1278,4.0
80672,640,5.0
80675,650,4.0
80678,369,1.0
80682,369,5.0
80682,640,5.0
80682,841,5.0
80684,841,1.0
80687,640,4.5
80687,748,1.0
80687,841,5.0
80689,640,3.0
80690,640,4.0
80695,824,5.0
80698,650,5.0
80700,640,3.0
80700,824,5.0
80703,640,5.0
80706,650,3.0
80711,640,5.0
80711,650,3.0
80711,749,4.0
80713,841,5.0
80718,640,2.0
80722,640,4.0
80722,748,4.0
80722,749,4.0
80726,640,4.0
80726,748,4.0
80728,841,4.0
80729,737,5.0
80736,640,3.0
80740,1278,3.5
80746,640,4.0
80746,748,5.0
80747,841,4.0
80748,1171,4.5
80750,748,5.0
80753,748,3.0
80753,824,3.0
80754,748,5.0
80754,749,5.0
80758,824,4.0
80762,640,3.0
80766,640,5.0
80768,369,3.0
80771,824,5.0
80771,1297,3.5
80774,640,5.0
80774,841,5.0
80775,640,4.0
80775,824,5.0
80776,1278,5.0
80777,640,3.0
80777,748,5.0
80778,748,5.0
80783,1278,4.0
80785,640,4.0
80786,1166,3.5
80790,640,4.0
80794,1225,3.0
80797,640,1.0
80797,748,3.0
80798,1278,4.0
80799,841,5.0
80800,673,4.0
80802,841,4.0
80803,928,4.0
80812,1171,4.0
80815,1166,4.0
80817,640,5.0
80818,1220,5.0
80820,1166,4.0
80821,1280,4.0
80825,640,5.0
80826,481,3.0
80826,748,4.0
80829,640,4.0
80831,737,4.0
80832,640,4.0
80839,748,5.0
80840,841,5.0
80841,749,1.0
80842,640,5.0
80847,481,5.0
80848,1171,5.0
80850,369,4.0
80851,640,5.0
80854,748,4.0
80863,481,4.0
80865,640,5.0
80867,673,5.0
80870,824,5.0
80873,640,3.0
80875,841,5.0
80878,481,4.0
80879,673,5.0
80882,824,4.0
80886,841,3.0
80890,369,4.0
80893,737,5.0
80893,841,5.0
80896,481,5.0
80902,841,4.0
80905,640,4.0
80906,640,4.0
80906,737,3.0
80907,369,3.0
80908,481,5.0
80915,640,4.0
80917,841,5.0
80918,673,4.0
80919,673,4.0
80919,737,2.0
80919,749,4.0
80920,640,5.0
80923,841,4.5
80925,841,4.0
80930,841,5.0
80937,650,4.0
80940,841,5.0
80941,1297,2.0
80944,650,4.0
80945,1171,3.0
80946,749,3.0
80947,737,4.0
80947,824,5.0
80948,640,4.0
80948,748,5.0
80954,481,5.0
80954,824,5.0
80956,1133,5.0
80959,640,5.0
80969,640,5.0
80970,640,5.0
80973,841,5.0
80975,841,4.0
80978,841,5.0
80979,673,2.0
80980,640,5.0
80981,640,5.0
80983,737,3.0
80984,640,5.0
80985,841,5.0
80987,748,5.0
80995,824,3.0
80999,640,4.0
81000,737,4.0
81001,369,4.0
81002,824,3.0
81003,640,4.0
81003,824,4.0
81005,640,3.0
81008,640,4.0
81009,640,5.0
81009,748,5.0
81015,737,1.0
81017,748,5.0
81021,640,5.0
81022,748,5.0
81026,749,4.0
81027,1166,3.0
81029,1171,3.6666666666666665
81033,1297,5.0
81034,369,4.0
81035,640,4.0
81035,650,3.0
81035,737,4.0
81035,824,4.0
81036,737,5.0
81036,824,5.0
81038,650,4.0
81041,640,4.0
81042,640,5.0
81043,841,4.0
81045,640,4.0
81047,749,4.0
81049,748,3.0
81051,737,4.0
81051,748,4.0
81052,841,5.0
81054,673,5.0
81056,369,4.0
81057,748,4.0
81058,841,5.0
81059,640,5.0
81063,1297,2.5
81066,640,4.0
81067,1166,5.0
81068,640,5.0
81068,650,3.0
81068,841,5.0
81072,640,5.0
81074,481,4.0
81075,640,4.0
81075,748,5.0
81078,640,5.0
81082,640,5.0
81082,841,3.0
81083,640,4.0
81083,748,5.0
81090,748,5.0
81091,481,5.0
81091,640,3.6666666666666665
81091,748,1.0
81091,841,4.0
81092,640,5.0
81097,673,5.0
81099,640,5.0
81099,749,3.0
81100,369,2.0
81100,841,2.0
81102,640,4.0
81102,748,4.0
81102,749,5.0
81103,673,5.0
81103,737,5.0
81104,1171,4.0
81107,640,3.0
81107,673,5.0
81111,640,5.0
81112,640,5.0
81112,737,4.0
81112,748,5.0
81112,749,2.0
81115,640,5.0
81120,369,5.0
81121,481,5.0
81125,640,5.0
81128,841,5.0
81131,640,4.0
81131,749,4.0
81135,748,5.0
81139,749,3.0
81144,1297,5.0
81145,640,4.0
81145,748,3.0
81149,1280,3.0
81154,640,4.0
81154,673,4.0
81157,650,2.0
81161,640,5.0
81163,369,4.0
81163,640,3.5
81163,737,5.0
81163,748,4.333333333333333
81175,640,4.0
81175,841,5.0
81176,824,2.0
81177,640,3.0
81180,640,5.0
81181,369,1.0
81185,369,5.0
81185,640,1.0
81190,841,5.0
81193,640,4.0
81196,841,5.0
81197,841,5.0
81201,640,3.0
81201,650,4.0
81204,1137,1.0
81206,369,3.0
81206,737,4.0
81207,369,5.0
81207,841,5.0
81210,673,3.0
81226,673,5.0
81226,737,5.0
81227,640,4.0
81231,748,4.0
81232,1171,5.0
81233,650,4.0
81233,841,4.0
81235,369,4.0
81235,673,4.0
81236,841,5.0
81238,640,3.0
81241,841,5.0
81242,369,4.0
81243,841,5.0
81245,640,4.0
81245,650,3.0
81245,737,4.0
81245,841,4.0
81246,824,3.0
81247,673,3.0
81249,640,5.0
81249,737,4.0
81249,824,4.0
81249,1238,5.0
81251,640,4.0
81251,737,4.0
81251,748,5.0
81251,824,4.0
81252,841,4.0
81255,824,4.0
81257,1166,3.0
81259,749,4.0
81260,1171,4.0
81262,640,4.0
81263,481,5.0
81263,640,4.666666666666667
81268,841,5.0
81271,841,5.0
81272,640,4.0
81272,673,5.0
81272,737,4.0
81272,888,5.0
81272,1171,5.0
81273,673,3.0
81273,737,4.0
81274,824,5.0
81275,481,4.0
81275,640,4.0
81279,673,4.0
81280,369,1.0
81285,640,4.0
81286,737,4.0
81287,640,5.0
81287,650,4.0
81287,1238,3.5
81288,640,5.0
81290,897,3.0
81291,673,5.0
81293,369,1.0
81293,640,5.0
81293,650,3.5
81293,673,5.0
81293,737,4.0
81294,650,3.0
81298,640,4.0
81298,841,5.0
81303,640,5.0
81303,824,4.0
81309,481,4.0
81312,673,4.0
81317,650,2.0
81319,748,5.0
81323,841,5.0
81324,640,4.0
81326,650,3.0
81326,673,5.0
81328,748,4.0
81331,640,4.0
81332,824,2.0
81332,841,4.5
81337,640,4.0
81342,841,5.0
81343,841,5.0
81344,841,5.0
81345,369,4.0
81345,841,5.0
81349,369,3.0
81349,640,5.0
81349,748,5.0
81349,749,5.0
81351,640,4.0
81352,481,5.0
81353,748,5.0
81354,1171,4.285714285714286
81360,841,5.0
81361,749,4.0
81364,640,4.0
81368,841,5.0
81371,650,5.0
81374,824,4.0
81376,673,3.0
81377,748,4.0
81385,737,5.0
81386,737,5.0
81386,749,4.0
81386,841,5.0
81389,650,4.0
81391,640,5.0
81392,640,3.0
81405,749,5.0
81406,650,5.0
81406,824,5.0
81407,640,4.0
81407,841,4.0
81411,841,5.0
81412,824,4.0
81415,640,5.0
81415,748,5.0
81424,1133,4.0
81425,640,3.0
81427,481,5.0
81428,640,4.0
81428,748,4.0
81433,748,5.0
81435,640,4.0
81436,841,5.0
81451,824,4.0
81456,841,5.0
81457,369,5.0
81459,841,4.0
81460,640,4.0
81460,749,2.0
81464,673,3.0
81471,748,5.0
81474,640,5.0
81474,749,4.0
81475,748,2.0
81478,640,4.0
81479,841,5.0
81480,841,5.0
81481,640,3.0
81481,748,4.0
81485,640,5.0
81486,650,3.0
81488,640,1.0
81492,640,4.0
81493,841,5.0
81494,824,4.0
81497,640,3.0
81498,841,4.0
81503,369,5.0
81505,640,5.0
81506,640,5.0
81509,824,5.0
81510,841,5.0
81512,369,5.0
81514,673,3.0
81522,640,5.0
81523,748,5.0
81524,640,5.0
81524,673,4.0
81524,824,4.0
81525,640,5.0
81530,749,3.0
81531,748,5.0
81534,640,5.0
81534,650,3.0
81535,748,3.0
81538,640,4.0
81538,748,4.0
81539,640,5.0
81540,1280,5.0
81542,640,5.0
81543,748,5.0
81545,1297,4.0
81551,650,3.0
81552,369,1.0
81553,673,5.0
81561,640,5.0
81561,737,3.0
81565,640,5.0
81565,749,1.0
81569,640,5.0
81581,640,2.0
81583,369,4.0
81585,640,4.0
81585,748,5.0
81586,841,4.0
81587,841,5.0
81588,841,5.0
81589,640,4.0
81590,640,5.0
81592,640,4.0
81592,737,4.0
81596,369,4.0
81605,481,5.0
81608,640,5.0
81608,749,5.0
81611,640,5.0
81612,640,4.0
81619,640,5.0
81619,1171,4.5
81621,1171,3.5
81623,673,3.0
81625,640,5.0
81629,748,5.0
81630,640,4.0
81632,650,5.0
81633,673,2.0
81638,640,3.0
81640,824,3.0
81641,824,5.0
81642,640,3.0
81642,824,2.0
81643,481,3.0
81646,737,3.0
81647,640,5.0
81647,748,5.0
81648,749,5.0
81650,640,3.0
81650,748,4.0
81650,749,3.0
81651,748,3.0
81654,748,5.0
81655,640,4.0
81655,824,5.0
81656,640,5.0
81656,737,2.0
81658,824,3.0
81662,1225,1.0
81663,748,2.0
81664,640,1.0
81665,640,4.0
81665,748,5.0
81666,640,3.0
81668,640,5.0
81669,640,5.0
81669,748,5.0
81674,640,3.0
81674,824,5.0
81675,824,5.0
81676,749,4.0
81677,640,3.0
81677,748,3.0
81677,749,4.0
81678,640,5.0
81678,748,5.0
81678,749,3.0
81684,640,4.0
81684,1220,2.6666666666666665
81686,824,5.0
81690,748,3.0
81693,1171,3.2
81697,841,5.0
81698,481,5.0
81698,748,5.0
81698,824,5.0
81702,749,3.0
81705,748,5.0
81706,481,5.0
81712,369,1.0
81713,1171,5.0
81714,1171,4.666666666666667
81717,640,4.0
81717,841,5.0
81720,640,4.0
81722,748,4.0
81722,1166,3.0
81724,369,4.0
81724,650,4.0
81724,1297,3.0
81725,824,5.0
81726,937,4.0
81728,481,5.0
81732,841,4.0
81733,640,4.0
81734,748,5.0
81734,1171,3.5
81737,650,4.0
81740,1225,3.5
81741,824,4.0
81742,737,4.0
81742,1166,3.0
81745,640,4.0
81749,640,5.0
81749,737,4.0
81750,640,5.0
81752,1171,2.0
81753,888,1.0
81756,640,5.0
81761,640,5.0
81766,673,4.0
81770,748,3.0
81771,737,4.0
81774,640,3.0
81774,748,4.0
81774,824,3.0
81774,841,5.0
81774,888,5.0
81774,1238,4.0
81777,640,4.0
81780,824,4.0
81783,650,3.0
81784,369,5.0
81784,481,4.5
81786,673,4.0
81788,640,4.0
81790,841,5.0
81797,640,3.0
81799,640,5.0
81799,737,5.0
81801,1278,4.0
81804,748,4.0
81805,640,5.0
81806,640,3.0
81807,640,4.0
81810,748,5.0
81813,737,4.0
81814,640,5.0
81815,748,5.0
81816,640,5.0
81816,749,2.0
81818,640,5.0
81819,650,3.0
81822,369,5.0
81822,841,5.0
81824,640,4.0
81824,748,5.0
81824,1171,2.0
81825,640,4.0
81826,748,3.0
81827,369,3.0
81827,841,5.0
81828,640,5.0
81829,369,4.0
81829,640,5.0
81829,841,5.0
81830,640,4.0
81830,749,3.0
81832,640,4.0
81832,737,5.0
81834,1220,5.0
81835,640,5.0
81836,640,5.0
81840,369,4.0
81843,640,5.0
81844,640,5.0
81845,1171,4.0
81846,640,5.0
81846,748,4.0
81849,640,5.0
81849,748,5.0
81851,640,4.0
81852,737,3.0
81853,1166,3.5
81854,737,5.0
81855,481,4.0
81857,1171,4.0
81859,650,3.0
81860,640,4.0
81860,737,4.0
81860,748,4.0
81863,640,4.0
81865,749,2.0
81867,1171,5.0
81870,841,5.0
81876,1238,3.0
81877,737,5.0
81878,841,5.0
81879,841,5.0
81880,748,5.0
81885,369,4.0
81886,1171,4.8
81892,640,5.0
81892,748,5.0
81894,640,3.0
81894,748,4.0
81901,841,5.0
81902,1297,1.0
81904,748,4.0
81906,640,5.0
81907,640,3.0
81907,841,5.0
81913,748,4.0
81913,749,3.0
81913,824,4.0
81914,749,3.0
81915,913,4.0
81915,947,5.0
81915,949,4.0
81915,975,3.0
81917,640,5.0
81923,640,4.0
81923,748,4.0
81923,749,4.0
81924,640,4.0
81924,673,4.0
81924,737,4.0
81924,748,3.0
81929,640,5.0
81929,748,5.0
81929,749,5.0
81930,748,2.0
81932,369,5.0
81932,748,5.0
81932,841,3.0
81933,737,5.0
81934,841,5.0
81936,748,5.0
81941,673,5.0
81942,640,5.0
81942,748,5.0
81944,640,4.0
81949,749,4.0
81955,673,3.0
81957,748,5.0
81959,640,5.0
81965,650,2.0
81966,640,3.0
81966,650,4.0
81972,841,1.0
81978,640,5.0
81979,640,5.0
81980,824,5.0
81981,748,5.0
81985,841,5.0
81998,640,3.0
81998,650,3.0
81998,748,5.0
81998,749,5.0
82000,640,2.0
82000,749,2.0
82001,369,1.0
82001,841,4.0
82004,737,4.0
82005,640,3.0
82012,640,5.0
82012,749,4.0
82013,841,5.0
82014,640,4.0
82017,640,3.0
82018,841,5.0
82020,369,5.0
82020,841,5.0
82023,1278,5.0
82024,748,4.0
82025,1166,2.8
82026,640,3.0
82027,841,4.0
82028,897,3.0
82028,920,5.0
82028,1278,3.6666666666666665
82033,841,5.0
82034,369,2.5
82035,841,5.0
82040,737,3.0
82041,481,5.0
82042,640,4.0
82042,748,5.0
82044,650,4.0
82045,737,4.0
82047,640,4.0
82048,650,5.0
82049,1166,4.0
82050,748,3.0
82050,937,3.0
82050,947,3.0
82050,1220,3.75
82051,841,4.0
82057,748,5.0
82060,481,4.0
82063,673,4.0
82065,824,5.0
82066,824,5.0
82068,481,4.0
82069,640,5.0
82070,824,4.0
82072,640,5.0
82075,1297,4.0
82076,1171,4.0
82079,673,3.0
82079,737,5.0
82079,748,4.0
82079,824,5.0
82084,824,4.0
82084,841,4.0
82086,673,4.0
82087,369,5.0
82088,640,4.0
82092,481,4.0
82093,748,4.0
82094,640,5.0
82096,640,3.0
82096,748,5.0
82097,749,5.0
82099,824,5.0
82102,640,5.0
82103,841,5.0
82107,748,4.0
82108,640,4.0
82108,841,4.0
82109,640,4.0
82114,369,1.0
82114,640,5.0
82114,748,5.0
82114,749,5.0
82115,824,5.0
82117,640,2.0
82117,748,3.0
82117,824,3.5
82117,841,4.0
82121,640,2.0
82125,748,4.0
82127,650,4.0
82132,369,5.0
82132,640,4.0
82132,737,4.0
82132,748,4.0
82133,640,5.0
82135,640,5.0
82136,841,5.0
82140,841,4.0
82141,841,5.0
82142,481,5.0
82142,640,4.0
82146,673,4.0
82146,737,5.0
82148,824,5.0
82149,737,3.0
82149,824,4.0
82152,1171,4.0
82153,369,1.0
82153,737,4.5
82153,748,5.0
82153,824,5.0
82154,1166,3.0
82157,737,3.0
82159,650,4.0
82165,640,4.0
82168,640,4.0
82169,737,4.0
82170,640,5.0
82170,737,4.0
82171,640,5.0
82171,748,5.0
82172,640,4.0
82174,640,4.0
82175,749,5.0
82176,640,5.0
82176,748,5.0
82176,749,4.0
82178,748,3.0
82187,640,3.0
82187,748,4.0
82187,749,4.0
82189,640,4.6
82189,737,4.0
82189,748,4.0
82190,824,5.0
82192,640,3.0
82192,748,3.0
82197,673,4.0
82198,1220,4.5
82199,888,5.0
82201,640,5.0
82201,748,5.0
82202,640,5.0
82203,640,5.0
82203,824,5.0
82204,737,5.0
82206,369,5.0
82206,841,5.0
82208,640,5.0
82209,640,5.0
82209,737,4.0
82213,841,5.0
82215,824,1.0
82221,824,3.0
82224,640,5.0
82224,737,5.0
82224,748,4.0
82225,737,4.0
82228,888,5.0
82229,640,2.0
82236,1220,5.0
82242,640,3.0
82243,737,4.0
82245,748,5.0
82246,481,5.0
82250,640,4.0
82252,841,4.0
82253,841,5.0
82255,650,4.0
82258,841,5.0
82260,640,5.0
82262,369,5.0
82267,640,4.0
82272,650,5.0
82274,640,4.0
82274,748,4.0
82275,369,4.0
82277,748,4.0
82278,673,4.0
82280,841,5.0
82281,640,5.0
82281,749,1.0
82282,640,1.0
82283,841,5.0
82284,650,2.0
82285,640,4.0
82285,748,4.0
82287,673,4.0
82291,640,4.0
82291,673,4.0
82294,369,3.0
82294,673,4.0
82294,841,3.0
82296,841,5.0
82297,841,5.0
82298,841,5.0
82300,737,5.0
82301,481,4.0
82301,650,2.5
82304,841,5.0
82305,841,5.0
82313,369,4.0
82324,650,4.0
82325,748,5.0
82328,640,5.0
82331,640,4.0
82332,748,5.0
82335,640,5.0
82337,650,5.0
82337,748,3.0
82339,369,4.0
82339,640,5.0
82339,737,4.0
82339,748,4.0
82340,481,4.0
82342,640,3.0
82342,650,4.0
82343,748,5.0
82347,640,3.0
82351,888,1.0
82354,640,5.0
82362,841,5.0
82363,650,4.0
82363,673,5.0
82363,737,5.0
82369,640,5.0
82369,748,5.0
82369,749,5.0
82374,1166,3.5
82376,640,5.0
82378,640,5.0
82378,749,5.0
82384,1278,5.0
82392,1238,4.0
82393,640,4.0
82393,748,5.0
82395,748,5.0
82397,481,3.0
82399,824,5.0
82402,640,4.0
82402,841,5.0
82403,640,2.0
82404,1297,4.0
82411,1166,3.2
82412,888,5.0
82414,369,5.0
82415,1278,5.0
82416,841,5.0
82417,824,2.0
82420,640,5.0
82424,748,4.0
82424,1225,4.0
82426,650,4.0
82427,841,5.0
82428,369,5.0
82428,650,5.0
82428,673,4.0
82428,737,3.0
82428,748,2.0
82428,824,5.0
82428,841,5.0
82431,369,1.0
82431,841,5.0
82433,841,5.0
82441,841,4.0
82443,748,2.0
82446,1166,1.0
82447,1297,2.0
82448,481,4.0
82451,748,5.0
82452,481,5.0
82456,841,5.0
82463,650,5.0
82466,640,2.0
82468,748,5.0
82470,481,5.0
82471,640,4.0
82472,640,5.0
82472,737,5.0
82473,650,5.0
82473,737,5.0
82473,824,5.0
82475,748,4.0
82476,640,3.0
82476,650,5.0
82476,841,4.0
82478,481,3.0
82478,640,4.0
82479,737,5.0
82480,650,3.0
82481,640,3.0
82481,673,5.0
82481,841,5.0
82482,640,4.0
82483,640,5.0
82485,673,1.0
82488,481,3.0
82491,640,4.0
82491,737,5.0
82501,737,5.0
82502,640,5.0
82511,640,4.0
82514,640,5.0
82516,841,4.0
82518,1166,3.6666666666666665
82521,841,5.0
82522,748,4.0
82526,650,5.0
82533,650,4.0
82533,841,4.5
82534,748,5.0
82535,640,4.0
82537,841,5.0
82541,640,5.0
82541,748,4.0
82541,749,4.0
82543,640,5.0
82543,748,5.0
82545,841,5.0
82546,737,4.0
82548,749,4.0
82549,841,5.0
82550,824,3.0
82554,640,5.0
82554,748,5.0
82554,749,5.0
82555,1171,5.0
82561,640,5.0
82563,841,5.0
82567,841,3.0
82568,1297,3.5
82569,650,5.0
82570,640,4.0
82571,640,4.0
82572,749,4.0
82576,640,4.0
82580,650,5.0
82583,650,3.0
82584,650,4.0
82587,650,3.0
82588,650,4.0
82589,841,4.0
82592,1220,2.0
82595,481,4.0
82601,640,4.0
82602,650,3.0
82603,640,5.0
82604,1166,3.888888888888889
82607,841,5.0
82609,650,3.0
82609,824,5.0
82612,481,5.0
82612,640,5.0
82612,650,4.0
82612,673,4.0
82616,640,4.0
82618,640,5.0
82620,481,5.0
82621,650,2.0
82623,824,5.0
82633,369,4.0
82633,737,4.0
82634,481,3.0
82634,650,4.0
82634,673,3.0
82634,737,5.0
82634,1238,5.0
82636,737,5.0
82636,748,5.0
82636,824,3.0
82637,640,4.0
82639,650,4.0
82640,841,4.0
82642,640,4.0
82642,824,4.0
82644,737,5.0
82644,748,5.0
82644,824,5.0
82644,841,4.0
82647,841,5.0
82648,824,3.0
82649,748,3.0
82650,481,5.0
82651,640,4.0
82652,841,5.0
82654,640,5.0
82654,748,3.0
82655,673,3.0
82656,640,4.0
82656,650,3.0
82659,748,5.0
82660,640,5.0
82663,640,5.0
82665,841,5.0
82668,748,5.0
82676,1171,3.0
82677,640,5.0
82678,1297,3.0
82680,640,4.0
82680,748,4.0
82681,841,4.0
82683,824,5.0
82685,650,4.0
82690,1166,5.0
82694,650,3.0
82696,748,4.0
82701,640,4.0
82701,749,4.0
82704,481,4.0
82704,640,5.0
82704,748,4.0
82705,640,5.0
82707,640,5.0
82709,640,4.0
82716,640,5.0
82723,640,4.0
82723,748,4.0
82726,481,4.0
82731,748,4.0
82732,640,4.0
82734,824,5.0
82734,947,5.0
82735,369,4.0
82736,737,4.0
82736,824,3.0
82737,369,5.0
82738,640,5.0
82738,749,4.0
82738,841,5.0
82743,1133,5.0
82746,650,3.0
82746,737,3.0
82748,481,5.0
82749,640,4.0
82750,824,4.0
82754,841,5.0
82756,748,4.0
82757,748,5.0
82758,369,1.0
82761,841,5.0
82762,640,4.0
82764,369,1.0
82765,640,4.0
82768,1278,5.0
82769,650,3.0
82771,841,5.0
82777,481,3.0
82778,1171,4.4
82784,369,4.0
82784,640,5.0
82784,748,5.0
82784,824,4.0
82786,640,4.0
82786,650,5.0
82790,841,5.0
82793,640,1.0
82794,1220,5.0
82795,640,4.0
82798,640,4.0
82800,824,4.0
82802,369,4.0
82804,640,4.0
82805,481,5.0
82806,640,5.0
82812,841,5.0
82813,841,5.0
82814,737,5.0
82814,824,5.0
82819,1297,4.0
82820,369,4.0
82822,841,5.0
82823,481,5.0
82823,737,5.0
82823,748,5.0
82823,749,5.0
82824,640,5.0
82824,824,4.0
82825,640,3.0
82825,748,3.0
82829,737,4.0
82831,841,3.0
82834,640,5.0
82834,748,5.0
82835,737,3.0
82837,1171,3.75
82839,640,4.0
82843,749,2.0
82844,481,4.0
82844,640,4.5
82844,748,4.5
82844,749,1.0
82846,650,4.0
82846,841,4.0
82852,841,5.0
82853,841,4.0
82856,824,4.0
82857,481,5.0
82857,640,5.0
82857,748,5.0
82859,737,4.0
82859,824,4.0
82864,841,5.0
82866,640,5.0
82866,841,4.5
82868,640,5.0
82873,640,5.0
82875,841,5.0
82882,737,4.0
82883,640,5.0
82886,748,2.0
82888,748,5.0
82888,824,4.0
82889,640,3.0
82891,650,5.0
82893,748,3.0
82895,673,4.0
82896,640,3.0
82897,673,5.0
82899,1278,4.5
82904,650,5.0
82907,640,5.0
82914,1171,5.0
82916,824,5.0
82918,640,3.0
82918,748,4.0
82926,673,5.0
82928,1225,4.0
82929,640,4.0
82932,640,5.0
82935,640,5.0
82935,841,5.0
82936,920,5.0
82937,650,5.0
82938,640,5.0
82939,841,5.0
82942,841,3.0
82946,481,4.0
82951,640,4.0
82951,737,5.0
82952,481,4.0
82954,369,4.0
82954,737,4.0
82954,748,4.0
82956,369,3.0
82956,748,4.0
82957,640,4.5
82957,650,4.0
82957,737,4.0
82957,824,5.0
82957,841,5.0
82961,640,3.0
82961,673,4.0
82968,640,5.0
82968,841,4.0
82972,640,5.0
82972,650,5.0
82975,640,4.0
82976,824,4.0
82979,369,4.0
82980,673,5.0
82980,841,4.0
82981,1278,5.0
82983,640,4.0
82987,369,2.0
82987,640,5.0
82987,650,4.0
82987,673,5.0
82987,748,5.0
82987,841,5.0
82990,1220,4.0
82998,640,3.0
83000,640,5.0
83002,640,5.0
83009,640,5.0
83012,640,5.0
83012,748,5.0
83015,640,4.0
83018,650,5.0
83020,640,5.0
83021,947,5.0
83022,640,5.0
83024,640,5.0
83026,841,5.0
83027,640,4.0
83029,640,5.0
83029,650,4.0
83029,737,5.0
83029,748,5.0
83032,369,4.0
83033,841,5.0
83034,1171,5.0
83035,737,1.0
83036,640,5.0
83041,1278,2.0
83044,640,3.0
83050,673,4.0
83054,481,5.0
83054,640,5.0
83054,737,5.0
83054,748,5.0
83056,748,3.0
83059,369,5.0
83061,748,4.0
83064,481,4.0
83065,481,4.0
83066,369,3.0
83073,640,5.0
83074,369,1.0
83080,748,3.0
83081,650,3.0
83081,673,4.0
83081,748,4.0
83081,749,3.0
83082,1166,5.0
83083,748,4.0
83085,640,4.0
83087,673,5.0
83088,947,5.0
83091,1278,4.0
83092,1171,5.0
83094,1238,3.7142857142857144
83095,737,3.0
83096,481,3.0
83099,1278,4.666666666666667
83101,481,4.0
83105,369,3.0
83107,748,5.0
83107,841,4.0
83112,673,5.0
83113,640,5.0
83117,824,5.0
83117,841,5.0
83118,748,4.0
83119,888,5.0
83120,640,5.0
83120,737,4.0
83121,737,5.0
83126,737,4.0
83126,824,4.0
83127,481,5.0
83130,640,5.0
83135,1278,5.0
83136,650,5.0
83136,737,4.0
83136,749,3.0
83137,748,5.0
83139,1166,3.0
83146,640,5.0
83146,650,4.0
83146,749,4.0
83148,640,5.0
83150,749,5.0
83150,824,5.0
83150,1225,5.0
83151,481,4.0
83154,673,5.0
83154,737,1.0
83158,640,3.0
83159,748,5.0
83159,749,5.0
83164,640,5.0
83164,749,5.0
83165,841,4.0
83166,640,3.0
83166,737,5.0
83166,748,3.0
83167,640,4.0
83167,748,3.0
83168,481,4.0
83171,640,5.0
83171,748,3.5
83171,841,5.0
83174,640,3.0
83178,640,5.0
83178,824,4.0
83178,841,5.0
83182,481,5.0
83185,1225,3.0
83186,640,5.0
83186,824,4.0
83187,737,4.0
83187,749,4.0
83187,824,4.0
83191,640,5.0
83192,1166,3.0
83202,748,4.0
83203,947,4.0
83204,1137,4.0
83205,737,5.0
83207,673,5.0
83209,640,4.0
83209,650,4.0
83209,748,3.0
83210,481,4.0
83218,824,4.0
83220,841,5.0
83222,1297,1.0
83223,650,5.0
83224,481,4.0
83224,640,3.0
83224,737,4.0
83224,749,4.0
83227,640,4.0
83228,824,4.0
83228,841,5.0
83229,640,5.0
83234,673,5.0
83238,640,1.0
83244,481,4.0
83244,650,4.0
83245,640,4.0
83245,748,3.0
83249,640,4.0
83251,673,4.0
83254,640,5.0
83260,650,4.0
83264,369,4.0
83265,841,5.0
83269,737,5.0
83270,640,3.0
83276,1166,4.0
83278,640,5.0
83278,748,5.0
83281,640,4.0
83286,1278,4.0
83297,841,5.0
83301,640,5.0
83301,737,4.0
83301,824,5.0
83303,737,5.0
83305,1278,5.0
83310,481,5.0
83310,1278,5.0
83311,1220,3.5
83316,1278,3.5
83317,748,5.0
83318,1278,3.0
83322,737,5.0
83324,369,4.0
83324,640,1.0
83324,737,3.0
83324,748,4.5
83324,749,5.0
83324,841,5.0
83324,1166,3.0
83331,673,5.0
83332,650,5.0
83333,1166,3.0
83335,369,1.0
83336,1166,4.2
83338,1238,3.2
83343,673,5.0
83345,369,1.0
83348,650,5.0
83348,748,4.0
83348,749,5.0
83348,841,5.0
83349,749,3.0
83349,841,3.0
83350,481,5.0
83350,640,3.0
83350,748,5.0
83354,640,4.0
83354,737,4.0
83354,748,4.5
83354,841,5.0
83357,640,4.0
83364,369,5.0
83364,640,5.0
83364,824,5.0
83365,841,4.0
83368,650,4.0
83372,841,5.0
83375,737,3.0
83375,1297,4.0
83382,640,5.0
83396,737,5.0
83397,737,5.0
83397,824,5.0
83401,737,4.0
83401,748,5.0
83401,824,5.0
83402,650,5.0
83403,640,3.0
83404,481,5.0
83407,481,3.0
83412,737,4.0
83417,640,5.0
83422,640,5.0
83430,640,4.0
83430,737,4.0
83430,748,4.0
83430,824,4.0
83432,737,5.0
83434,1238,4.666666666666667
83435,1278,5.0
83436,1297,4.0
83437,369,5.0
83439,1225,2.0
83441,650,4.0
83445,369,2.0
83447,1166,5.0
83448,640,5.0
83448,748,5.0
83451,673,1.0
83455,1238,5.0
83457,640,5.0
83458,640,5.0
83459,749,4.0
83464,650,4.0
83466,369,3.0
83466,481,3.0
83466,650,4.0
83466,673,4.0
83466,737,3.0
83466,748,3.0
83466,749,4.0
83466,824,4.0
83466,841,5.0
83466,1171,3.4545454545454546
83472,748,5.0
83475,369,2.0
83477,824,3.0
83480,369,1.0
83480,841,4.0
83481,1278,4.0
83485,1171,4.818181818181818
83486,640,5.0
83491,841,5.0
83492,748,4.0
83501,841,3.0
83504,640,5.0
83508,650,4.0
83508,748,4.0
83508,824,3.0
83508,841,4.0
83515,640,4.0
83517,481,4.0
83526,748,4.0
83526,749,3.0
83529,650,2.0
83530,640,4.0
83531,650,4.0
83532,640,5.0
83535,1225,2.0
83537,737,3.0
83539,369,3.0
83539,481,5.0
83539,824,3.0
83540,640,4.0
83541,369,4.0
83544,640,5.0
83547,640,5.0
83548,841,5.0
83549,640,4.0
83550,673,5.0
83550,749,5.0
83551,749,5.0
83552,640,5.0
83555,640,4.0
83562,841,5.0
83566,640,4.0
83569,748,5.0
83572,640,5.0
83572,737,5.0
83574,369,4.0
83575,748,5.0
83578,640,4.0
83583,737,4.0
83585,640,4.0
83585,748,5.0
83587,841,5.0
83588,841,3.0
83590,640,3.5
83590,748,3.0
83591,640,4.0
83591,650,4.0
83591,748,4.0
83592,640,5.0
83593,640,4.0
83593,748,4.0
83593,749,2.0
83594,748,4.0
83596,841,4.0
83598,369,3.0
83602,369,4.0
83604,673,3.0
83605,673,4.0
83606,640,4.0
83611,1280,4.0
83612,650,5.0
83615,650,3.0
83616,1171,4.25
83619,841,5.0
83626,640,5.0
83627,673,5.0
83627,824,5.0
83628,640,3.0
83628,748,5.0
83632,1171,3.5
83633,1171,4.0
83634,640,4.0
83634,748,2.0
83635,673,4.0
83636,748,4.0
83644,650,5.0
83645,640,3.0
83647,640,5.0
83650,737,5.0
83651,1171,4.0
83652,640,5.0
83653,650,4.0
83659,481,5.0
83661,481,5.0
83662,737,5.0
83665,673,3.0
83668,481,5.0
83668,737,3.0
83668,824,5.0
83671,650,4.0
83675,640,3.0
83678,841,5.0
83682,640,3.0
83683,737,4.0
83689,640,3.0
83691,824,3.0
83692,737,5.0
83695,640,4.0
83697,640,4.0
83698,640,5.0
83700,748,4.0
83701,841,4.0
83704,673,4.0
83714,737,5.0
83719,748,5.0
83722,481,3.0
83726,640,4.0
83728,481,5.0
83730,673,4.0
83733,737,5.0
83733,824,5.0
83737,1278,4.0
83742,640,5.0
83742,748,4.0
83745,673,3.0
83747,369,5.0
83750,749,5.0
83751,640,5.0
83751,748,5.0
83757,481,4.0
83757,737,5.0
83757,748,4.0
83757,824,4.0
83759,673,4.0
83762,673,5.0
83764,640,3.0
83765,841,5.0
83767,1166,3.0
83773,1278,5.0
83780,824,5.0
83783,650,4.0
83785,640,5.0
83785,737,5.0
83785,748,1.0
83786,650,4.0
83788,481,4.0
83789,748,5.0
83791,673,5.0
83792,749,4.0
83795,640,5.0
83796,369,3.0
83800,673,5.0
83811,640,5.0
83812,673,3.0
83813,748,5.0
83814,369,4.0
83816,640,5.0
83816,748,5.0
83821,824,5.0
83822,1133,5.0
83823,1280,5.0
83833,748,2.0
83834,640,5.0
83841,369,5.0
83845,640,5.0
83850,369,3.0
83850,640,5.0
83850,650,4.0
83850,824,5.0
83855,640,5.0
83855,748,5.0
83856,640,5.0
83858,737,4.0
83860,841,5.0
83864,640,5.0
83868,640,5.0
83870,369,2.0
83872,640,5.0
83873,748,5.0
83874,888,5.0
83874,897,5.0
83879,369,3.0
83879,673,3.0
83879,737,4.0
83881,650,5.0
83882,640,5.0
83883,841,3.0
83885,481,3.0
83887,737,4.0
83888,877,3.0
83888,913,3.0
83893,841,5.0
83894,640,5.0
83896,640,5.0
83900,640,5.0
83900,673,4.0
83901,640,4.0
83901,748,4.0
83904,673,5.0
83904,737,3.0
83904,749,4.0
83904,824,5.0
83904,841,5.0
83905,640,5.0
83905,748,5.0
83915,640,5.0
83917,481,5.0
83917,824,2.0
83921,841,4.0
83928,673,5.0
83930,640,4.0
83931,737,4.0
83933,841,3.0
83941,650,1.0
83942,888,5.0
83945,748,2.0
83946,673,3.0
83947,481,4.0
83948,640,5.0
83949,841,5.0
83954,824,3.0
83956,749,3.0
83956,1280,5.0
83957,369,4.0
83963,640,5.0
83963,748,2.0
83973,640,4.0
83974,640,5.0
83975,824,5.0
83975,841,5.0
83976,841,5.0
83977,824,4.0
83978,481,4.0
83978,748,2.0
83979,640,4.0
83985,841,4.0
83986,650,3.0
83987,888,3.0
83989,481,5.0
83990,640,4.0
83990,748,4.0
83994,369,3.0
83997,481,3.0
84001,673,4.0
84001,1171,5.0
84002,640,4.0
84002,748,4.0
84003,673,4.0
84004,640,4.0
84004,749,5.0
84005,369,5.0
84005,749,5.0
84006,650,5.0
84008,640,5.0
84010,640,5.0
84014,640,4.0
84015,640,5.0
84015,748,5.0
84015,749,3.0
84016,640,3.0
84021,640,2.5
84023,640,4.0
84025,650,4.0
84028,640,3.0
84029,841,5.0
84032,749,1.0
84033,640,4.0
84036,640,5.0
84037,1133,4.0
84038,824,5.0
84039,640,5.0
84041,640,5.0
84042,841,5.0
84043,481,5.0
84043,841,4.0
84044,841,5.0
84049,369,3.0
84050,640,4.0
84052,369,1.0
84052,673,4.0
84054,1238,4.666666666666667
84056,369,3.0
84056,640,3.0
84057,640,5.0
84058,481,4.0
84062,841,5.0
84066,369,5.0
84071,481,4.0
84072,1225,2.0
84078,640,4.0
84079,841,5.0
84080,369,1.0
84080,640,5.0
84082,640,4.0
84084,841,4.0
84085,640,5.0
84086,369,4.0
84086,749,1.0
84086,824,5.0
84087,640,4.5
84090,1297,1.0
84091,481,3.0
84094,841,4.0
84095,640,5.0
84096,640,3.0
84096,749,3.0
84097,650,3.0
84102,824,4.0
84103,841,5.0
84104,481,4.0
84104,640,5.0
84109,481,5.0
84110,369,3.0
84113,748,3.0
84114,640,4.0
84114,650,5.0
84114,748,5.0
84115,640,5.0
84118,737,5.0
84120,824,4.0
84121,369,5.0
84131,737,3.0
84132,369,5.0
84132,640,4.0
84133,1171,3.25
84146,650,5.0
84147,640,4.0
84147,748,5.0
84150,748,4.0
84150,824,5.0
84151,841,5.0
84152,640,5.0
84154,650,5.0
84157,975,5.0
84159,640,3.0
84160,640,5.0
84160,1171,3.5
84162,1171,4.0
84164,824,1.0
84167,737,4.0
84167,748,5.0
84168,1171,4.0
84174,369,3.0
84176,841,5.0
84177,737,5.0
84177,824,5.0
84181,737,4.0
84181,824,5.0
84182,640,5.0
84185,737,5.0
84185,748,3.0
84185,824,4.0
84186,841,4.0
84187,824,3.0
84189,824,4.0
84200,650,3.0
84201,748,5.0
84202,640,4.0
84203,650,4.0
84204,841,5.0
84205,748,5.0
84207,369,4.0
84207,841,5.0
84210,673,4.0
84213,650,5.0
84214,369,1.0
84217,369,2.0
84221,749,2.0
84224,481,5.0
84224,640,5.0
84224,748,5.0
84228,650,5.0
84230,640,5.0
84230,748,5.0
84237,650,4.0
84240,640,3.0
84241,650,4.0
84244,650,3.0
84245,640,4.0
84246,481,5.0
84249,650,5.0
84253,640,1.0
84257,640,4.0
84259,640,5.0
84260,650,4.0
84262,640,5.0
84262,748,3.0
84263,650,5.0
84268,824,4.0
84271,369,4.0
84271,824,5.0
84275,640,4.5
84277,737,4.0
84279,1171,4.0
84286,640,4.0
84287,748,5.0
84288,737,4.0
84288,824,4.0
84296,748,3.0
84298,481,3.0
84300,369,5.0
84303,748,5.0
84305,1133,4.0
84308,369,5.0
84314,1220,4.0
84315,737,4.0
84316,841,5.0
84319,481,5.0
84319,640,4.0
84320,748,4.0
84323,481,4.0
84323,824,4.0
84324,673,3.0
84325,749,3.0
84326,748,4.0
84327,640,4.0
84327,748,5.0
84330,737,4.0
84330,748,3.0
84330,824,4.0
84331,841,5.0
84337,369,5.0
84338,1225,5.0
84340,1297,3.0
84343,824,5.0
84347,650,4.0
84348,640,5.0
84348,749,5.0
84351,640,4.0
84351,737,5.0
84353,841,5.0
84357,640,5.0
84357,673,5.0
84358,650,4.0
84358,841,5.0
84363,369,4.0
84366,937,4.0
84366,1278,3.5
84373,640,4.0
84374,640,4.0
84377,369,3.0
84379,824,5.0
84380,748,5.0
84382,640,4.0
84390,369,3.0
84391,369,5.0
84392,841,5.0
84395,748,5.0
84396,841,5.0
84399,640,4.0
84399,673,4.0
84399,737,4.0
84400,369,4.0
84400,737,5.0
84402,640,4.0
84402,748,4.0
84403,737,5.0
84410,650,5.0
84411,841,4.0
84414,841,5.0
84416,841,4.0
84421,640,4.0
84424,481,5.0
84428,369,3.0
84428,737,4.0
84429,1133,5.0
84431,481,4.0
84436,673,5.0
84444,824,1.0
84446,369,4.0
84446,824,4.0
84450,1166,3.5
84453,481,3.0
84453,737,5.0
84454,673,4.0
84457,673,3.0
84457,737,5.0
84457,748,3.0
84457,824,5.0
84459,748,4.0
84466,640,4.0
84467,640,5.0
84468,824,5.0
84470,640,5.0
84472,640,4.0
84474,824,4.0
84476,640,5.0
84478,640,5.0
84478,749,4.0
84479,1171,4.0
84480,1278,4.6
84482,640,5.0
84487,748,4.0
84487,888,5.0
84490,841,5.0
84496,841,5.0
84497,369,2.0
84509,650,4.0
84510,650,5.0
84511,369,5.0
84513,841,5.0
84514,737,4.0
84515,737,5.0
84519,737,5.0
84521,737,5.0
84522,640,5.0
84523,369,4.0
84527,824,5.0
84531,640,5.0
84534,673,4.0
84538,748,4.0
84541,640,3.0
84544,841,5.0
84546,1166,1.0
84547,1278,3.2
84549,369,5.0
84549,673,5.0
84550,369,3.0
84550,737,3.0
84557,650,4.0
84558,640,4.0
84560,650,4.0
84562,650,4.0
84565,737,4.0
84566,640,3.0
84569,640,4.0
84572,640,4.0
84576,640,5.0
84576,650,3.5
84585,888,4.0
84587,1297,3.0
84591,640,2.0
84591,748,4.0
84591,749,3.0
84593,1220,5.0
84595,369,3.0
84595,737,4.0
84596,640,4.0
84597,481,4.0
84597,640,5.0
84597,748,5.0
84598,640,4.0
84601,640,5.0
84604,369,3.0
84606,640,5.0
84606,748,4.0
84606,749,4.0
84607,640,5.0
84608,1238,5.0
84612,749,1.0
84614,824,4.0
84621,640,4.0
84621,737,3.0
84623,640,5.0
84624,841,5.0
84625,369,2.0
84631,1171,3.2
84634,737,5.0
84634,749,3.0
84634,824,4.0
84635,1171,4.0
84647,824,4.0
84648,737,5.0
84649,481,5.0
84649,640,3.0
84650,841,3.0
84651,640,5.0
84651,1278,5.0
84652,748,5.0
84652,824,5.0
84655,650,4.0
84657,841,5.0
84658,650,4.0
84659,888,4.0
84662,640,3.0
84671,824,3.0
84676,640,4.0
84679,888,2.0
84682,369,4.0
84683,640,5.0
84684,640,4.0
84686,640,5.0
84686,650,4.0
84688,369,1.0
84689,640,3.0
84690,748,3.0
84691,673,3.0
84695,1166,3.5
84697,640,4.0
84697,673,5.0
84698,640,5.0
84699,640,5.0
84700,369,4.0
84700,481,4.0
84700,737,4.0
84700,824,5.0
84701,824,3.0
84704,748,2.0
84705,841,4.5
84711,369,1.0
84717,748,5.0
84718,650,4.0
84722,481,5.0
84734,748,5.0
84736,1166,3.0
84740,824,5.0
84743,640,4.0
84746,748,1.0
84754,1297,4.5
84756,369,4.0
84764,673,4.0
84767,1133,5.0
84768,481,4.0
84770,650,5.0
84775,673,5.0
84775,748,4.0
84783,841,4.0
84785,673,4.0
84788,748,3.0
84788,749,4.0
84789,748,4.0
84790,481,4.0
84792,650,3.0
84794,369,3.0
84796,748,5.0
84797,737,5.0
84797,824,5.0
84799,640,5.0
84799,749,5.0
84801,748,2.0
84805,737,5.0
84805,1171,5.0
84808,673,3.0
84809,824,5.0
84816,737,4.0
84819,640,5.0
84823,749,5.0
84824,841,4.0
84828,640,5.0
84828,841,4.0
84834,841,5.0
84836,640,5.0
84838,640,4.0
84840,1171,3.4166666666666665
84842,650,4.0
84842,737,4.0
84842,748,4.0
84842,749,4.0
84842,824,4.0
84842,1166,3.7142857142857144
84845,640,5.0
84845,673,5.0
84850,841,5.0
84854,481,5.0
84854,650,3.5
84856,640,2.0
84859,481,5.0
84861,640,4.0
84861,737,5.0
84861,748,5.0
84861,824,2.6666666666666665
84868,640,5.0
84868,748,5.0
84870,841,5.0
84875,481,3.0
84875,640,2.6666666666666665
84875,673,5.0
84875,737,4.0
84875,748,4.0
84875,841,5.0
84877,481,5.0
84877,640,4.0
84877,650,5.0
84877,673,3.5
84877,748,5.0
84877,841,1.0
84879,650,5.0
84880,640,4.0
84880,673,4.0
84880,748,4.0
84880,841,5.0
84881,640,4.0
84881,737,2.0
84881,824,5.0
84881,841,5.0
84884,841,5.0
84885,841,5.0
84886,748,4.0
84887,877,4.0
84887,888,4.0
84887,897,3.0
84888,369,3.0
84888,640,4.5
84888,824,5.0
84891,481,5.0
84891,640,4.5
84891,673,4.333333333333333
84891,749,5.0
84891,841,4.5
84894,841,5.0
84902,749,5.0
84904,640,5.0
84905,824,4.0
84907,640,4.0
84908,640,4.0
84908,737,5.0
84908,748,3.0
84908,749,3.0
84908,824,4.0
84909,369,1.0
84912,841,5.0
84919,673,3.0
84922,673,5.0
84923,640,5.0
84923,748,5.0
84926,640,5.0
84928,481,5.0
84928,640,3.0
84928,650,5.0
84928,737,4.0
84928,748,2.0
84928,824,3.0
84929,640,2.0
84929,737,2.0
84931,481,2.0
84933,640,4.0
84935,841,5.0
84936,841,5.0
84950,640,4.0
84951,749,4.0
84955,650,5.0
84972,841,5.0
84973,737,5.0
84974,650,3.0
84974,824,4.0
84975,650,4.0
84979,640,4.0
84983,640,4.0
84983,748,4.0
84984,737,4.0
84986,640,5.0
84988,748,4.0
84996,737,1.0
85000,650,3.0
85002,650,5.0
85006,650,3.0
85011,650,2.5
85014,841,5.0
85016,369,2.0
85017,841,5.0
85018,650,3.0
85018,841,5.0
85019,650,4.333333333333333
85021,650,3.0
85022,748,4.0
85024,737,4.0
85036,673,4.0
85051,640,5.0
85051,1297,3.0
85055,369,2.0
85059,824,5.0
85060,640,4.0
85063,737,5.0
85065,737,3.0
85067,640,5.0
85067,650,5.0
85071,748,4.0
85072,640,4.0
85072,841,5.0
85074,640,5.0
85076,640,4.0
85077,640,5.0
85077,841,5.0
85080,841,4.0
85081,748,3.0
85087,640,4.0
85088,640,4.0
85091,650,5.0
85092,640,5.0
85092,737,5.0
85094,640,5.0
85096,640,4.0
85096,748,5.0
85098,841,5.0
85100,640,5.0
85100,748,4.0
85103,737,4.0
85104,748,4.0
85104,749,5.0
85105,737,4.0
85106,824,3.0
85108,824,4.0
85113,481,5.0
85116,369,1.0
85118,640,5.0
85122,640,5.0
85124,824,4.0
85126,369,3.0
85127,841,5.0
85128,640,5.0
85129,640,5.0
85130,640,5.0
85130,748,5.0
85131,640,5.0
85132,824,5.0
85135,369,4.0
85137,650,4.0
85138,749,3.0
85141,640,4.5
85141,748,5.0
85141,749,5.0
85142,640,4.0
85143,640,4.0
85148,640,5.0
85148,748,3.0
85152,673,5.0
85162,640,3.0
85162,748,2.0
85163,737,4.0
85165,640,3.0
85169,640,5.0
85173,841,5.0
85174,640,5.0
85183,737,4.0
85183,748,1.0
85188,640,4.0
85189,841,5.0
85191,640,4.0
85193,748,5.0
85195,824,4.0
85199,888,5.0
85201,650,4.0
85203,369,4.0
85203,640,4.0
85203,650,4.0
85203,748,4.0
85203,841,4.0
85204,650,5.0
85206,481,5.0
85208,841,5.0
85213,841,4.0
85215,748,5.0
85215,841,5.0
85216,650,4.0
85217,369,5.0
85217,640,5.0
85217,748,4.0
85220,640,4.5
85220,650,5.0
85220,737,4.0
85220,748,5.0
85220,824,5.0
85220,841,4.0
85223,841,5.0
85225,640,4.0
85225,748,5.0
85225,749,5.0
85227,640,4.0
85227,841,4.0
85227,1297,3.5
85229,841,5.0
85237,640,5.0
85237,650,5.0
85239,841,5.0
85242,640,4.0
85242,650,4.0
85243,640,5.0
85243,737,5.0
85243,748,5.0
85243,824,5.0
85247,737,4.0
85248,640,5.0
85255,749,3.0
85261,640,5.0
85261,749,5.0
85265,650,5.0
85267,841,5.0
85268,841,5.0
85269,748,5.0
85271,824,5.0
85278,640,5.0
85281,640,3.0
85281,748,4.0
85284,640,5.0
85284,737,3.0
85287,737,4.0
85289,673,3.0
85291,737,5.0
85293,481,3.0
85294,737,5.0
85297,841,5.0
85299,650,5.0
85302,737,5.0
85305,640,5.0
85305,737,4.0
85307,640,4.5
85307,748,4.0
85310,824,5.0
85316,640,5.0
85316,737,5.0
85319,841,5.0
85321,737,5.0
85323,673,2.0
85325,841,5.0
85327,737,5.0
85328,937,3.0
85329,640,5.0
85330,640,4.0
85330,650,4.0
85330,673,3.0
85334,673,2.0
85335,650,4.0
85336,640,2.0
85336,748,5.0
85337,748,5.0
85337,749,5.0
85338,640,1.0
85343,673,3.0
85345,748,5.0
85346,369,5.0
85346,841,5.0
85350,640,4.0
85350,748,3.0
85351,640,5.0
85356,673,4.0
85357,369,3.0
85357,640,4.0
85358,748,5.0
85363,748,3.0
85365,737,3.0
85370,748,4.0
85370,749,3.0
85374,640,5.0
85380,737,4.0
85381,481,4.0
85389,841,5.0
85391,369,4.0
85391,824,4.0
85393,640,4.0
85394,640,4.0
85394,737,5.0
85397,640,4.0
85398,640,5.0
85399,748,4.0
85399,749,4.0
85404,640,3.0
85404,650,4.0
85408,673,3.0
85408,737,4.0
85419,640,5.0
85422,640,5.0
85422,673,4.0
85422,737,5.0
85422,749,4.0
85423,650,5.0
85425,749,4.0
85428,650,4.0
85428,841,5.0
85429,650,3.0
85430,737,5.0
85431,748,3.0
85433,824,2.0
85436,737,4.0
85438,640,4.0
85440,888,5.0
85441,824,3.0
85443,640,4.0
85444,841,5.0
85450,640,5.0
85450,748,3.0
85451,673,5.0
85459,640,5.0
85465,369,3.0
85467,841,5.0
85468,888,5.0
85469,841,5.0
85470,481,4.0
85477,841,4.0
85479,640,5.0
85480,841,5.0
85481,481,5.0
85486,841,5.0
85487,650,2.0
85489,650,3.0
85493,369,4.0
85494,640,5.0
85494,748,5.0
85495,640,3.0
85496,650,4.0
85497,749,4.0
85499,650,5.0
85499,673,1.0
85499,841,5.0
85500,640,4.0
85500,673,4.0
85501,369,4.0
85501,481,5.0
85501,841,4.666666666666667
85502,640,4.0
85503,824,5.0
85504,481,5.0
85504,650,5.0
85505,640,5.0
85505,673,5.0
85505,749,5.0
85508,748,2.0
85513,841,5.0
85514,841,5.0
85516,650,4.5
85516,824,5.0
85517,650,4.0
85520,640,4.0
85520,748,4.333333333333333
85521,640,3.0
85525,841,5.0
85529,1166,3.0
85532,640,5.0
85533,650,2.0
85537,824,4.0
85543,650,4.0
85544,640,5.0
85549,640,4.0
85553,640,3.0
85559,737,2.0
85562,481,3.0
85563,673,5.0
85564,481,5.0
85566,640,5.0
85566,749,5.0
85567,369,2.0
85570,640,5.0
85575,673,3.0
85579,841,5.0
85580,749,4.0
85581,640,4.0
85581,737,5.0
85581,748,5.0
85584,640,4.0
85585,481,4.0
85585,737,5.0
85585,748,5.0
85585,824,5.0
85586,673,5.0
85589,640,4.0
85593,748,5.0
85594,640,4.0
85595,640,2.0
85597,673,3.0
85597,748,4.0
85604,640,5.0
85607,369,4.0
85608,737,4.0
85609,640,4.0
85613,640,5.0
85615,748,5.0
85615,841,5.0
85623,640,5.0
85623,748,4.0
85628,650,4.0
85629,640,5.0
85634,640,5.0
85635,737,5.0
85636,841,5.0
85638,481,5.0
85642,737,4.0
85642,748,4.0
85644,640,5.0
85644,748,5.0
85645,640,5.0
85645,748,2.0
85646,673,3.0
85647,640,4.0
85647,824,2.0
85650,640,5.0
85651,748,3.0
85652,737,5.0
85653,640,4.0
85653,749,3.0
85654,1297,3.0
85655,737,5.0
85656,824,4.0
85657,824,4.0
85661,824,5.0
85663,748,5.0
85669,673,4.0
85670,640,4.0
85682,824,3.0
85685,841,5.0
85695,737,4.0
85696,673,4.0
85696,737,5.0
85696,824,5.0
85697,748,5.0
85702,640,4.0
85702,748,4.0
85704,640,5.0
85704,650,4.0
85705,640,4.0
85706,640,4.0
85706,824,4.0
85706,841,5.0
85712,841,2.0
85713,640,4.0
85715,841,5.0
85717,369,5.0
85721,640,4.0
85721,748,5.0
85729,749,3.0
85736,748,4.0
85739,841,5.0
85740,737,5.0
85741,369,5.0
85742,481,3.0
85742,640,4.0
85761,824,5.0
85771,369,5.0
85771,673,5.0
85771,1297,3.75
85772,824,5.0
85775,888,4.0
85776,369,5.0
85778,369,3.0
85783,748,5.0
85784,673,4.0
85785,650,2.0
85786,640,3.6666666666666665
85786,841,5.0
85790,824,5.0
85792,737,4.0
85793,640,5.0
85793,673,4.0
85793,748,4.0
85793,749,4.0
85795,640,5.0
85798,841,5.0
85804,640,4.0
85804,748,4.0
85807,748,5.0
85812,640,5.0
85812,650,2.0
85812,824,3.0
85812,841,4.0
85814,481,4.0
85815,640,4.0
85815,737,4.0
85817,369,1.0
85819,975,4.0
85822,640,3.0
85824,824,5.0
85825,748,5.0
85826,841,5.0
85827,748,5.0
85828,650,4.0
85830,640,4.0
85831,650,4.0
85832,640,5.0
85832,748,5.0
85836,640,5.0
85836,1297,4.0
85839,841,5.0
85841,913,4.0
85843,824,4.0
85845,748,3.0
85845,749,3.0
85847,369,4.0
85847,640,4.5
85847,737,3.0
85847,748,4.333333333333333
85847,749,3.0
85849,650,5.0
85850,673,4.0
85851,369,2.0
85857,640,4.0
85859,748,4.0
85859,749,3.0
85860,650,5.0
85860,673,4.0
85862,748,4.0
85871,640,5.0
85878,369,3.0
85879,749,4.0
85879,1166,3.0
85882,640,5.0
85888,841,5.0
85889,640,5.0
85890,748,4.0
85891,481,5.0
85896,640,3.0
85899,369,2.0
85900,640,4.0
85900,673,4.0
85902,640,4.0
85902,748,3.0
85906,841,5.0
85907,369,5.0
85908,640,5.0
85909,673,5.0
85910,640,3.0
85913,640,5.0
85914,481,5.0
85916,481,3.0
85918,888,2.0
85919,673,4.0
85922,737,5.0
85922,824,5.0
85926,673,5.0
85927,369,3.0
85927,640,5.0
85930,640,4.0
85930,748,3.0
85931,749,4.0
85934,749,2.0
85938,841,1.0
85940,824,4.0
85942,481,5.0
85943,824,5.0
85945,841,5.0
85950,748,5.0
85952,841,5.0
85952,1171,4.5
85954,748,5.0
85955,640,5.0
85956,640,5.0
85958,841,5.0
85960,748,5.0
85960,749,4.0
85966,737,4.0
85970,841,4.0
85972,841,4.0
85973,841,4.0
85977,369,5.0
85979,737,5.0
85980,640,5.0
85981,481,4.0
85982,650,5.0
85984,650,5.0
85985,369,2.0
85987,640,3.0
85988,841,5.0
85995,975,4.0
85997,481,5.0
86001,369,4.0
86003,947,5.0
86009,748,5.0
86009,824,3.0
86012,640,4.0
86015,640,5.0
86019,369,3.0
86021,1171,4.142857142857143
86027,650,4.0
86032,640,3.0
86033,841,5.0
86035,673,5.0
86043,1171,2.0
86046,640,5.0
86046,841,5.0
86047,824,5.0
86049,749,4.0
86051,640,4.0
86052,640,5.0
86054,640,4.5
86054,748,5.0
86054,749,5.0
86054,824,4.0
86057,841,5.0
86060,824,5.0
86068,1297,5.0
86069,824,4.0
86071,1133,4.0
86083,650,5.0
86083,673,3.0
86083,737,5.0
86092,841,5.0
86093,841,4.0
86094,650,5.0
86094,737,4.0
86096,640,4.0
86100,369,2.0
86101,841,5.0
86103,748,3.0
86107,673,5.0
86117,737,5.0
86119,640,5.0
86123,1137,4.5
86126,737,3.0
86127,650,3.0
86127,748,4.0
86128,841,5.0
86129,640,4.0
86132,650,4.0
86133,640,4.0
86143,481,3.0
86143,841,4.0
86147,640,4.0
86147,824,5.0
86149,481,3.0
86152,369,3.0
86154,841,4.0
86156,640,5.0
86158,640,5.0
86161,650,5.0
86165,824,4.0
86167,737,5.0
86167,749,5.0
86170,640,4.0
86171,640,5.0
86173,749,3.0
86174,824,2.0
86179,481,4.0
86182,841,5.0
86189,673,4.0
86193,737,5.0
86196,841,5.0
86199,749,4.0
86207,640,3.0
86210,737,5.0
86210,748,5.0
86211,824,4.0
86215,481,3.0
86216,673,4.0
86218,369,3.0
86218,737,3.0
86220,640,5.0
86221,841,4.0
86224,749,3.0
86225,640,4.0
86225,748,4.0
86225,749,4.0
86227,369,5.0
86227,841,5.0
86229,673,4.0
86231,640,3.0
86231,650,3.0
86236,369,3.0
86239,1297,3.0
86241,640,5.0
86241,673,4.0
86243,737,4.0
86243,749,4.0
86243,824,5.0
86244,841,5.0
86245,841,5.0
86250,640,4.0
86251,824,4.0
86258,640,3.0
86258,748,5.0
86267,841,5.0
86268,841,5.0
86271,737,4.0
86271,841,5.0
86273,640,3.0
86274,640,5.0
86275,640,5.0
86276,369,5.0
86277,650,2.0
86278,640,5.0
86282,640,4.0
86283,640,5.0
86284,650,5.0
86286,841,5.0
86288,640,3.0
86289,481,5.0
86289,673,5.0
86290,640,5.0
86290,841,5.0
86293,650,5.0
86298,673,5.0
86300,640,4.0
86302,640,3.0
86302,841,4.0
86305,640,4.0
86305,748,4.0
86306,369,3.0
86313,673,5.0
86314,640,5.0
86314,748,5.0
86316,481,3.0
86317,640,3.0
86317,888,5.0
86318,888,5.0
86318,920,4.0
86321,640,5.0
86322,749,5.0
86323,1166,4.0
86329,640,4.0
86332,369,2.0
86332,640,4.5
86332,650,1.0
86332,824,4.0
86333,481,5.0
86336,640,5.0
86338,640,5.0
86345,824,5.0
86346,737,5.0
86348,481,2.0
86348,640,5.0
86348,749,4.0
86349,748,4.0
86350,640,4.0
86350,737,5.0
86350,748,4.0
86355,640,5.0
86355,824,3.0
86356,673,3.0
86357,650,1.0
86360,640,5.0
86360,650,3.0
86360,673,4.0
86361,737,5.0
86362,640,5.0
86363,369,2.0
86367,841,3.0
86368,481,5.0
86368,640,4.0
86368,748,4.0
86368,824,4.0
86369,824,4.0
86370,640,3.0
86370,673,5.0
86370,748,5.0
86375,640,5.0
86384,737,5.0
86389,841,5.0
86395,640,4.0
86395,737,4.0
86395,748,4.0
86398,650,5.0
86398,1220,5.0
86399,748,4.0
86400,748,2.0
86400,824,4.0
86405,824,4.0
86406,640,4.0
86406,737,4.0
86407,824,2.3333333333333335
86407,841,5.0
86408,841,5.0
86409,640,4.0
86409,737,4.0
86411,369,5.0
86414,737,5.0
86422,640,3.0
86424,369,4.0
86427,640,4.0
86427,748,2.0
86427,1220,5.0
86430,841,4.0
86431,673,3.0
86436,749,5.0
86437,640,3.0
86445,748,4.0
86447,481,5.0
86448,748,4.0
86452,650,4.0
86452,748,5.0
86458,481,3.0
86458,640,5.0
86458,824,5.0
86459,749,5.0
86461,481,4.0
86467,481,3.0
86470,748,3.0
86471,640,4.0
86471,673,3.0
86480,748,3.0
86486,841,5.0
86488,824,4.0
86489,640,4.0
86490,640,4.0
86490,748,4.0
86491,640,4.0
86494,640,3.0
86494,748,5.0
86495,640,5.0
86497,640,5.0
86497,650,4.0
86506,640,3.0
86506,673,3.0
86509,673,3.0
86510,640,3.3333333333333335
86510,737,2.0
86512,640,4.0
86519,640,4.0
86520,640,4.0
86520,749,3.0
86523,841,5.0
86532,841,5.0
86534,640,3.0
86534,748,5.0
86535,650,3.0
86537,640,5.0
86537,650,4.0
86537,748,4.0
86537,841,5.0
86538,369,4.5
86538,640,5.0
86538,673,5.0
86538,749,4.0
86538,841,4.0
86539,673,4.0
86539,748,5.0
86539,841,5.0
86542,640,4.0
86542,748,5.0
86545,824,5.0
86550,640,5.0
86551,650,4.0
86551,748,3.0
86551,841,3.0
86559,369,1.0
86559,640,4.0
86559,650,4.0
86564,640,3.0
86564,748,2.0
86566,748,4.0
86567,640,4.0
86567,749,4.0
86570,640,4.0
86570,748,5.0
86576,824,4.0
86579,824,4.0
86580,640,5.0
86580,737,3.0
86580,824,5.0
86581,369,5.0
86581,481,5.0
86587,737,3.0
86589,640,4.0
86589,737,5.0
86594,824,4.0
86597,640,4.0
86598,748,3.0
86600,640,2.0
86603,640,5.0
86609,888,4.0
86609,1171,5.0
86611,748,1.0
86612,737,5.0
86614,369,4.0
86614,673,1.0
86619,737,4.0
86619,824,5.0
86625,737,4.0
86631,650,5.0
86633,640,4.0
86633,748,5.0
86634,841,5.0
86636,640,5.0
86640,640,4.75
86640,748,4.5
86647,841,5.0
86655,748,5.0
86655,749,3.0
86656,824,5.0
86662,369,4.0
86662,749,5.0
86665,369,1.0
86667,1137,5.0
86670,640,5.0
86670,650,3.0
86671,673,4.0
86681,824,4.0
86681,841,5.0
86682,640,4.0
86682,748,4.0
86682,1225,3.0
86683,824,5.0
86684,640,5.0
86684,673,4.0
86684,841,5.0
86686,640,4.5
86691,824,5.0
86699,748,3.0
86701,481,5.0
86701,824,4.0
86702,824,4.0
86705,841,5.0
86706,841,5.0
86708,650,2.0
86710,640,1.0
86715,640,4.0
86721,369,5.0
86721,841,4.0
86722,369,1.0
86722,640,5.0
86722,748,5.0
86724,640,3.0
86724,824,4.0
86726,748,3.0
86729,640,4.0
86729,1166,5.0
86734,841,5.0
86737,640,5.0
86738,640,4.0
86739,481,4.0
86739,748,3.0
86742,640,5.0
86747,369,4.0
86747,640,4.333333333333333
86747,748,3.0
86747,749,2.0
86747,841,5.0
86750,841,5.0
86751,640,4.0
86757,369,2.0
86757,673,3.0
86762,824,4.0
86765,369,4.666666666666667
86765,640,4.0
86765,737,3.0
86766,1166,5.0
86769,640,5.0
86770,369,1.0
86772,369,1.0
86772,640,4.5
86775,481,5.0
86778,640,4.0
86779,841,5.0
86784,640,4.0
86785,640,3.0
86787,824,5.0
86787,841,5.0
86788,650,1.0
86788,737,4.0
86791,673,5.0
86792,673,5.0
86794,640,4.0
86797,748,5.0
86803,640,3.0
86804,640,5.0
86810,748,3.0
86815,650,5.0
86816,650,4.0
86826,737,4.0
86828,1220,5.0
86830,748,4.0
86832,841,5.0
86832,1297,4.0
86837,749,3.0
86844,640,5.0
86848,640,4.0
86851,737,4.0
86851,824,4.0
86856,640,4.0
86856,748,3.0
86860,640,5.0
86861,748,3.0
86874,947,4.0
86877,1297,2.3333333333333335
86880,369,1.0
86880,841,5.0
86881,1171,3.3333333333333335
86883,481,3.0
86884,640,5.0
86884,748,5.0
86887,640,5.0
86895,640,5.0
86896,841,5.0
86900,369,4.0
86900,841,4.0
86905,640,5.0
86907,640,4.0
86909,841,4.0
86911,748,1.0
86913,640,4.0
86914,673,5.0
86918,748,5.0
86919,640,5.0
86921,481,4.0
86921,673,1.0
86921,737,5.0
86927,748,5.0
86928,841,5.0
86934,841,5.0
86945,841,5.0
86946,481,5.0
86946,640,5.0
86955,640,5.0
86971,640,5.0
86971,748,2.0
86977,748,5.0
86983,748,5.0
86984,841,5.0
86985,640,4.0
86985,737,4.0
86985,748,4.0
86985,824,4.0
86992,841,5.0
86999,673,1.0
87000,640,5.0
87000,737,5.0
87001,640,5.0
87002,650,5.0
87006,369,2.0
87006,737,3.0
87008,640,5.0
87013,650,4.0
87014,640,3.0
87015,640,5.0
87015,748,5.0
87015,749,4.0
87016,481,3.0
87021,737,5.0
87022,841,4.0
87023,369,5.0
87023,749,5.0
87023,888,4.0
87023,1171,3.5
87024,650,5.0
87025,369,5.0
87036,737,5.0
87036,824,5.0
87039,369,4.0
87043,841,5.0
87044,369,5.0
87044,888,5.0
87044,913,4.0
87045,481,5.0
87049,673,4.0
87049,737,4.0
87049,748,4.0
87049,824,5.0
87052,841,3.0
87053,369,2.0
87055,369,4.0
87068,640,5.0
87069,673,4.0
87070,369,4.0
87075,841,5.0
87078,481,5.0
87081,673,5.0
87082,481,5.0
87082,640,5.0
87082,737,4.0
87082,824,4.0
87084,481,5.0
87087,673,4.0
87092,640,5.0
87093,481,4.0
87093,749,4.0
87093,824,4.0
87094,824,4.0
87095,481,4.0
87100,737,2.0
87100,1297,3.3333333333333335
87103,481,5.0
87103,824,5.0
87107,737,4.0
87110,673,4.0
87112,841,5.0
87114,640,5.0
87114,737,5.0
87114,748,5.0
87114,824,5.0
87118,650,2.0
87120,640,5.0
87120,841,5.0
87122,640,4.0
87123,640,4.0
87123,748,4.0
87128,748,5.0
87128,749,3.0
87132,640,5.0
87135,673,5.0
87135,748,4.0
87140,737,3.0
87141,640,5.0
87145,748,4.0
87150,369,3.0
87152,841,4.0
87157,841,5.0
87158,673,5.0
87159,748,3.0
87163,650,5.0
87170,640,4.0
87173,748,4.0
87177,369,4.0
87177,640,4.0
87177,650,5.0
87177,748,4.0
87177,937,4.0
87178,640,3.0
87181,640,3.0
87182,841,5.0
87184,748,4.0
87185,640,5.0
87186,481,4.0
87189,640,4.0
87189,841,4.0
87191,841,5.0
87193,949,4.0
87193,1278,4.0
87196,824,4.0
87198,369,5.0
87199,1220,3.3333333333333335
87200,369,5.0
87202,640,5.0
87202,650,3.0
87202,748,5.0
87203,640,4.0
87205,640,4.0
87205,650,4.0
87206,481,3.0
87206,748,3.0
87208,824,5.0
87208,1278,4.5
87213,640,5.0
87215,737,5.0
87218,481,4.0
87229,640,3.0
87229,748,3.0
87233,888,5.0
87233,937,4.0
87235,841,5.0
87237,824,5.0
87240,877,4.0
87247,748,4.0
87247,749,4.0
87248,481,5.0
87251,650,4.0
87252,737,5.0
87254,824,5.0
87255,640,4.0
87257,369,1.0
87259,673,2.0
87260,640,5.0
87260,748,5.0
87260,749,4.0
87268,640,5.0
87276,824,3.0
87280,640,5.0
87282,824,3.0
87283,673,5.0
87283,1171,5.0
87285,481,4.0
87285,841,5.0
87289,640,4.0
87292,640,4.0
87302,481,4.0
87304,640,4.0
87306,737,4.0
87307,481,5.0
87307,748,4.0
87308,975,5.0
87309,824,5.0
87310,673,5.0
87313,640,5.0
87313,748,5.0
87320,369,2.0
87324,673,5.0
87326,937,5.0
87328,640,5.0
87334,841,4.0
87335,640,5.0
87345,824,5.0
87357,748,4.0
87357,824,5.0
87359,369,3.0
87361,640,5.0
87361,748,4.0
87363,650,5.0
87363,1171,4.0
87365,748,4.0
87365,824,4.0
87369,640,5.0
87370,640,5.0
87370,673,3.0
87370,737,5.0
87370,824,5.0
87370,841,5.0
87374,748,4.0
87376,640,5.0
87387,888,5.0
87387,897,4.0
87387,920,5.0
87387,937,2.0
87394,748,5.0
87399,947,5.0
87401,824,5.0
87402,749,5.0
87411,824,5.0
87413,841,5.0
87420,975,5.0
87430,369,2.0
87443,841,5.0
87444,640,5.0
87444,737,5.0
87444,824,5.0
87444,841,5.0
87445,841,4.0
87450,928,4.0
87453,737,5.0
87456,640,5.0
87462,824,5.0
87462,1166,5.0
87463,949,3.0
87465,369,3.0
87468,650,4.0
87470,888,4.0
87484,841,5.0
87484,1171,4.0
87486,640,5.0
87490,640,4.0
87490,748,5.0
87491,640,3.0
87498,841,5.0
87501,748,5.0
87501,749,3.0
87502,640,5.0
87502,749,5.0
87502,841,4.333333333333333
87506,650,5.0
87510,640,4.0
87516,640,5.0
87527,640,4.0
87528,841,4.0
87532,888,4.0
87536,650,4.0
87538,824,4.0
87541,824,4.0
87542,481,4.0
87551,888,5.0
87551,947,5.0
87556,369,3.0
87556,481,4.0
87556,749,3.0
87556,1166,3.3333333333333335
87559,841,4.0
87560,640,5.0
87561,640,5.0
87563,749,3.0
87566,640,4.0
87567,640,3.0
87570,888,4.0
87576,640,4.0
87576,737,5.0
87576,748,4.0
87578,650,5.0
87578,673,3.0
87578,737,4.0
87578,824,5.0
87581,640,5.0
87581,824,4.0
87582,748,5.0
87584,650,4.0
87585,824,4.0
87587,748,1.0
87589,749,4.0
87592,748,4.0
87596,841,5.0
87598,650,5.0
87600,841,5.0
87602,640,4.0
87606,650,5.0
87607,640,4.0
87611,824,5.0
87611,841,4.0
87612,640,5.0
87612,748,5.0
87617,640,5.0
87618,737,5.0
87618,824,5.0
87619,748,3.0
87622,748,5.0
87622,749,4.0
87626,841,5.0
87627,749,4.0
87631,640,3.0
87631,650,5.0
87631,737,5.0
87635,673,5.0
87641,640,5.0
87642,640,4.0
87642,650,4.0
87642,749,4.0
87642,841,5.0
87646,640,5.0
87655,640,1.0
87655,673,3.0
87656,737,5.0
87657,737,1.0
87658,824,4.0
87659,640,3.0
87659,650,4.5
87659,673,5.0
87659,737,5.0
87659,824,4.0
87661,369,3.0
87661,640,4.0
87661,673,4.0
87661,748,5.0
87661,841,4.5
87670,841,5.0
87671,640,5.0
87671,650,5.0
87672,748,5.0
87672,749,3.0
87672,841,2.0
87676,640,4.0
87678,640,4.0
87680,640,4.0
87680,737,3.0
87680,749,4.0
87680,824,5.0
87682,640,5.0
87682,841,3.0
87683,1238,5.0
87692,737,5.0
87692,824,4.0
87693,737,5.0
87694,640,4.0
87695,640,4.0
87704,369,1.0
87704,640,4.0
87708,841,4.0
87709,640,5.0
87710,824,5.0
87711,824,4.0
87713,640,3.0
87719,748,5.0
87723,650,5.0
87724,640,4.0
87733,737,2.0
87734,640,5.0
87739,369,3.0
87739,650,3.0
87740,937,3.0
87740,947,5.0
87740,1166,4.333333333333333
87745,748,3.0
87745,749,3.0
87749,640,5.0
87749,748,5.0
87753,640,5.0
87753,749,5.0
87753,841,5.0
87755,640,5.0
87756,748,5.0
87765,650,3.3333333333333335
87765,748,3.0
87769,888,4.0
87769,1220,4.0
87770,640,5.0
87770,841,4.0
87771,749,4.0
87772,640,4.0
87775,737,4.0
87776,640,4.0
87777,824,5.0
87780,369,5.0
87780,824,5.0
87781,749,5.0
87784,748,5.0
87785,640,4.0
87792,640,5.0
87795,640,5.0
87795,650,5.0
87795,673,4.0
87795,748,4.0
87810,841,5.0
87812,841,5.0
87814,737,4.0
87815,640,5.0
87823,640,5.0
87826,748,4.0
87827,640,4.0
87835,841,5.0
87837,640,4.0
87837,749,4.0
87844,640,4.0
87846,640,5.0
87848,640,5.0
87852,640,5.0
87853,748,5.0
87857,737,4.0
87861,481,4.0
87861,824,4.0
87875,640,5.0
87875,737,4.0
87878,824,5.0
87879,737,5.0
87880,673,2.0
87883,640,5.0
87884,640,4.0
87889,824,5.0
87891,481,3.0
87894,640,4.0
87894,748,4.0
87899,841,4.0
87901,640,5.0
87902,841,4.0
87904,841,5.0
87907,824,4.0
87908,369,4.0
87910,481,5.0
87911,640,5.0
87913,824,3.0
87922,737,5.0
87924,640,5.0
87926,481,3.0
87932,640,5.0
87935,640,3.0
87937,824,4.0
87940,748,5.0
87941,640,4.0
87947,369,4.0
87948,748,4.0
87948,749,2.0
87948,1166,4.0
87951,748,3.0
87952,369,3.0
87952,737,4.0
87952,824,5.0
87954,640,5.0
87956,673,1.0
87957,673,4.0
87958,888,5.0
87962,369,3.0
87962,640,5.0
87962,737,5.0
87963,1238,4.666666666666667
87964,673,4.0
87964,841,4.0
87974,841,5.0
87979,749,5.0
87985,640,3.0
87985,748,5.0
87989,824,4.0
87992,481,5.0
87993,748,5.0
87993,841,5.0
87996,640,4.0
87996,650,5.0
87997,640,4.0
87997,748,5.0
87997,824,2.0
88001,369,4.0
88001,737,5.0
88002,369,3.0
88003,749,5.0
88004,640,5.0
88027,640,3.0
88028,369,3.0
88028,841,5.0
88030,369,4.0
88032,824,5.0
88035,640,5.0
88037,640,5.0
88037,650,5.0
88042,640,5.0
88049,640,5.0
88049,748,4.0
88049,749,5.0
88049,824,4.0
88049,841,5.0
88053,640,4.0
88057,841,4.0
88058,369,1.0
88065,369,4.0
88067,640,4.0
88071,824,4.0
88075,824,2.0
88076,673,4.0
88078,640,5.0
88085,640,2.0
88095,640,2.0
88096,640,5.0
88097,841,5.0
88099,673,5.0
88103,640,3.0
88106,737,5.0
88106,824,3.0
88112,1297,4.5
88118,1166,5.0
88119,481,5.0
88120,640,2.0
88121,650,3.0
88125,369,5.0
88125,841,4.0
88129,640,2.0
88130,1171,4.0
88132,369,5.0
88132,737,5.0
88135,824,5.0
88139,640,3.0
88140,369,2.0
88140,749,4.0
88143,369,4.0
88143,737,4.0
88143,1137,4.0
88144,640,3.0
88145,748,3.0
88146,841,5.0
88159,640,4.0
88159,748,2.0
88159,749,3.0
88161,737,4.0
88162,481,4.0
88164,640,5.0
88164,650,3.0
88164,748,4.0
88165,888,5.0
88166,640,4.0
88168,640,5.0
88170,369,2.5
88170,640,4.0
88170,673,4.0
88175,640,3.0
88177,640,2.0
88178,640,3.0
88179,748,2.0
88185,369,4.0
88185,737,5.0
88185,748,4.0
88185,824,5.0
88185,841,3.0
88187,824,5.0
88189,640,4.0
88189,650,3.0
88190,748,5.0
